0.02173247347275416,"[1.42847052 1.4362895  1.4463572  1.44821919 1.43849348 1.4660871
 1.44250009 1.41661797 1.36609549 1.33138259 1.28371728 1.29818919
 1.20416599 1.15933988 1.10472372 1.01662909 0.9421767  0.84630505
 0.76908579 0.67682523 0.58729048 0.4727588  0.36131379 0.35985928
 0.3983756 ]","[1.65461031 1.59023436 1.55383821 1.53274895 1.51800904 1.5038575
 1.47534006 1.44626818 1.43399933 1.39949319 1.34607833 1.29650892
 1.24552077 1.1878474  1.11627695 1.0518459  0.95120199 0.86992413
 0.78431175 0.68523929 0.58608011 0.48817396 0.40938692 0.38235918
 0.45892931]","[1.4117351  1.30216395 1.2206152  1.14894541 1.11455263 1.05603139
 0.98615857 0.91188015 0.78511634 0.7085539  0.6048441  0.49577447
 0.40702865 0.37562105 0.43748681 0.57384538 0.73259568 0.83184942
 0.93457707 1.01742683 1.08241857 1.15080908 1.2183975  1.28389068
 1.30124578]",0.008200677,0.0015685414,mean_absolute_error_optimizers.Nadam-lr=0.001
0.017866054157416027,"[1.42271963 1.43310968 1.43497402 1.42482    1.41108039 1.40333332
 1.40244207 1.34146328 1.25891299 1.22636774 1.17638362 1.13129212
 1.0899165  1.0438268  1.01320077 0.95691678 0.89601114 0.81855448
 0.72260935 0.63645542 0.54591456 0.44957504 0.3644237  0.31932944
 0.35451224]","[1.67135908 1.60503897 1.55959718 1.5278775  1.50420093 1.48522217
 1.45396505 1.42339017 1.41135737 1.37876069 1.32861041 1.28296702
 1.23656448 1.18347001 1.11751537 1.05959616 0.96506719 0.89136461
 0.81168967 0.72053174 0.62599608 0.52365761 0.43301568 0.3934315
 0.45737073]","[1.41056871 1.30125661 1.21466314 1.16574935 1.10703639 1.05139414
 0.98444649 0.91505398 0.79353593 0.7170647  0.61112094 0.49654803
 0.39756092 0.34611539 0.38994721 0.52683    0.68955252 0.79207292
 0.89689973 0.98425206 1.05277725 1.12212864 1.19364141 1.26056392
 1.27517201]",0.008080259,0.0016440261,mean_absolute_error_optimizers.Nadam-lr=0.001
0.016722394555807114,"[1.33646346 1.35916856 1.42167891 1.407888   1.4089238  1.39127896
 1.37747582 1.35038432 1.34232793 1.27741091 1.2446318  1.19513437
 1.15229669 1.0801233  1.0535513  0.97591718 0.91392231 0.83419742
 0.7569641  0.72269107 0.58129766 0.50273112 0.43467115 0.39486191
 0.42490586]","[1.70283692 1.63046315 1.57831223 1.54007786 1.51150771 1.48815149
 1.45218585 1.41770118 1.40397193 1.37078119 1.32023744 1.27384319
 1.22664174 1.17259731 1.10634181 1.04983754 0.95849227 0.88829959
 0.81063904 0.7206059  0.62869261 0.53062458 0.44437637 0.40110569
 0.46368087]","[1.42545015 1.31216958 1.22012747 1.14125017 1.07997986 1.01978609
 0.94494067 0.91023735 0.79272714 0.71952144 0.61890392 0.50738655
 0.40990454 0.35312283 0.38752043 0.52237259 0.68625147 0.78977863
 0.8954791  0.98174134 1.04962395 1.11886666 1.18977115 1.25549673
 1.26857495]",0.008678567,0.0018360046,mean_absolute_error_optimizers.Nadam-lr=0.001
0.015844048296411832,"[1.27653757 1.28151653 1.26507139 1.24911568 1.24088307 1.23856666
 1.21010554 1.20919763 1.20828246 1.17101059 1.14395608 1.11171165
 1.07920289 1.0414578  0.97473922 0.94043414 0.960915   0.9129085
 0.85800225 0.7773039  0.70782399 0.60991625 0.54295794 0.51179583
 0.54598403]","[1.72987891 1.65590173 1.5960647  1.54973736 1.51476218 1.48622283
 1.44713459 1.40982756 1.39171165 1.35807849 1.30586498 1.26162916
 1.21570345 1.16354623 1.09836134 1.04158012 0.95518282 0.89765449
 0.83199512 0.75650144 0.6796373  0.59701251 0.53290057 0.50038458
 0.55763971]","[1.42962176 1.31718046 1.22012488 1.13582889 1.07033319 1.00873353
 0.93604124 0.87438615 0.82728696 0.75990343 0.66636807 0.57043393
 0.48894597 0.4408528  0.47458113 0.59973562 0.68578564 0.81048303
 0.91286688 0.99734243 1.06462891 1.11536366 1.18212331 1.24708755
 1.33190464]",0.010109354,0.0022635874,mean_absolute_error_optimizers.Nadam-lr=0.001
0.01469195878257354,"[1.11029722 1.07936529 1.01702232 1.00622514 0.93332362 0.88508322
 0.8486404  0.82417038 0.80739947 0.79356026 0.78230794 0.76493854
 0.75354487 0.74235075 0.73421241 0.72263509 0.71144677 0.69504311
 0.66020842 0.59997516 0.52830847 0.45150291 0.38889071 0.36493605
 0.41197524]","[1.55609341 1.48843367 1.43428863 1.39009201 1.35655091 1.33061693
 1.2972381  1.26672983 1.25041366 1.22084559 1.17389455 1.13221002
 1.08468539 1.03436162 0.97729934 0.93565174 0.86194818 0.80695534
 0.74482981 0.67396407 0.60080471 0.52372738 0.46431428 0.44839586
 0.51876979]","[1.34159266 1.25574175 1.18996908 1.13393227 1.09560356 1.06387614
 1.02717029 1.00003333 0.98745268 0.95731597 0.90506044 0.83686687
 0.74797451 0.65718656 0.60611814 0.65222998 0.69890763 0.80370744
 0.89973048 0.98383681 1.05314251 1.10740839 1.17164203 1.23855136
 1.32488035]",0.011871851,0.0028996028,mean_absolute_error_optimizers.Nadam-lr=0.001
0.012784569916625818,"[1.246208   1.12297752 1.11465003 1.06250532 0.91904869 0.83766345
 0.79881229 0.77056598 0.79082148 0.77704479 0.7744045  0.77162897
 0.75916986 0.76947637 0.8144557  0.83056769 0.82338758 0.79130661
 0.75116569 0.71135563 0.65190809 0.60454983 0.52195241 0.481395
 0.51616842]","[1.34791779 1.27927672 1.24824568 1.18960848 1.14305355 1.1098837
 1.03934959 1.00937602 0.99538659 0.97203264 0.93645104 0.91304233
 0.89222422 0.87363095 0.8503994  0.84474668 0.79776817 0.76113816
 0.7165235  0.65473731 0.58663483 0.50799954 0.44426948 0.42249439
 0.48877321]","[1.23996491 1.15354644 1.0866817  1.03205569 1.00199848 0.98282402
 0.96255455 0.95592055 0.96408716 0.95436475 0.91653534 0.86317516
 0.79306786 0.72003121 0.670891   0.70122438 0.72653542 0.81466316
 0.90004845 0.9773241  1.04257038 1.09246592 1.15916105 1.22844971
 1.31430304]",0.013907103,0.0030423314,mean_absolute_error_optimizers.Nadam-lr=0.001
0.011356887223819891,"[1.07893717 1.01382299 0.93240019 0.87241377 0.81738087 0.75007819
 0.71642596 0.6784945  0.63378425 0.6075103  0.58168812 0.57779533
 0.58560443 0.61088659 0.63072154 0.64741463 0.65550274 0.60966848
 0.60973112 0.56677433 0.51639648 0.45883441 0.40697323 0.37510772
 0.41768261]","[1.23579252 1.163641   1.12985058 1.06584703 1.01262301 0.93731602
 0.89397874 0.85701019 0.84133606 0.81509368 0.78688049 0.77609697
 0.77273924 0.77032161 0.76133638 0.77058141 0.734254   0.71187919
 0.6772528  0.62682568 0.5691448  0.50049828 0.45120744 0.43185759
 0.4891585 ]","[1.16359853 1.07056173 0.99860634 0.94076567 0.91040542 0.89723026
 0.89055034 0.89777592 0.92299417 0.93035451 0.9233949  0.90755292
 0.87728973 0.83749046 0.80322916 0.81831817 0.81932172 0.88520423
 0.95415924 1.02021974 1.07863958 1.12499536 1.1930307  1.25975961
 1.34204037]",0.0133227175,0.0030930524,mean_absolute_error_optimizers.Nadam-lr=0.001
0.010421083482603233,"[0.91909307 0.86853673 0.82342197 0.76955733 0.71857671 0.67197693
 0.62840572 0.60256868 0.58716255 0.58630969 0.59189766 0.61487407
 0.59424338 0.60575255 0.6131976  0.60727328 0.58943009 0.57515609
 0.56071044 0.53909055 0.51077052 0.48222834 0.45615274 0.45473848
 0.49858884]","[1.17615391 1.09749468 1.05478578 0.97938548 0.91745857 0.87087137
 0.79370129 0.76286843 0.75766151 0.74569703 0.73397633 0.73687418
 0.73720048 0.73403091 0.72726949 0.74088022 0.70871709 0.6977667
 0.67811567 0.64201761 0.59996754 0.55392141 0.53176598 0.52963225
 0.58252362]","[1.09977239 1.00394992 0.92948286 0.86783957 0.83712615 0.82854274
 0.83272456 0.85508285 0.8974929  0.9270805  0.94560959 0.9604349
 0.96445026 0.95821423 0.94855704 0.96272092 0.94484794 0.985214
 1.02596037 1.06548913 1.10253573 1.13553027 1.1990052  1.26215265
 1.34338528]",0.012834439,0.0032755795,mean_absolute_error_optimizers.Nadam-lr=0.001
0.009606141279141108,"[1.07911179 0.94012698 0.8796643  0.8546371  0.74058462 0.6916381
 0.64768598 0.62109778 0.60692653 0.54292308 0.54553355 0.5491431
 0.55139552 0.5538239  0.5663362  0.63577716 0.64888805 0.67768701
 0.6561935  0.71784866 0.6868241  0.64379254 0.60137938 0.56816082
 0.60216583]","[1.13764245 1.05983878 1.01575126 0.93812873 0.87475284 0.79222754
 0.7508242  0.72457411 0.72300858 0.71564994 0.70523608 0.7080555
 0.70895481 0.70707626 0.69290831 0.69865207 0.66164506 0.64049345
 0.60790241 0.56272826 0.51526592 0.4615837  0.42870199 0.42392291
 0.48541966]","[1.03804713 0.93562367 0.8551877  0.78622656 0.74694765 0.73118248
 0.72838877 0.74522957 0.78133936 0.80028481 0.80872629 0.81185494
 0.80228142 0.78439576 0.76881996 0.7977313  0.80307169 0.87031756
 0.93519229 0.9989623  1.05767388 1.10371316 1.1783451  1.24518573
 1.32439651]",0.01543041,0.005108096,mean_absolute_error_optimizers.Nadam-lr=0.001
0.008943797868986924,"[0.72512403 0.67034297 0.61060011 0.60582749 0.5283919  0.48107591
 0.44729376 0.42256318 0.41582149 0.40662204 0.43072738 0.44399899
 0.43166516 0.4471104  0.45638533 0.49982755 0.49287134 0.48383491
 0.46478099 0.40321471 0.37784889 0.34725005 0.3022602  0.29311881
 0.33831477]","[1.08879179 1.00111571 0.91917756 0.83912487 0.77290081 0.72396211
 0.68580321 0.66592045 0.67328589 0.67734492 0.67616694 0.68546431
 0.68947126 0.68729556 0.67717614 0.68469271 0.6544353  0.63895069
 0.61315818 0.57715005 0.53704398 0.49053601 0.46616989 0.46390326
 0.52360486]","[1.01231149 0.90742591 0.82694546 0.7606142  0.72527527 0.71376509
 0.71507817 0.73294043 0.76947431 0.79286167 0.80719825 0.81970807
 0.82154313 0.81488856 0.81335219 0.84787524 0.85461466 0.91179755
 0.96415541 1.01609583 1.06516112 1.10498322 1.1763721  1.24172549
 1.31939078]",0.0133017665,0.0035940914,mean_absolute_error_optimizers.Nadam-lr=0.001
0.008466964929054181,"[0.75204809 0.65027845 0.58092169 0.52795224 0.47309252 0.4305155
 0.40120768 0.37351281 0.36275316 0.37088972 0.38433579 0.34321052
 0.34813967 0.35474152 0.38667127 0.39830604 0.41116306 0.40726352
 0.38930946 0.36944079 0.35095365 0.31743485 0.28782491 0.36774371
 0.3488076 ]","[1.03843687 0.94216794 0.85481594 0.76972948 0.70175085 0.65254912
 0.61601889 0.60338438 0.6217265  0.63597199 0.64137469 0.65515533
 0.66129506 0.65950409 0.64800309 0.65962458 0.63082421 0.6195394
 0.59969005 0.57051999 0.53928882 0.50382956 0.48973187 0.49570833
 0.56153981]","[0.99217545 0.8883547  0.80603887 0.73857505 0.70450646 0.69477303
 0.69651913 0.71366939 0.74920205 0.77025034 0.78435263 0.80087196
 0.80880425 0.81209693 0.81891771 0.85943684 0.8672795  0.92475608
 0.9774143  1.03269043 1.08622494 1.13032427 1.20403648 1.26908622
 1.34609733]",0.013623752,0.0043467293,mean_absolute_error_optimizers.Nadam-lr=0.001
0.008089950869480769,"[0.90862869 0.81303254 0.71219268 0.65596718 0.5472306  0.5596284
 0.53122477 0.55922629 0.43985309 0.44418227 0.45803659 0.5248328
 0.60017352 0.60923765 0.66929232 0.62134681 0.62272337 0.60340646
 0.58086893 0.56399554 0.57456986 0.54920865 0.56387144 0.58316638
 0.66325576]","[1.0097205  0.90921789 0.82120379 0.73754672 0.67245297 0.62859349
 0.60257771 0.59968021 0.62575598 0.64195126 0.64557223 0.65592634
 0.65935648 0.65622223 0.64420703 0.65586893 0.62889441 0.62044085
 0.60179829 0.57070384 0.53641244 0.49848551 0.4889237  0.50020098
 0.56826197]","[0.96753522 0.85955202 0.77500181 0.70654471 0.66994299 0.6585869
 0.66138927 0.67818098 0.712906   0.73324334 0.74753179 0.7642774
 0.7739423  0.78165173 0.79637807 0.84557721 0.86103819 0.91958542
 0.96934629 1.01907354 1.06753861 1.10707516 1.17890888 1.24341246
 1.32085818]",0.0150778685,0.005124806,mean_absolute_error_optimizers.Nadam-lr=0.001
0.007655343641837438,"[0.84129465 0.77056726 0.71126407 0.64882053 0.5667505  0.5411449
 0.50736659 0.49315762 0.47773118 0.49556812 0.53478269 0.54134716
 0.54704473 0.51244019 0.51319231 0.50524776 0.54248943 0.52208866
 0.51164422 0.50494071 0.43382013 0.39867479 0.39756564 0.4449985
 0.47075808]","[0.98476824 0.88104219 0.79175989 0.70520084 0.6401115  0.59780238
 0.57270651 0.57036727 0.59566272 0.61206808 0.61554384 0.62743331
 0.63150936 0.63135754 0.62505332 0.64140333 0.61996021 0.61193644
 0.59126449 0.55794229 0.52282018 0.48763178 0.47837278 0.49040824
 0.55711662]","[0.93170898 0.82156106 0.7365953  0.66905259 0.64003228 0.64006588
 0.6530051  0.67882266 0.72045333 0.7473682  0.76820637 0.79531283
 0.8157042  0.83459928 0.8580211  0.90671636 0.91711217 0.96569042
 1.00167383 1.03600704 1.07400446 1.10995825 1.17906689 1.24514851
 1.32419285]",0.014794134,0.005403803,mean_absolute_error_optimizers.Nadam-lr=0.001
0.007382213637232781,"[0.59673944 0.50470306 0.38895133 0.32129463 0.28863208 0.27507538
 0.2669014  0.25798635 0.2518933  0.25576434 0.27666115 0.29067725
 0.30147924 0.29870487 0.29469589 0.29254845 0.29067447 0.29554138
 0.28997624 0.27619256 0.26639816 0.24849925 0.22796942 0.22007409
 0.25378512]","[0.97421338 0.86882688 0.77832991 0.6955553  0.63896785 0.60654075
 0.59215638 0.59737357 0.62606557 0.63921912 0.63778018 0.64174264
 0.63792856 0.62743353 0.60926109 0.62044409 0.59147431 0.58117724
 0.56122635 0.53299375 0.50522039 0.47587034 0.47707267 0.49458709
 0.56385965]","[0.9200357  0.8092906  0.72438057 0.65758964 0.62681076 0.62212774
 0.63116202 0.65208576 0.69302746 0.71834396 0.73927283 0.76557111
 0.78426497 0.80121002 0.82430669 0.87709438 0.88961541 0.94127708
 0.97983466 1.01927009 1.06263136 1.10183102 1.17631751 1.24156899
 1.3190072 ]",0.012981255,0.0046579572,mean_absolute_error_optimizers.Nadam-lr=0.001
0.007108508564531803,"[0.66665851 0.52069044 0.46237657 0.41286563 0.38258771 0.35693174
 0.36125656 0.37083352 0.38558835 0.3961859  0.41238746 0.44574186
 0.46133733 0.46926273 0.48196688 0.50059848 0.55369865 0.54802098
 0.5302515  0.50975654 0.50556627 0.49757963 0.44366666 0.45001679
 0.48241268]","[0.93748739 0.82608779 0.73174693 0.64572894 0.59034619 0.5610407
 0.55169861 0.56077695 0.5927015  0.607873   0.60643803 0.6124141
 0.61287153 0.6071786  0.59489643 0.60986451 0.58382526 0.57288652
 0.55257486 0.52260597 0.4956004  0.47424863 0.48295034 0.50780577
 0.58209518]","[0.88682198 0.77273879 0.68691678 0.62471313 0.60378785 0.6098383
 0.62764051 0.65199301 0.69583383 0.72245756 0.74555464 0.7765763
 0.80270949 0.82833522 0.85947667 0.91109361 0.92144634 0.96558553
 0.99738679 1.02787831 1.0638433  1.10337369 1.17564224 1.2407763
 1.32024619]",0.015978346,0.006217445,mean_absolute_error_optimizers.Nadam-lr=0.001
0.006883700656394163,"[0.64462931 0.58465027 0.49191694 0.44703127 0.39813795 0.35162822
 0.28057453 0.28780853 0.29493097 0.30460316 0.31771183 0.34039914
 0.35325873 0.35547737 0.35235745 0.3587218  0.35111808 0.40388461
 0.33383861 0.31600272 0.30339534 0.3010034  0.29519916 0.29464532
 0.33938305]","[0.92367247 0.80836744 0.71226122 0.62584845 0.56935063 0.54157323
 0.5366383  0.5474457  0.58144465 0.5951603  0.59330441 0.59882264
 0.59726857 0.59057572 0.57892838 0.59586982 0.57058958 0.55870699
 0.53908403 0.51031701 0.48727728 0.46990232 0.48572965 0.5176419
 0.59201561]","[0.87734694 0.76162404 0.67420078 0.61032401 0.58477796 0.58514826
 0.598667   0.61892574 0.66504072 0.69470971 0.72292108 0.75953389
 0.78881787 0.81656444 0.85054859 0.90162168 0.91119841 0.9511548
 0.98034214 1.01179346 1.05111189 1.09111243 1.16045466 1.22602975
 1.3074583 ]",0.014035971,0.0055863615,mean_absolute_error_optimizers.Nadam-lr=0.001
0.006611346354087194,"[0.6391829  0.57174477 0.35908203 0.30676751 0.3241726  0.30869312
 0.32694102 0.30106653 0.30882002 0.31987213 0.28062806 0.28970576
 0.34988792 0.36577631 0.38891441 0.400957   0.41387829 0.45452538
 0.43683353 0.38250287 0.39912524 0.3961004  0.37662052 0.35056355
 0.3929507 ]","[0.91751514 0.80163038 0.70433733 0.6188304  0.56714425 0.54552355
 0.5456836  0.55739289 0.59161777 0.60393894 0.59964609 0.60168193
 0.59902518 0.59138127 0.57656424 0.59233042 0.56751044 0.55718376
 0.53683844 0.50698767 0.48535345 0.47217691 0.49153272 0.52824527
 0.60502815]","[0.86720947 0.75148335 0.66191288 0.58948926 0.55631028 0.55363602
 0.56641274 0.58562115 0.63153325 0.66302418 0.69270247 0.72912132
 0.75931109 0.78709296 0.81920448 0.86801964 0.87431908 0.91194016
 0.94634877 0.98975771 1.04067072 1.08727526 1.15689203 1.22256493
 1.30429975]",0.015039548,0.006047368,mean_absolute_error_optimizers.Nadam-lr=0.001
0.006459989092002312,"[0.58130864 0.56550685 0.47621642 0.42980435 0.34098726 0.33276984
 0.33172214 0.32411474 0.32357482 0.32677608 0.40029789 0.34197576
 0.34215601 0.34677102 0.33214533 0.34076204 0.34988774 0.4055196
 0.39349739 0.37391292 0.32239069 0.3193398  0.32402243 0.32463311
 0.36894233]","[0.90002927 0.78242738 0.68573296 0.60359191 0.55767976 0.54239895
 0.54636281 0.55925288 0.59280442 0.60373968 0.5965273  0.59648364
 0.59103265 0.5805592  0.56119997 0.57466154 0.54740177 0.53688002
 0.51540884 0.48473131 0.46511903 0.45832438 0.48861628 0.5325382
 0.61251499]","[0.85504161 0.7378668  0.64842078 0.58158088 0.55461237 0.55644673
 0.5710455  0.5941241  0.64191127 0.6736284  0.7032402  0.74108359
 0.77343583 0.8040499  0.83741242 0.88454182 0.88584259 0.92002235
 0.94862848 0.98497414 1.03105396 1.07717083 1.15003888 1.2157013
 1.29761666]",0.014407275,0.0060253525,mean_absolute_error_optimizers.Nadam-lr=0.001
0.006231943100690841,"[0.65257154 0.60307694 0.5059322  0.44447185 0.41886518 0.38577967
 0.39285626 0.36694086 0.36418489 0.39547924 0.41118779 0.43455754
 0.44705582 0.43893768 0.40876843 0.43592976 0.44725142 0.43547444
 0.38145869 0.42724236 0.36802374 0.39285841 0.38850165 0.4095098
 0.43999128]","[0.88261799 0.76478968 0.66717653 0.58341141 0.53839235 0.52640166
 0.53343514 0.54835676 0.58420302 0.59844274 0.59253647 0.59350904
 0.58946395 0.58101787 0.56570502 0.58159814 0.55521906 0.54163822
 0.51822055 0.48748154 0.46962404 0.46618648 0.49887193 0.54435131
 0.62275627]","[0.82801796 0.70777261 0.61697757 0.55191031 0.52995901 0.53804065
 0.559648   0.58693728 0.63713577 0.67266892 0.70341644 0.74269435
 0.7776845  0.81001676 0.84716517 0.89274879 0.89398519 0.92151617
 0.94688391 0.98260611 1.02968805 1.07853525 1.14439754 1.21058979
 1.29553192]",0.014879564,0.006248242,mean_absolute_error_optimizers.Nadam-lr=0.001
0.006048822102447351,"[0.5697686  0.56003725 0.49599292 0.43789612 0.33581573 0.33561512
 0.34249442 0.35336423 0.29760626 0.30386541 0.29696631 0.28320538
 0.27062966 0.26843456 0.28919094 0.3221336  0.33464056 0.33266073
 0.33827917 0.33555242 0.37402689 0.35004354 0.33914611 0.35381345
 0.41103568]","[0.86162608 0.7396326  0.64011684 0.55934109 0.5201494  0.5164354
 0.53178062 0.54860072 0.58451787 0.59407491 0.5842602  0.58265936
 0.57727103 0.56840992 0.55141714 0.56447184 0.53924894 0.52608996
 0.50249852 0.46941531 0.45194979 0.45407022 0.49639541 0.54722257
 0.62792589]","[0.81382697 0.69170375 0.60049507 0.53714901 0.51710623 0.52836603
 0.55222073 0.57976582 0.62615649 0.65819337 0.68688145 0.72443362
 0.75763043 0.78658192 0.81835407 0.85882744 0.85780851 0.88721018
 0.92180002 0.96828311 1.02190918 1.07288733 1.13886806 1.20626694
 1.29259144]",0.014388984,0.0066260886,mean_absolute_error_optimizers.Nadam-lr=0.001
0.005965161420404911,"[0.46403851 0.44024802 0.38311973 0.36310026 0.32124193 0.33502367
 0.33998733 0.34292197 0.33153717 0.33216995 0.33707178 0.28867435
 0.25165305 0.25268736 0.25420552 0.26035468 0.35956215 0.32155183
 0.33702016 0.26195556 0.25622568 0.26825551 0.27038368 0.31383586
 0.36739668]","[0.84426692 0.72080804 0.62243311 0.54470139 0.50936335 0.50948997
 0.52733463 0.54554508 0.57984919 0.58970348 0.57825016 0.57671748
 0.57158272 0.5625963  0.54493206 0.55984917 0.53427819 0.51819404
 0.49125663 0.45330763 0.43620638 0.44412027 0.49365809 0.55142556
 0.63708172]","[0.79832752 0.6748163  0.58454573 0.52598328 0.5129286  0.53178326
 0.56039948 0.59235706 0.64041051 0.67525151 0.70399676 0.74245497
 0.77711785 0.80747254 0.83791824 0.87657747 0.87267229 0.89914797
 0.93140776 0.9763064  1.02918069 1.0809049  1.14322799 1.21148728
 1.30078549]",0.013806954,0.006125554,mean_absolute_error_optimizers.Nadam-lr=0.001
0.005666202073295911,"[0.6026445  0.50692452 0.43947205 0.26633789 0.21708707 0.21955576
 0.29917656 0.31012314 0.31980072 0.32427828 0.33144637 0.36680017
 0.37246965 0.36638713 0.34845065 0.3632814  0.33904469 0.33065591
 0.31364711 0.29341349 0.23788685 0.24828767 0.26718144 0.37985324
 0.43970541]","[0.82601304 0.70098857 0.59976478 0.52151006 0.4909162  0.49490717
 0.51418018 0.53119679 0.5627637  0.56758978 0.55573137 0.55323257
 0.54843749 0.54090932 0.52536068 0.54327027 0.51937419 0.50129793
 0.47332121 0.43632073 0.42456635 0.44166264 0.49815753 0.56132289
 0.64876308]","[0.78358078 0.65887265 0.56619017 0.50334742 0.48714411 0.50307106
 0.53001032 0.56048084 0.60821582 0.6423561  0.67493901 0.71759865
 0.75570828 0.78812107 0.81936017 0.85597394 0.84954973 0.87470375
 0.90943128 0.95772151 1.01374059 1.06827699 1.12948181 1.19794186
 1.28798166]",0.013882498,0.0063099903,mean_absolute_error_optimizers.Nadam-lr=0.001
0.005559885989874601,"[0.65927637 0.59580907 0.50772614 0.47029232 0.42460315 0.38096203
 0.44036472 0.39270897 0.39641337 0.38973546 0.37834364 0.38765675
 0.39396902 0.39487246 0.34421155 0.35545277 0.36722551 0.37126697
 0.36375013 0.38119688 0.3621678  0.41979282 0.43192878 0.46936785
 0.53240549]","[0.80673226 0.68129654 0.57962153 0.50114233 0.47192664 0.4784978
 0.49913642 0.51935333 0.55187477 0.55711725 0.54740525 0.54583225
 0.54223312 0.53583803 0.52084242 0.54044772 0.51726006 0.50021907
 0.47076935 0.43240673 0.42067846 0.44076162 0.50125601 0.56628583
 0.65387644]","[0.77145923 0.64902078 0.55991386 0.50148243 0.48923983 0.50926987
 0.53702037 0.5695154  0.61933414 0.65561527 0.68876882 0.73179853
 0.77023273 0.80001899 0.82481852 0.85327007 0.84107565 0.86432928
 0.90001871 0.95301656 1.01261204 1.0687984  1.13056762 1.19990094
 1.29208995]",0.0151504055,0.007186483,mean_absolute_error_optimizers.Nadam-lr=0.001
0.005448434758931398,"[0.41681491 0.28195318 0.26775874 0.24180297 0.22837272 0.24153365
 0.22808305 0.23907395 0.26777115 0.2540119  0.25948743 0.26980094
 0.23744779 0.23489891 0.23601514 0.24129749 0.24119654 0.22824156
 0.21798409 0.19617753 0.21329165 0.23152723 0.25802121 0.2930651
 0.34725096]","[0.80519536 0.68090949 0.5826779  0.5084658  0.4822588  0.48988293
 0.50965408 0.52630008 0.55517392 0.55785477 0.54375076 0.53966497
 0.5362264  0.52890972 0.51437087 0.53101475 0.51000244 0.49075539
 0.4609406  0.42261056 0.41505273 0.4380543  0.49342848 0.55633214
 0.64427847]","[0.77098514 0.64827268 0.55850974 0.49940776 0.48628649 0.50682237
 0.53467892 0.56638633 0.61369397 0.64806354 0.67865907 0.72028421
 0.7590968  0.78966284 0.81647803 0.84825339 0.84106398 0.86821357
 0.90658886 0.95972691 1.01892317 1.07586427 1.13597444 1.20532814
 1.29668634]",0.012876442,0.006470867,mean_absolute_error_optimizers.Nadam-lr=0.001
0.005292843305816253,"[0.46424575 0.35457436 0.2951831  0.26552988 0.26192797 0.26811743
 0.27715159 0.27792296 0.33050776 0.31365054 0.27034693 0.27736282
 0.27962257 0.26939541 0.31151307 0.26199405 0.27872896 0.29009771
 0.29001962 0.33458315 0.27653227 0.28309061 0.29712233 0.33199697
 0.46899943]","[0.79070417 0.66284115 0.56274622 0.4892909  0.46450314 0.47520261
 0.49836815 0.51954689 0.5491208  0.55071322 0.53743599 0.5328775
 0.52940913 0.52479548 0.51064137 0.52655017 0.50577176 0.4847432
 0.45335094 0.41290125 0.40422237 0.42942923 0.48859812 0.5548241
 0.64420917]","[0.75185807 0.62445194 0.53156632 0.47255893 0.46120484 0.48493838
 0.51591362 0.55187679 0.60003376 0.63433074 0.66795466 0.71201777
 0.75238305 0.78490281 0.81105512 0.84052094 0.83222518 0.85987067
 0.90146605 0.95888411 1.02062066 1.07662173 1.13983465 1.21038293
 1.30162184]",0.015316516,0.008067163,mean_absolute_error_optimizers.Nadam-lr=0.001
0.005178789813071489,"[0.46794518 0.3793918  0.29970612 0.2316768  0.21837453 0.23095207
 0.24959479 0.25790859 0.25528789 0.23965064 0.2353206  0.23775463
 0.24625782 0.25619933 0.27800629 0.28836752 0.34746941 0.34294386
 0.2593138  0.21666719 0.21302178 0.25236957 0.27116577 0.32306486
 0.37672812]","[0.78220087 0.65603781 0.55887156 0.48857482 0.46881524 0.48388112
 0.50908943 0.53049025 0.55795882 0.55933558 0.54442872 0.53817549
 0.53288513 0.5258378  0.50952543 0.52528637 0.50628283 0.48613087
 0.45615527 0.41777096 0.41195025 0.43781508 0.4930057  0.55557317
 0.64115247]","[0.73701558 0.61183601 0.52415493 0.47060993 0.46464174 0.49340885
 0.5272265  0.56215367 0.60773634 0.64023419 0.67119686 0.71331129
 0.7524439  0.78320029 0.8079393  0.83804061 0.83086287 0.85909011
 0.89927664 0.95561187 1.01644528 1.07153175 1.13772228 1.2082868
 1.29759865]",0.015059934,0.00763837,mean_absolute_error_optimizers.Nadam-lr=0.001
0.005090451004604498,"[0.5987328  0.44726777 0.4567389  0.32299843 0.27505274 0.28889597
 0.29420099 0.30215905 0.31063381 0.31462433 0.24553695 0.24366923
 0.23785768 0.24081427 0.24764224 0.28157242 0.28683843 0.31176133
 0.297063   0.22498937 0.2246208  0.25326626 0.27468098 0.30804023
 0.37135479]","[0.76602744 0.63821662 0.54015101 0.4733258  0.45684244 0.47354617
 0.49976234 0.52051056 0.54922185 0.54929475 0.53342345 0.52491526
 0.51903946 0.51332667 0.50238055 0.52114169 0.50400571 0.48165379
 0.44947734 0.40741614 0.40075203 0.42894076 0.48659493 0.55116996
 0.63854308]","[0.72478694 0.59679166 0.50607878 0.45344969 0.44916132 0.4785678
 0.51212019 0.54875685 0.59722977 0.63014235 0.66246819 0.70485535
 0.7458023  0.77925495 0.80650938 0.83756071 0.82900679 0.85585631
 0.89751352 0.95544355 1.01922764 1.07694031 1.146225   1.21632407
 1.30557268]",0.0146494955,0.0074968147,mean_absolute_error_optimizers.Nadam-lr=0.001
0.004975965913385153,"[0.44930554 0.27111493 0.22048007 0.18868898 0.23989502 0.19673636
 0.26498078 0.30899786 0.25467358 0.29068898 0.32283842 0.32047549
 0.35027673 0.29131097 0.29258013 0.33773008 0.3284317  0.41752843
 0.35174118 0.32552079 0.39174959 0.33640236 0.41521587 0.32503905
 0.4177224 ]","[0.75567295 0.62606617 0.5268155  0.45897044 0.44308339 0.46301835
 0.49229386 0.51695818 0.5466458  0.54765155 0.53174523 0.52258819
 0.51613251 0.50986671 0.49672469 0.51356995 0.49558283 0.47367132
 0.44018316 0.39671461 0.39236785 0.42251651 0.48111562 0.54869408
 0.63918782]","[0.71122025 0.58173168 0.49013562 0.44046407 0.44181503 0.47739286
 0.51604403 0.55628204 0.60418941 0.63651308 0.66681117 0.7067049
 0.74580657 0.77696743 0.79955273 0.82531021 0.81330219 0.84099562
 0.88439524 0.94401092 1.00846993 1.06489443 1.13836419 1.21067098
 1.29810941]",0.016301587,0.009031954,mean_absolute_error_optimizers.Nadam-lr=0.001
0.004918808003266653,"[0.49100795 0.39967119 0.29413212 0.18067336 0.18039858 0.19218019
 0.20072777 0.20350336 0.20782295 0.20256719 0.21184505 0.22651932
 0.22858667 0.20898215 0.20348156 0.20750985 0.22228035 0.23025246
 0.23130447 0.20964773 0.21377634 0.24520088 0.25165931 0.29793265
 0.3716091 ]","[0.75180953 0.62407524 0.52726928 0.46340989 0.44874722 0.46730498
 0.49556349 0.51931624 0.54745916 0.54636673 0.52970282 0.52070118
 0.51455764 0.50869832 0.49686413 0.51325225 0.49515132 0.47344115
 0.43963987 0.39762434 0.39227705 0.42211873 0.48277475 0.55046335
 0.64121726]","[0.71908408 0.59421117 0.50574688 0.45882682 0.4620083  0.49738154
 0.53758573 0.57833925 0.62813883 0.66117699 0.69182001 0.73233101
 0.77295232 0.80748526 0.83628995 0.86746366 0.85795037 0.88520765
 0.92194468 0.97299227 1.03069353 1.08264765 1.15724936 1.22629304
 1.3107679 ]",0.014328588,0.007566064,mean_absolute_error_optimizers.Nadam-lr=0.001
0.004842110199232896,"[0.52169206 0.44026171 0.38878564 0.35387852 0.29495259 0.34965825
 0.31917274 0.31539789 0.37324455 0.35066639 0.34070681 0.34232442
 0.40801318 0.34270275 0.30436748 0.33278005 0.3409959  0.24995878
 0.24340672 0.21334775 0.21458624 0.23490604 0.32265796 0.39702376
 0.51138101]","[0.74142382 0.61147851 0.51406914 0.4518155  0.4413472  0.46293557
 0.49073447 0.51224897 0.53765268 0.53327277 0.51497125 0.50473313
 0.49898943 0.49349328 0.48418369 0.5011136  0.48465515 0.46238637
 0.43003311 0.38903181 0.38770962 0.42402926 0.48711623 0.55675263
 0.6493944 ]","[0.70373358 0.57427273 0.48465348 0.43857736 0.44341306 0.47796759
 0.516765   0.55463362 0.60300336 0.63226734 0.6600719  0.69815948
 0.73804404 0.77143163 0.79675065 0.82441017 0.81467944 0.84326642
 0.88622092 0.94353602 1.00717112 1.063782   1.14113658 1.21286736
 1.29916316]",0.015033076,0.008070446,mean_absolute_error_optimizers.Nadam-lr=0.001
0.004783648531883955,"[0.38288893 0.31279987 0.22149748 0.19223267 0.18610262 0.19363667
 0.20747807 0.21643814 0.22049997 0.21605167 0.20870596 0.22067036
 0.22581095 0.21796787 0.21769932 0.2730789  0.30419598 0.24543026
 0.22523423 0.2058644  0.21466432 0.2475053  0.26943695 0.34656189
 0.44781877]","[0.73402722 0.60398893 0.50533954 0.44182922 0.4316492  0.45495334
 0.48428214 0.50796865 0.53511261 0.53234142 0.51510173 0.5059817
 0.50061848 0.49543278 0.48569405 0.50700052 0.4936371  0.4750785
 0.44363933 0.4020115  0.40001339 0.43154723 0.49050847 0.55766982
 0.64640116]","[0.68968622 0.55941842 0.467388   0.42206567 0.43124079 0.47166416
 0.51542842 0.5568659  0.60720605 0.63766648 0.66498031 0.70291811
 0.74405157 0.77858426 0.80571815 0.83634956 0.82681709 0.8559484
 0.89459546 0.94716773 1.00666164 1.05987127 1.14201346 1.21294915
 1.29578581]",0.01440135,0.008015796,mean_absolute_error_optimizers.Nadam-lr=0.001
0.00471324312252303,"[0.53577796 0.43524827 0.3399602  0.21000961 0.27596246 0.3103379
 0.2494465  0.30391029 0.28097939 0.27302099 0.26896139 0.27207613
 0.32676513 0.32302193 0.33261975 0.37746387 0.38969328 0.37667071
 0.37748763 0.35804689 0.35956804 0.37424938 0.44921289 0.48469751
 0.50867438]","[0.7313572  0.60241427 0.50708277 0.44824481 0.43850105 0.46009176
 0.48738038 0.50967986 0.53618946 0.53269117 0.51519614 0.50623464
 0.50047302 0.49539884 0.48488756 0.5053242  0.49054313 0.47065132
 0.4373708  0.39072918 0.38344037 0.41496519 0.473665   0.53952041
 0.62998669]","[0.6946753  0.56669927 0.47973007 0.44107608 0.45431389 0.49622459
 0.54075717 0.58398366 0.63386347 0.66280167 0.68931018 0.72607479
 0.76676704 0.80218822 0.83062011 0.86085615 0.85021196 0.87413224
 0.90833243 0.9547891  1.009619   1.06246648 1.13758073 1.20810936
 1.29483771]",0.01619621,0.009060585,mean_absolute_error_optimizers.Nadam-lr=0.001
0.0046247897495826085,"[0.57396776 0.43231545 0.29651893 0.29262997 0.29366843 0.30338703
 0.32152649 0.34237367 0.35822499 0.36949189 0.30611077 0.35163321
 0.35254047 0.33881409 0.3265781  0.30360591 0.30361943 0.34086566
 0.31950835 0.2870795  0.30390563 0.32435875 0.33700799 0.37607977
 0.4485471 ]","[0.71825243 0.58864999 0.49373499 0.43742693 0.43186045 0.45548988
 0.48494851 0.50773465 0.53422151 0.53194284 0.51556459 0.50653524
 0.49953126 0.49227732 0.48041063 0.50009621 0.48565033 0.46528531
 0.43201912 0.38595539 0.37962163 0.41453649 0.47659295 0.54508888
 0.63584567]","[0.67798976 0.54979039 0.46371335 0.4255358  0.43825075 0.47852409
 0.52220506 0.56345337 0.61178008 0.63894959 0.66254359 0.69623805
 0.73473812 0.76813025 0.79311721 0.82464473 0.81493272 0.8467823
 0.88668422 0.93955755 0.99827585 1.05089118 1.13815516 1.20991583
 1.29144978]",0.015172227,0.0085350685,mean_absolute_error_optimizers.Nadam-lr=0.001
0.004545119564359387,"[0.36365341 0.24528153 0.1988268  0.18003033 0.19114055 0.27836549
 0.29386325 0.31728765 0.39992661 0.30958534 0.31268468 0.28368744
 0.25173628 0.22770727 0.21759415 0.22911076 0.24826898 0.26358425
 0.24746119 0.21721434 0.22050731 0.27157821 0.26370082 0.31288919
 0.36282482]","[0.71498168 0.58646208 0.49284363 0.4358258  0.42786014 0.45095357
 0.47861628 0.50149981 0.52663203 0.52367074 0.50807899 0.49877256
 0.49241029 0.48640046 0.47718153 0.49617055 0.48267873 0.46366178
 0.43066358 0.38445778 0.37903    0.41196406 0.4712421  0.54033413
 0.63373911]","[0.67668123 0.54876602 0.46154127 0.42153739 0.43356869 0.47587317
 0.52070054 0.56601101 0.61352571 0.64305279 0.66687764 0.70018979
 0.73959998 0.77621829 0.80904701 0.84253401 0.83652548 0.86292281
 0.89850789 0.94638912 1.00178402 1.0535882  1.13193174 1.203393
 1.28807382]",0.014825564,0.008544419,mean_absolute_error_optimizers.Nadam-lr=0.001
0.0045188657703499,"[0.40142176 0.25212727 0.19926442 0.18489645 0.18531764 0.20792195
 0.19489777 0.26001123 0.2632389  0.257084   0.22875323 0.23777392
 0.25076485 0.21412846 0.21509088 0.23113027 0.27943824 0.27197489
 0.29432716 0.2302552  0.23486243 0.27197148 0.31184049 0.31356583
 0.37974483]","[0.7018564  0.5718207  0.47966091 0.42900649 0.4257792  0.45039467
 0.47975942 0.50250134 0.52690774 0.5226008  0.50767724 0.5001903
 0.49638576 0.49183433 0.48022073 0.49901673 0.48470093 0.46342235
 0.43088086 0.38493729 0.37827143 0.40966357 0.47018562 0.53564035
 0.62517801]","[0.66471471 0.53753089 0.45406055 0.42191615 0.43826561 0.48095423
 0.5272863  0.5707255  0.61848755 0.64603853 0.67049895 0.70469442
 0.74566292 0.78286373 0.81586283 0.85099887 0.84540243 0.87252781
 0.9064808  0.95120693 1.00443287 1.05428152 1.13358973 1.20300588
 1.28514455]",0.014717819,0.008383382,mean_absolute_error_optimizers.Nadam-lr=0.001
0.004424215898538629,"[0.60023269 0.37983744 0.37658456 0.3295055  0.33715662 0.33152677
 0.32237869 0.32809471 0.29056349 0.28676952 0.2974846  0.30355121
 0.2774208  0.29851737 0.26919183 0.26425784 0.32892402 0.36036369
 0.37010922 0.35375156 0.32611354 0.34275983 0.35137176 0.36711076
 0.43046229]","[0.69511367 0.56432072 0.47222266 0.42203545 0.41818747 0.44179513
 0.47007097 0.49371266 0.51938539 0.51551192 0.50041361 0.49183127
 0.48636342 0.48029098 0.46726552 0.48669363 0.47116259 0.44875247
 0.41653411 0.37391077 0.37285681 0.40909758 0.47253168 0.54183934
 0.63388433]","[0.65956454 0.53077752 0.44729382 0.41845826 0.4393102  0.48530641
 0.53524033 0.58076143 0.6336243  0.66147314 0.68573223 0.71896779
 0.75801122 0.79303706 0.8209395  0.85083794 0.83799735 0.86515199
 0.8997057  0.94742369 1.0032935  1.05442096 1.13768653 1.20822551
 1.29122289]",0.015737163,0.009163024,mean_absolute_error_optimizers.Nadam-lr=0.001
0.004404643404607972,"[0.50173805 0.40909192 0.28826546 0.27146051 0.28038544 0.30146964
 0.31464278 0.32226024 0.31420537 0.31113206 0.32057195 0.3188124
 0.37294703 0.30771854 0.3060011  0.30018208 0.26955951 0.23751524
 0.212619   0.25191234 0.25393715 0.21151697 0.23022591 0.31276258
 0.44114598]","[0.6917828  0.56293316 0.47383055 0.42501971 0.42217034 0.4437725
 0.46890725 0.48986598 0.51350047 0.51024432 0.49603963 0.48946816
 0.48589732 0.48000858 0.46885333 0.48911364 0.47555205 0.453311
 0.41945903 0.37483462 0.37425006 0.41072263 0.47580515 0.54746166
 0.63996887]","[0.66280834 0.53506783 0.45129893 0.41891166 0.43526365 0.47655796
 0.52095188 0.56222638 0.60960958 0.63415211 0.65541881 0.68766809
 0.72859119 0.76580151 0.79377388 0.82772827 0.8189804  0.85149561
 0.89288504 0.94564829 1.00402061 1.05650512 1.1407332  1.21254951
 1.29642425]",0.016205337,0.009581583,mean_absolute_error_optimizers.Nadam-lr=0.001
0.0043421392757445575,"[0.46420202 0.37207613 0.29058409 0.26535491 0.29071161 0.28590907
 0.31771174 0.3514816  0.37702118 0.31514411 0.24972169 0.24480819
 0.23149942 0.25239101 0.34180833 0.35566555 0.38469462 0.29478262
 0.28736512 0.2438819  0.2225793  0.22933805 0.33233625 0.38183955
 0.49539926]","[0.68809602 0.55703627 0.46820984 0.42316266 0.42352093 0.44784141
 0.47518974 0.49783611 0.5233121  0.52108955 0.50939408 0.50371266
 0.4999531  0.49449045 0.48343404 0.50300937 0.48861769 0.46738347
 0.43762261 0.39322295 0.38818553 0.41952032 0.47844816 0.543593
 0.63304748]","[0.66048505 0.53068463 0.44546354 0.41429543 0.43324606 0.47763499
 0.52517265 0.57022832 0.62155506 0.65063327 0.67342936 0.70508284
 0.74570977 0.7851113  0.81751048 0.85340131 0.84508532 0.87206332
 0.90635998 0.95187563 1.00572112 1.05408341 1.13940454 1.21035219
 1.29202643]",0.015877755,0.009489286,mean_absolute_error_optimizers.Nadam-lr=0.001
0.00426176660011212,"[0.44933908 0.33813162 0.25295684 0.17528583 0.1725722  0.21103471
 0.22842179 0.2177895  0.2248876  0.22364501 0.22329719 0.27196702
 0.27800931 0.28214166 0.27197656 0.28503473 0.29701972 0.295194
 0.26585981 0.23180839 0.25549632 0.27929548 0.31707632 0.34017516
 0.40158801]","[0.68210251 0.55132883 0.46395125 0.42112326 0.42388318 0.45032551
 0.47905177 0.50283709 0.52887555 0.52589169 0.51085722 0.50332001
 0.49969908 0.49261657 0.4787297  0.49687473 0.48070691 0.45788978
 0.42609461 0.38503067 0.38453503 0.41329706 0.46660263 0.52895991
 0.61634603]","[0.64542369 0.5150522  0.43153188 0.40279911 0.42602581 0.4721265
 0.52136429 0.56583145 0.61736013 0.64442814 0.66433658 0.69326566
 0.73074692 0.76666441 0.79771786 0.83301916 0.82508368 0.85453579
 0.89041047 0.93920154 0.99592941 1.04622998 1.132666   1.20440798
 1.28694261]",0.016031604,0.009888444,mean_absolute_error_optimizers.Nadam-lr=0.001
0.0042521696755041674,"[0.44435758 0.34100242 0.2805321  0.26549028 0.2827393  0.30334339
 0.31053432 0.31117065 0.3072981  0.3626692  0.24001153 0.22339435
 0.22322584 0.218656   0.23710712 0.20392971 0.21808793 0.23170835
 0.19273588 0.17336149 0.24961406 0.29628643 0.32740238 0.29390869
 0.34381725]","[0.67276293 0.54572498 0.45934589 0.41828242 0.42087231 0.44585917
 0.4739099  0.49753375 0.52282094 0.51909531 0.50515459 0.49880708
 0.49417616 0.48752085 0.47281042 0.48906181 0.47397094 0.45395652
 0.42213244 0.37746202 0.37309493 0.40240227 0.45830564 0.51928294
 0.60413091]","[0.64344192 0.51811652 0.43599919 0.41154097 0.43668838 0.48467561
 0.53678419 0.5862887  0.6395476  0.66775393 0.68890518 0.72007625
 0.76003172 0.79867495 0.83376511 0.86862382 0.86043875 0.88564722
 0.91585769 0.95687002 1.00687464 1.05575201 1.13991981 1.21060503
 1.29260643]",0.015403046,0.008979624,mean_absolute_error_optimizers.Nadam-lr=0.001
0.004189915637796124,"[0.39341005 0.29493467 0.25827952 0.24390386 0.20642993 0.22613595
 0.23143085 0.23175846 0.19428517 0.19618684 0.19458411 0.21243426
 0.27414601 0.27364046 0.21834923 0.22650062 0.29465097 0.33629258
 0.32282273 0.25821849 0.25766646 0.27082676 0.22591734 0.24089277
 0.34104379]","[0.67352063 0.5460431  0.46242666 0.42319029 0.42413424 0.44721121
 0.47384036 0.49834939 0.52454291 0.52025429 0.50489408 0.49704117
 0.49204825 0.48533245 0.47102235 0.48893487 0.47276082 0.45108893
 0.42058488 0.37766616 0.3757796  0.40615529 0.46196236 0.5251829
 0.61310599]","[0.63634477 0.50865476 0.4269578  0.40277204 0.42640352 0.47421835
 0.52730658 0.57824058 0.63289313 0.66357636 0.68782787 0.72065593
 0.76342383 0.80597941 0.84492251 0.88493507 0.87824719 0.90443508
 0.93395181 0.97252412 1.01868828 1.06272784 1.14594586 1.21582872
 1.29613721]",0.015303801,0.008971739,mean_absolute_error_optimizers.Nadam-lr=0.001
0.004146721015994747,"[0.35080976 0.21662792 0.21556991 0.1838269  0.19579324 0.17087562
 0.18295036 0.17757568 0.17036515 0.18306696 0.18042368 0.18162358
 0.18474235 0.17777555 0.17988333 0.19137392 0.20921207 0.22840081
 0.23122331 0.21259458 0.22524375 0.2539161  0.34358884 0.32735892
 0.38097778]","[0.66301578 0.53508151 0.45425692 0.4194145  0.42506408 0.4490946
 0.47461657 0.49727771 0.52090067 0.51916142 0.50641768 0.50073527
 0.49674358 0.48930342 0.47582002 0.49178436 0.47668339 0.45685659
 0.42646997 0.38295922 0.3760036  0.40201757 0.45413639 0.51199861
 0.59512741]","[0.63729868 0.50979136 0.43119046 0.40903618 0.43218365 0.47596689
 0.52555426 0.5725465  0.62682525 0.65719173 0.6792752  0.70933904
 0.74900775 0.78956699 0.82925507 0.87110323 0.86601992 0.89483194
 0.92517889 0.96291908 1.00831746 1.05259318 1.14034168 1.21055116
 1.28829615]",0.014619334,0.00891522,mean_absolute_error_optimizers.Nadam-lr=0.001
0.0041091605834662915,"[0.31285354 0.23227383 0.17727177 0.17226113 0.2023488  0.2147267
 0.21264834 0.21571582 0.2193879  0.22595023 0.27200055 0.25240048
 0.21702058 0.21927468 0.23011733 0.24010805 0.24571751 0.24813006
 0.23847901 0.22242922 0.24507986 0.26881823 0.29397406 0.3257375
 0.3552486 ]","[0.65256053 0.52591951 0.44493105 0.41206593 0.41910805 0.44448991
 0.47033241 0.49562433 0.52069492 0.51850817 0.50346465 0.4968481
 0.49287711 0.48483347 0.47129718 0.48530318 0.46845683 0.44814264
 0.41675471 0.37244385 0.37066578 0.40078502 0.46022479 0.52509939
 0.61347692]","[0.61609979 0.49086549 0.41259315 0.39260906 0.41733434 0.46185749
 0.50983873 0.55798951 0.61097159 0.64059115 0.66091539 0.69249072
 0.73598892 0.77809661 0.81672712 0.85744786 0.85330914 0.88382096
 0.91802523 0.96259754 1.01613631 1.06408535 1.15512103 1.22687049
 1.30800426]",0.015743488,0.009795414,mean_absolute_error_optimizers.Nadam-lr=0.001
0.0040878628939390186,"[0.41945597 0.27616616 0.23347404 0.22344299 0.23644448 0.29533791
 0.31154104 0.35398091 0.38054388 0.31248249 0.29979528 0.25587056
 0.32930715 0.33966746 0.26523125 0.25312585 0.20482715 0.20619599
 0.20479335 0.2030417  0.21698872 0.23895336 0.21448916 0.30585104
 0.35978409]","[0.65263908 0.52651403 0.44702937 0.41404249 0.41965517 0.44334337
 0.46794775 0.49341712 0.51873585 0.51621435 0.50324907 0.49800746
 0.49647179 0.49045996 0.47681519 0.49315223 0.47691151 0.45559802
 0.42265306 0.37799404 0.37284639 0.39935491 0.45368047 0.51762471
 0.60677167]","[0.61858184 0.49297744 0.41631663 0.39758263 0.42378463 0.47100458
 0.52163511 0.57312239 0.62592647 0.65616279 0.67719558 0.70599765
 0.74687075 0.78754417 0.82386112 0.8629596  0.85573492 0.88435672
 0.91735542 0.96091519 1.01140643 1.05729185 1.14550348 1.21769386
 1.29832821]",0.015193062,0.009211637,mean_absolute_error_optimizers.Nadam-lr=0.001
0.004042211867248019,"[0.47667258 0.39920319 0.31170056 0.26669329 0.16992852 0.18059703
 0.19415282 0.20201804 0.2549566  0.20668679 0.25446881 0.20609184
 0.19705309 0.24426568 0.2380794  0.24251492 0.24526427 0.24032329
 0.20144399 0.17493397 0.18134979 0.20501316 0.28062954 0.24847122
 0.3056491 ]","[0.64872243 0.52344842 0.4445327  0.4123738  0.41709193 0.43979711
 0.46408499 0.48843296 0.51343135 0.5107079  0.49707393 0.4915335
 0.48759333 0.4802498  0.46613456 0.48389242 0.46728481 0.44479383
 0.41212406 0.36729046 0.36651949 0.39790068 0.4560281  0.52009058
 0.60831945]","[0.6109506  0.48602624 0.41145434 0.39762159 0.42549668 0.4722914
 0.523338   0.57352657 0.62654333 0.65375965 0.67136166 0.69926039
 0.73931726 0.77899438 0.81609813 0.85538349 0.84925227 0.875397
 0.90600253 0.94672613 0.99549765 1.04072495 1.12930914 1.20096622
 1.28121835]",0.015319645,0.009524394,mean_absolute_error_optimizers.Nadam-lr=0.001
0.0039820291673143705,"[0.2911417  0.19461477 0.14641334 0.14116347 0.15743407 0.22489475
 0.20056702 0.18973874 0.18267521 0.17949827 0.18071966 0.17731144
 0.17444728 0.17193061 0.16804793 0.18275891 0.19035519 0.19104805
 0.17678459 0.16167802 0.17040827 0.19466028 0.22753044 0.21196347
 0.26077847]","[0.6437924  0.51714523 0.43945459 0.41127224 0.41832873 0.44043871
 0.46426061 0.48877171 0.51598784 0.51591371 0.50303214 0.49578633
 0.49193037 0.48427636 0.47110024 0.48726892 0.47007578 0.45287118
 0.42629412 0.38529239 0.377947   0.39974412 0.44452248 0.4971363
 0.57914624]","[0.61567063 0.48820767 0.41263944 0.39872986 0.42805381 0.4771057
 0.53242436 0.58832037 0.64738301 0.68082117 0.70232643 0.73149502
 0.7746588  0.82084796 0.86857866 0.91595442 0.91622234 0.94137707
 0.9649866  0.99389207 1.02976266 1.06737606 1.14674524 1.21709159
 1.29703689]",0.01434445,0.008943172,mean_absolute_error_optimizers.Nadam-lr=0.001
0.00397357153147459,"[0.47136168 0.42337692 0.25775743 0.24285628 0.25410855 0.26530838
 0.26193631 0.25315206 0.2494017  0.28781502 0.28652331 0.27851417
 0.31997867 0.32198484 0.29058831 0.29705246 0.37313953 0.32097766
 0.25952425 0.25061614 0.30596576 0.35010073 0.42589798 0.41984708
 0.44154875]","[0.64160413 0.51578161 0.43953094 0.41153291 0.41934536 0.44169991
 0.4646874  0.48919835 0.51473179 0.51224867 0.49925413 0.49429748
 0.49046271 0.48139254 0.46718323 0.48215514 0.46591655 0.44640239
 0.4166606  0.37322808 0.36970593 0.39746183 0.44918734 0.50822914
 0.59479666]","[0.6085352  0.48428535 0.41525649 0.40575856 0.4375614  0.48504786
 0.53666715 0.58745318 0.64244171 0.66799369 0.68542388 0.71353052
 0.75348141 0.79286535 0.83033953 0.86632873 0.85796515 0.88150876
 0.91083056 0.95149036 1.0019079  1.0489321  1.13908232 1.21076544
 1.29095468]",0.015090969,0.008932554,mean_absolute_error_optimizers.Nadam-lr=0.001
0.003909841471041242,"[0.45926766 0.3354815  0.30001214 0.29812676 0.30924744 0.32912244
 0.32939007 0.33797848 0.31831044 0.32880228 0.39203664 0.30301888
 0.32310574 0.37114827 0.37894124 0.38318904 0.35507395 0.37796962
 0.3652875  0.33687087 0.33781301 0.3564601  0.37538395 0.39184467
 0.43371035]","[0.63453665 0.51105223 0.4363235  0.41114428 0.42180733 0.44653958
 0.46988118 0.49325381 0.51707584 0.51729326 0.50578775 0.50119338
 0.4965888  0.48664713 0.47038559 0.4847942  0.4673784  0.45045959
 0.42421198 0.38394775 0.38205799 0.410783   0.46271801 0.51875356
 0.60207628]","[0.60179662 0.4796244  0.40975117 0.40228001 0.4347379  0.48371671
 0.5354251  0.58777054 0.64179424 0.67067099 0.68718758 0.71279122
 0.75351754 0.79683226 0.83865765 0.88142572 0.87950006 0.90537739
 0.93309137 0.96925933 1.01632536 1.06263494 1.15306005 1.22595975
 1.30598169]",0.016405841,0.010499678,mean_absolute_error_optimizers.Nadam-lr=0.001
0.0038665449346105257,"[0.32608362 0.24317672 0.19792302 0.19150714 0.19732607 0.21276732
 0.22161402 0.20761083 0.17069458 0.1662137  0.1658199  0.1736475
 0.17110733 0.16865828 0.1668192  0.19341272 0.21157388 0.21171619
 0.1925852  0.17590104 0.18023687 0.20174808 0.22181136 0.25043292
 0.30580681]","[0.62775928 0.50293768 0.42922099 0.40529226 0.41443856 0.43791659
 0.46244381 0.4860095  0.5107308  0.50980641 0.49743247 0.49070543
 0.48532074 0.47597945 0.46148617 0.47622805 0.46112778 0.44592296
 0.41887228 0.37764463 0.37131852 0.39904243 0.449317   0.50650159
 0.59170324]","[0.59128863 0.46778731 0.4008014  0.3955583  0.42918254 0.47864217
 0.53384789 0.58848342 0.64915205 0.68121766 0.70011545 0.72803565
 0.76969717 0.81464564 0.85757139 0.89985238 0.89397109 0.91676632
 0.93824998 0.96658256 1.00431957 1.04187607 1.13044576 1.2016465
 1.28077893]",0.014389003,0.009175408,mean_absolute_error_optimizers.Nadam-lr=0.001
0.003879704799503088,"[0.42936156 0.34583179 0.22985143 0.36036338 0.3400349  0.27580371
 0.22961273 0.29030422 0.28672599 0.20095993 0.19809636 0.22161182
 0.23565596 0.30703779 0.41586437 0.36476103 0.32244309 0.36334115
 0.38037711 0.3642222  0.29221118 0.32183057 0.27959307 0.28371131
 0.37407545]","[0.62055905 0.49693424 0.42408964 0.39960906 0.40720314 0.42834184
 0.45143825 0.4757392  0.50121686 0.50093748 0.48957737 0.48479667
 0.48189258 0.47330276 0.45817046 0.47188443 0.45478207 0.43592992
 0.40715033 0.3652826  0.36029543 0.38576221 0.4370068  0.49635551
 0.58243196]","[0.58933499 0.46847318 0.40177938 0.39535777 0.4277636  0.47582876
 0.52921817 0.58048675 0.63791121 0.66411576 0.6786773  0.70391524
 0.74380189 0.78470569 0.82371916 0.8638054  0.85869369 0.88341978
 0.91183698 0.95048943 0.99795304 1.04237453 1.12789317 1.1998948
 1.28213545]",0.017614521,0.011348371,mean_absolute_error_optimizers.Nadam-lr=0.001
0.0037979607190936804,"[0.30164941 0.1716965  0.13601619 0.12740483 0.14261668 0.16211879
 0.1630988  0.22960507 0.22959905 0.2285175  0.22757548 0.22557621
 0.21396633 0.17025955 0.17499848 0.17193968 0.18000129 0.18950855
 0.18380467 0.17029017 0.16672526 0.180785   0.2135601  0.24183695
 0.28283692]","[0.61429554 0.49137837 0.42498975 0.40864851 0.41984346 0.44169971
 0.46284138 0.48519033 0.5101508  0.5093925  0.49854894 0.49243003
 0.48786606 0.47801795 0.46205396 0.47489121 0.45611119 0.43765731
 0.40989432 0.37061261 0.3669059  0.39250335 0.44491875 0.50278329
 0.58763187]","[0.58147296 0.45581477 0.38762185 0.38149702 0.41362173 0.46191561
 0.51560808 0.56875602 0.62747614 0.65909577 0.67910232 0.7075923
 0.74953727 0.79392958 0.83871354 0.88338426 0.88201636 0.90706223
 0.93038806 0.96126214 1.00174112 1.04171399 1.12695095 1.19722454
 1.27770734]",0.014647132,0.00947141,mean_absolute_error_optimizers.Nadam-lr=0.001
0.0038220923903087775,"[0.30552883 0.23712545 0.14229507 0.14119989 0.15334845 0.1649184
 0.16644249 0.16320038 0.15966443 0.17426726 0.16084479 0.17172087
 0.16958358 0.16265133 0.16157612 0.20148106 0.19798985 0.1792113
 0.16510085 0.1561227  0.16550313 0.18539622 0.20670392 0.22520828
 0.28553263]","[0.61909608 0.49535999 0.42717602 0.40699923 0.4152812  0.4353271
 0.45691383 0.47890263 0.50429892 0.50473115 0.4946316  0.48805325
 0.48293866 0.47295359 0.45847985 0.47349729 0.45550506 0.43864116
 0.41200893 0.37119477 0.36560325 0.3918512  0.44159848 0.49697246
 0.58053239]","[0.58824039 0.46656619 0.40316925 0.39858893 0.4295629  0.47665675
 0.52956558 0.58415362 0.64605969 0.67758793 0.69398825 0.71796246
 0.75839805 0.80289258 0.8484127  0.89321374 0.89208962 0.91561081
 0.93758099 0.96485109 1.00309631 1.04338946 1.12650048 1.19769915
 1.27964038]",0.013823681,0.008963668,mean_absolute_error_optimizers.Nadam-lr=0.001
0.0038067465387284756,"[0.23392266 0.16489117 0.13064434 0.12664484 0.17598149 0.19200184
 0.20829335 0.211355   0.17177949 0.16252087 0.16674598 0.16881651
 0.16343281 0.15540832 0.15283228 0.15483374 0.16812245 0.1781774
 0.16775996 0.1523943  0.17545676 0.18604938 0.20133155 0.2171451
 0.26031339]","[0.61581385 0.4940407  0.42680471 0.40805292 0.41669221 0.43704178
 0.45691383 0.47770755 0.49973503 0.49915603 0.48869166 0.48162307
 0.47575188 0.46623021 0.45116823 0.4676225  0.44954139 0.43292269
 0.40549544 0.36441201 0.3593837  0.38645439 0.43961451 0.49787691
 0.58258813]","[0.59043319 0.46957293 0.40864052 0.40849236 0.44262752 0.49173083
 0.54521813 0.59888784 0.65911941 0.68971802 0.7042704  0.72552529
 0.76282646 0.80666633 0.85029976 0.89461176 0.89061831 0.91302866
 0.93415539 0.96335362 1.00291241 1.0433814  1.13356506 1.20580138
 1.28587611]",0.014044836,0.009238631,mean_absolute_error_optimizers.Nadam-lr=0.001
0.0037469805801908177,"[0.28329962 0.23903574 0.17817827 0.23125656 0.15760455 0.24122929
 0.30964321 0.32340733 0.29498493 0.3209309  0.26155185 0.18132715
 0.19467115 0.1919061  0.23564806 0.27776965 0.29451323 0.39125104
 0.39166298 0.24954112 0.23841338 0.25856777 0.2827542  0.33376333
 0.36222074]","[0.6097398  0.48635282 0.4185599  0.40033841 0.41122356 0.43242997
 0.45389932 0.47669793 0.50118366 0.50310523 0.49372211 0.48848695
 0.48417697 0.4737352  0.45734702 0.47015699 0.45161936 0.4369788
 0.41227723 0.37479507 0.36912648 0.39291683 0.44316048 0.49733131
 0.5790503 ]","[0.58591748 0.46510243 0.40223682 0.40287999 0.43862778 0.48874296
 0.54286267 0.59737102 0.65485526 0.68305521 0.6963964  0.71850899
 0.75698737 0.7996181  0.84375    0.88831324 0.88851171 0.91488883
 0.93968524 0.97059056 1.01122585 1.05133311 1.13582787 1.20805584
 1.29010136]",0.01539273,0.009840246,mean_absolute_error_optimizers.Nadam-lr=0.001
0.003695026557892561,"[0.43690267 0.26887696 0.20168232 0.19851173 0.16587959 0.19863549
 0.22781294 0.22525126 0.28683102 0.26587358 0.26058242 0.25770611
 0.19915311 0.20865681 0.22406216 0.25822525 0.20751011 0.27763929
 0.28721209 0.21954448 0.2405544  0.25983835 0.27793084 0.25754579
 0.30871101]","[0.60289061 0.48325875 0.41929524 0.40318715 0.41356155 0.43380017
 0.45375468 0.47592238 0.49862299 0.500048   0.49071709 0.48629561
 0.48265286 0.47291483 0.45904668 0.47307502 0.45281109 0.43731904
 0.41094553 0.37317245 0.36913684 0.39227072 0.44052158 0.49804638
 0.58335594]","[0.57890446 0.46057034 0.39869508 0.39684666 0.42862285 0.47611425
 0.52924934 0.58413695 0.64086127 0.66741497 0.68017746 0.70237966
 0.74093576 0.78303415 0.82620564 0.87092083 0.87183145 0.89789561
 0.92687715 0.96251462 1.00701068 1.05153917 1.13315884 1.20672442
 1.28887949]",0.015481239,0.010555836,mean_absolute_error_optimizers.Nadam-lr=0.001
0.0037341357115656137,"[0.2793827  0.21138514 0.1799549  0.13483226 0.13424189 0.13586425
 0.15552215 0.16172718 0.16694223 0.17414376 0.19179554 0.20557522
 0.2139961  0.22415884 0.28673161 0.27769758 0.2248291  0.20672688
 0.19551505 0.18599186 0.19119745 0.22637814 0.2370747  0.25525137
 0.32933019]","[0.60049159 0.47980084 0.41819064 0.40362233 0.41325823 0.43250453
 0.45245499 0.4745604  0.49905619 0.5018445  0.49222587 0.48621416
 0.4813669  0.46892324 0.44916411 0.46060822 0.44117129 0.42700329
 0.40346212 0.36806195 0.36627006 0.39286869 0.44577324 0.49991673
 0.58173984]","[0.57326842 0.45322223 0.39514792 0.39864257 0.43495502 0.48470435
 0.53956136 0.59512627 0.65376049 0.68333663 0.69801274 0.72213123
 0.76237237 0.80594225 0.85115705 0.89538823 0.89468402 0.91789137
 0.94248855 0.97428227 1.01799458 1.06131605 1.14768972 1.22112757
 1.30254731]",0.015048034,0.010282983,mean_absolute_error_optimizers.Nadam-lr=0.001
0.0036512849157055217,"[0.43894182 0.28535058 0.20754345 0.20317343 0.2351943  0.22162168
 0.22398372 0.22926455 0.23938424 0.19599236 0.18752564 0.23599994
 0.24748156 0.26653996 0.26212297 0.30341592 0.29331836 0.32764746
 0.30531145 0.292348   0.26811689 0.29038165 0.28349779 0.29412923
 0.33812302]","[0.58695627 0.46808097 0.40909194 0.39776618 0.40991878 0.42990021
 0.44858756 0.4690065  0.49077285 0.49271704 0.48401331 0.48133679
 0.48034009 0.47233645 0.45448128 0.46898171 0.44839082 0.43290652
 0.41096937 0.3760704  0.37191729 0.39500224 0.44324335 0.49535364
 0.57535398]","[0.56019946 0.44024313 0.37843361 0.37639227 0.40962035 0.45760597
 0.51131952 0.56598849 0.62442567 0.65293525 0.66570435 0.69021028
 0.7331224  0.77895424 0.82149473 0.86505907 0.85999038 0.8841207
 0.90817215 0.9425205  0.98974814 1.0335462  1.12753112 1.20330071
 1.28693292]",0.015668217,0.010511475,mean_absolute_error_optimizers.Nadam-lr=0.001
0.0036506188958883284,"[0.37917002 0.30351006 0.23988086 0.24658579 0.22113891 0.22216826
 0.22573555 0.23439309 0.24111982 0.19064388 0.18987952 0.19602963
 0.24513228 0.23089515 0.18400495 0.2416503  0.24432822 0.239899
 0.3441651  0.2623148  0.26827458 0.27446718 0.2752935  0.3080737
 0.40047449]","[0.59025122 0.47217556 0.41361829 0.40044663 0.40981359 0.42877288
 0.44824514 0.47065863 0.4930443  0.49433175 0.4858475  0.48211198
 0.48042801 0.47091003 0.45437457 0.46689161 0.44396988 0.42952357
 0.40473203 0.3682755  0.36411579 0.38714278 0.43677287 0.4900956
 0.57293232]","[0.56674254 0.44991739 0.39249254 0.39574087 0.43144819 0.48228785
 0.53827169 0.59678206 0.65524371 0.68347121 0.69483991 0.71526088
 0.75502573 0.80127705 0.84936795 0.89714108 0.8988512  0.92415297
 0.94705981 0.97494697 1.0124673  1.05214581 1.13892737 1.21060281
 1.29318628]",0.016076064,0.01076495,mean_absolute_error_optimizers.Nadam-lr=0.001
0.003625273736193776,"[0.22716604 0.15483854 0.12112191 0.1180785  0.13856206 0.16013257
 0.1626409  0.16723843 0.17966972 0.17561871 0.16747992 0.17637457
 0.18232937 0.18278634 0.1635456  0.1738476  0.18674069 0.18580401
 0.18881292 0.16835413 0.19278661 0.23357534 0.26429865 0.28481607
 0.27814297]","[0.58518164 0.46627897 0.40790535 0.39611622 0.40741279 0.42680666
 0.44504869 0.46728814 0.48921328 0.48995161 0.48167413 0.47858147
 0.47691051 0.46789379 0.45107766 0.46572253 0.44403322 0.430824
 0.40924733 0.37382558 0.36741947 0.39034072 0.43774413 0.49044817
 0.57154938]","[0.55818108 0.44131749 0.38579533 0.39177183 0.42964549 0.48048075
 0.53554876 0.59373012 0.65288991 0.68114681 0.69300496 0.71460123
 0.75627623 0.80307921 0.85036242 0.8976302  0.89903906 0.92299215
 0.94578441 0.97443515 1.0125607  1.05092599 1.13077347 1.20426355
 1.28708514]",0.01459917,0.0097461995,mean_absolute_error_optimizers.Nadam-lr=0.001
0.0035812063813209535,"[0.24535748 0.1779264  0.15444961 0.14612012 0.14637987 0.1582723
 0.17640531 0.18164499 0.17698055 0.16941207 0.18722882 0.20620105
 0.17789551 0.16747804 0.15588557 0.16627091 0.17147644 0.19000907
 0.20128134 0.21241693 0.25971871 0.24817115 0.26194864 0.32239877
 0.2699105 ]","[0.57929835 0.45964515 0.40298742 0.39317971 0.40468104 0.42383901
 0.44155432 0.46254634 0.48403892 0.48666205 0.47870502 0.47515645
 0.4736934  0.4630473  0.44564745 0.46015446 0.43942592 0.428082
 0.40583184 0.37064535 0.36556515 0.38857937 0.43512133 0.48975754
 0.57341262]","[0.55704689 0.43629993 0.37813325 0.38090974 0.41491373 0.46243771
 0.51632972 0.57418321 0.63452107 0.66719226 0.6834564  0.70985154
 0.75468451 0.80455248 0.85648076 0.90842489 0.9141379  0.94005345
 0.9612379  0.98450787 1.01564894 1.05079564 1.12821223 1.20038122
 1.28211643]",0.014198674,0.009237975,mean_absolute_error_optimizers.Nadam-lr=0.001
0.0035703904957820973,"[0.44539944 0.30428564 0.25632255 0.28964541 0.23451533 0.24491027
 0.27469894 0.16654817 0.15402565 0.15096006 0.15806106 0.16573135
 0.17809505 0.19867907 0.1696474  0.19316359 0.2218311  0.23898765
 0.24668822 0.23566973 0.24291403 0.22717821 0.29896569 0.24973042
 0.28846378]","[0.57760841 0.45873001 0.4043329  0.39583761 0.40759925 0.42615971
 0.4449043  0.46705302 0.48973469 0.48958827 0.47927085 0.47432491
 0.4709865  0.46052099 0.44460332 0.45810706 0.43697827 0.4268714
 0.40636299 0.37361172 0.36918718 0.38799341 0.42857874 0.47668336
 0.55779149]","[0.55143439 0.43305461 0.38002711 0.38600483 0.42263917 0.47106538
 0.52482416 0.58112385 0.64340066 0.67275697 0.68621038 0.70918532
 0.75137615 0.80070944 0.85131122 0.90113571 0.9035563  0.92709921
 0.94739727 0.9731895  1.00929797 1.04771325 1.12866158 1.20218697
 1.28655227]",0.014338968,0.009509093,mean_absolute_error_optimizers.Nadam-lr=0.001
0.0035492735027025145,"[0.24810813 0.17236899 0.13698424 0.14865688 0.17082956 0.18003594
 0.18164332 0.21738398 0.2237874  0.21463597 0.21962687 0.19429557
 0.18881272 0.18356164 0.18445862 0.19407459 0.23819427 0.23928895
 0.22387024 0.19186131 0.26095663 0.29558646 0.31264872 0.31759083
 0.34891184]","[0.57484266 0.45618105 0.40078935 0.39165447 0.40314699 0.42206373
 0.44181621 0.46375391 0.48686077 0.48944851 0.48236345 0.4800246
 0.47752069 0.46608112 0.44507923 0.45497321 0.43105375 0.42276305
 0.40377729 0.37104336 0.36255946 0.3814704  0.42735538 0.4726921
 0.54879514]","[0.5522856  0.4359879  0.38489665 0.39518826 0.43552422 0.48875542
 0.54684367 0.60746491 0.67156584 0.70412498 0.7175524  0.73864306
 0.7762762  0.82228747 0.87157759 0.92018501 0.92320676 0.9472909
 0.96595764 0.9871495  1.01785401 1.05295585 1.13326283 1.20409702
 1.28779977]",0.016605072,0.011121022,mean_absolute_error_optimizers.Nadam-lr=0.001
0.0035176268679400287,"[0.4289784  0.34777044 0.25463841 0.214161   0.22751801 0.26801737
 0.27572937 0.22207389 0.22970993 0.22107052 0.26411146 0.2707837
 0.24097741 0.31663942 0.28032416 0.33990626 0.283212   0.32499769
 0.3717646  0.29745473 0.28448996 0.29507519 0.295457   0.36341764
 0.39598761]","[0.57060089 0.4547338  0.40450603 0.39794635 0.40871256 0.42580106
 0.44279107 0.46353973 0.48639351 0.48763143 0.47827154 0.47282545
 0.46894824 0.4586944  0.44136979 0.45722871 0.43551888 0.42388997
 0.40356521 0.36931997 0.3618221  0.38257641 0.43033872 0.48095095
 0.5601239 ]","[0.54929973 0.43412367 0.38527613 0.39749637 0.43687245 0.48887602
 0.54582861 0.60300384 0.6633853  0.68993728 0.70026735 0.720842
 0.76046864 0.80786096 0.85772595 0.90791463 0.91238107 0.9358034
 0.95901428 0.98641325 1.02140927 1.05858531 1.12775896 1.20183388
 1.29061264]",0.017459763,0.011563382,mean_absolute_error_optimizers.Nadam-lr=0.001
0.0035085249052693446,"[0.40704896 0.27455769 0.25156388 0.15275052 0.17622577 0.23880487
 0.24385633 0.2024018  0.19823934 0.2339623  0.25159798 0.29425347
 0.2296971  0.22448095 0.22041669 0.31059446 0.238334   0.24048133
 0.30577949 0.29201611 0.23062104 0.24947766 0.25292152 0.27893001
 0.3192141 ]","[0.56372098 0.44578256 0.3960136  0.39093843 0.40439999 0.42332431
 0.44126995 0.46421329 0.48550183 0.48877177 0.47974345 0.47790264
 0.47623437 0.46518002 0.44688167 0.45642331 0.43231874 0.42273379
 0.40246713 0.36881861 0.36174859 0.38388445 0.43320859 0.48824543
 0.57003072]","[0.5390174  0.42318391 0.37085898 0.37736181 0.41474642 0.46459835
 0.51986917 0.57734748 0.63837067 0.66965474 0.68360433 0.70723114
 0.74842839 0.7954076  0.84517015 0.89477109 0.89857834 0.92341385
 0.94673598 0.97637858 1.01410492 1.05719941 1.1232503  1.19896993
 1.29447473]",0.014965765,0.010099962,mean_absolute_error_optimizers.Nadam-lr=0.001
0.003457664530724287,"[0.33844006 0.26693067 0.17947863 0.18081019 0.18711493 0.19836353
 0.20665991 0.21222773 0.25426576 0.28046984 0.22532947 0.21446508
 0.26169224 0.19792145 0.21275073 0.2669578  0.28872713 0.27560088
 0.27989789 0.22597072 0.1917246  0.22294389 0.26633602 0.2725353
 0.30994515]","[0.56396139 0.44869441 0.40130562 0.39613636 0.40656446 0.4230224
 0.43811619 0.45923489 0.48094164 0.48396313 0.47659866 0.47410339
 0.47174206 0.46051665 0.44274476 0.455233   0.43365052 0.42612572
 0.40420787 0.36838112 0.36063392 0.38134565 0.42878285 0.48463009
 0.57010775]","[0.53739575 0.42218281 0.37399776 0.38384834 0.42031738 0.46877582
 0.52340415 0.57905826 0.63979017 0.66973118 0.68277785 0.70598334
 0.74752036 0.79540721 0.84435711 0.8931013  0.89715804 0.92372354
 0.94919141 0.98084317 1.02144576 1.06456841 1.14011415 1.21401491
 1.30329741]",0.015742324,0.010926128,mean_absolute_error_optimizers.Nadam-lr=0.001
0.003469806360080838,"[0.32544466 0.18370924 0.14790258 0.15148842 0.15437104 0.15868342
 0.16661672 0.21613054 0.2224162  0.22148619 0.24721543 0.26363432
 0.25377121 0.2448819  0.20210638 0.21896117 0.19882569 0.19192958
 0.24532671 0.24170413 0.2844551  0.29279974 0.29857481 0.30304896
 0.32770137]","[0.55926633 0.44445667 0.39637125 0.39071798 0.40154629 0.41756284
 0.43535689 0.45716419 0.47990304 0.48179221 0.47276374 0.46950908
 0.46795654 0.45721897 0.43618163 0.44683971 0.42195811 0.41245109
 0.39612428 0.36645709 0.36214967 0.38296664 0.42861604 0.47613142
 0.55157347]","[0.53531401 0.42012962 0.37221488 0.38676762 0.42897758 0.48129415
 0.53885876 0.5975646  0.66273354 0.69305705 0.7042106  0.72552563
 0.76621503 0.81515185 0.86680607 0.91735113 0.9202585  0.94377698
 0.96254677 0.98563922 1.01942035 1.05989477 1.12675091 1.19974985
 1.29305171]",0.0148467105,0.009878724,mean_absolute_error_optimizers.Nadam-lr=0.001
0.003447507825990518,"[0.27411069 0.19174352 0.16062023 0.17375193 0.19330273 0.18288124
 0.16248246 0.15818158 0.16151132 0.19391721 0.19923471 0.22380704
 0.24998346 0.22040695 0.21038669 0.1989751  0.18477814 0.16748108
 0.16974437 0.15299401 0.15915739 0.17072389 0.18563738 0.18916156
 0.22497048]","[0.55410409 0.43969453 0.39324603 0.39041675 0.40178167 0.41759368
 0.43298082 0.45371611 0.4722497  0.47350997 0.46569564 0.46400045
 0.46381113 0.45504168 0.43753202 0.44965767 0.42863444 0.42298856
 0.40481248 0.37340076 0.36585601 0.3845838  0.4283345  0.47692558
 0.55598165]","[0.53840235 0.42415161 0.37760142 0.39040544 0.42784577 0.47715524
 0.53139958 0.58853295 0.64817735 0.67831771 0.69217422 0.71565697
 0.7573735  0.80612541 0.85763505 0.90984984 0.91488333 0.94054899
 0.96105502 0.98626804 1.01968526 1.05670894 1.13265155 1.20714266
 1.29659431]",0.014962308,0.010429537,mean_absolute_error_optimizers.Nadam-lr=0.001
0.0034104963621745506,"[0.30095623 0.28105726 0.19352331 0.14098081 0.15494052 0.21692779
 0.22293938 0.23921593 0.25021735 0.20233454 0.25915817 0.34483399
 0.2375149  0.22435578 0.21939791 0.31333195 0.33664184 0.33796014
 0.32546797 0.21120217 0.21488126 0.23671819 0.2489796  0.2522819
 0.28785521]","[0.55032949 0.43412714 0.38908601 0.38768025 0.40141805 0.4206876
 0.43964649 0.46445939 0.48399005 0.48624988 0.4771407  0.471947
 0.46792196 0.45548341 0.43625022 0.4489666  0.4259298  0.41925467
 0.40153357 0.37034244 0.36387205 0.38430159 0.42765921 0.47845807
 0.56089561]","[0.52727857 0.41150411 0.36783413 0.38583067 0.42983373 0.48355993
 0.54099852 0.59926663 0.66050473 0.69045389 0.70179159 0.72167597
 0.76117132 0.81025078 0.86377254 0.91643946 0.92121544 0.94291978
 0.96155175 0.98616218 1.02154435 1.06441691 1.12098137 1.19807975
 1.29685092]",0.013853341,0.009401489,mean_absolute_error_optimizers.Nadam-lr=0.001
0.003445709064602852,"[0.25111314 0.17125936 0.11441043 0.11951731 0.12772927 0.13567466
 0.14545512 0.14595072 0.13497284 0.13647755 0.14538088 0.14848807
 0.14788542 0.1492914  0.15123633 0.15622069 0.15865421 0.1644011
 0.16085778 0.15293927 0.20185174 0.20776046 0.22603262 0.24082125
 0.2221076 ]","[0.54593063 0.430095   0.38456724 0.38203927 0.39483474 0.41284118
 0.43146237 0.45569093 0.47480067 0.47977211 0.4721312  0.46827296
 0.46497601 0.45460508 0.43738497 0.45006634 0.42857554 0.42399894
 0.40624357 0.37414975 0.36753852 0.38557866 0.42689231 0.47841356
 0.56265004]","[0.52801865 0.41192364 0.36591214 0.38230514 0.42505823 0.4784563
 0.53581596 0.59682364 0.65767229 0.68917672 0.70132324 0.72291112
 0.76227232 0.81100093 0.86331546 0.91609871 0.92239847 0.94977674
 0.97152176 0.99512353 1.02695792 1.06487607 1.12872156 1.20163212
 1.29715302]",0.014131627,0.009945761,mean_absolute_error_optimizers.Nadam-lr=0.001
0.003421142332876722,"[0.26563179 0.15825408 0.1248141  0.12061779 0.13088572 0.15447155
 0.17455377 0.17091361 0.16627735 0.16554279 0.16745129 0.17387481
 0.17708944 0.21975408 0.19949817 0.18893168 0.17965837 0.18542978
 0.18310594 0.19646123 0.20780546 0.22654332 0.23017312 0.23601535
 0.25139063]","[0.54621415 0.43152453 0.38621093 0.38235788 0.39338064 0.41030899
 0.42800074 0.45526613 0.47654594 0.48109511 0.47405671 0.47048102
 0.46878744 0.45810726 0.43976927 0.44978283 0.42515899 0.41793232
 0.4003097  0.36928926 0.36188918 0.37918996 0.42186155 0.47171658
 0.55254184]","[0.53219723 0.41793084 0.3729223  0.38715971 0.42754774 0.47848282
 0.53483406 0.59468862 0.65759518 0.68812444 0.7001331  0.72163016
 0.76129217 0.80831967 0.85986299 0.90946031 0.91383746 0.93784821
 0.95994237 0.98479422 1.01767952 1.0572094  1.11372007 1.18733866
 1.28638935]",0.014686292,0.010015877,mean_absolute_error_optimizers.Nadam-lr=0.001
0.003395067496225238,"[0.28101509 0.20916818 0.18690571 0.15073635 0.24048885 0.22311398
 0.2222799  0.1801117  0.22931236 0.24274758 0.26360196 0.27367777
 0.28043288 0.17775833 0.21242638 0.23718479 0.24417252 0.20000477
 0.18904675 0.22469914 0.22936092 0.24619625 0.20085418 0.20518395
 0.23450696]","[0.54366547 0.43025457 0.38684426 0.3865347  0.40056318 0.41611647
 0.43121083 0.45173445 0.47195996 0.47486324 0.46679    0.46520773
 0.46460182 0.45584212 0.43837495 0.45108278 0.42834449 0.42299342
 0.40583112 0.37383714 0.36580223 0.38337588 0.42419803 0.46863409
 0.54253369]","[0.52440494 0.41130932 0.36600096 0.38210693 0.42416485 0.47639828
 0.53310631 0.5902693  0.65299083 0.68504812 0.69849605 0.72129849
 0.76255472 0.81179393 0.86528858 0.91693669 0.92304151 0.94828473
 0.96959458 0.99504002 1.02838144 1.06701191 1.13068264 1.20465503
 1.29903515]",0.015101729,0.010409532,mean_absolute_error_optimizers.Nadam-lr=0.001
0.00333908854611218,"[0.33092713 0.18042397 0.15712741 0.14086829 0.14448024 0.15832812
 0.16541233 0.17588302 0.18770141 0.23232198 0.23781538 0.31262205
 0.29507007 0.29516181 0.23541254 0.24832537 0.26703937 0.29652069
 0.26475696 0.26517133 0.27839425 0.37184652 0.37504076 0.36323555
 0.36892356]","[0.54290003 0.42895793 0.38577487 0.38525794 0.39859459 0.41432289
 0.42965521 0.45304161 0.47417352 0.47862289 0.47119264 0.46884695
 0.46641958 0.45568035 0.43693333 0.44853352 0.42491542 0.41993365
 0.40449062 0.37608896 0.36859542 0.38526499 0.42762016 0.47315974
 0.54959031]","[0.52696471 0.41380177 0.37038757 0.38851271 0.43210419 0.48505941
 0.54368441 0.60479259 0.67109209 0.70586849 0.72083434 0.7435099
 0.78275705 0.83084404 0.88587442 0.9404092  0.94898556 0.97475271
 0.99317956 1.01255451 1.03858754 1.07341409 1.12503334 1.19719734
 1.2961954 ]",0.015621849,0.010710674,mean_absolute_error_optimizers.Nadam-lr=0.001
0.0033545332352320355,"[0.23387837 0.17871564 0.22513769 0.26928864 0.24491068 0.21687829
 0.19837218 0.19363659 0.19202712 0.23056345 0.24965722 0.20585983
 0.20218392 0.2301005  0.24034725 0.19936757 0.22352792 0.25377736
 0.25988184 0.24405356 0.23345715 0.343312   0.37022279 0.34743678
 0.33730476]","[0.53407223 0.4204405  0.37995087 0.3813236  0.39554949 0.41245569
 0.42859162 0.45318889 0.47624971 0.48090417 0.47333984 0.47175669
 0.47018178 0.45808152 0.43603087 0.44337288 0.4192427  0.41361031
 0.39708618 0.36922837 0.36401178 0.38162953 0.42299546 0.46448628
 0.53643682]","[0.51631976 0.40350866 0.36481929 0.3863489  0.43141912 0.48555759
 0.54500138 0.60800472 0.67373834 0.70983311 0.72567658 0.75054533
 0.79205853 0.84196423 0.89830869 0.95306207 0.96126504 0.98641884
 1.00421645 1.02255725 1.04754103 1.08094731 1.1401442  1.21232376
 1.30554964]",0.016201058,0.011285631,mean_absolute_error_optimizers.Nadam-lr=0.001
0.0032985974544038374,"[0.24894747 0.242713   0.19180151 0.20546076 0.15698896 0.16434677
 0.17338747 0.29355363 0.23740189 0.27441791 0.19770912 0.26605552
 0.26192907 0.25426096 0.26518798 0.25604168 0.30345919 0.34109342
 0.34655821 0.21759764 0.22008068 0.21504335 0.21376423 0.26280649
 0.28785252]","[0.53562965 0.4236011  0.3829728  0.38368921 0.39621866 0.41147596
 0.42642126 0.4481858  0.47073945 0.47505989 0.46752891 0.46503979
 0.46450156 0.4549465  0.4353868  0.44587165 0.42299239 0.41905737
 0.40319614 0.3721464  0.3630267  0.37956815 0.42263667 0.46923154
 0.54806761]","[0.52031    0.40697444 0.36714212 0.38677772 0.42737414 0.47494729
 0.52809667 0.58106423 0.63935479 0.6680248  0.68035598 0.70376971
 0.7456288  0.7950448  0.84956543 0.90275325 0.91002407 0.93491945
 0.95674148 0.98352216 1.02039768 1.06574048 1.1253115  1.20202847
 1.30258828]",0.015856773,0.011015931,mean_absolute_error_optimizers.Nadam-lr=0.001
0.0032698221852382023,"[0.25336734 0.15856229 0.1476591  0.13756927 0.20099583 0.20410409
 0.22901974 0.23778358 0.14990036 0.14737121 0.15424097 0.16050721
 0.15907547 0.17854113 0.28582871 0.24923293 0.18520234 0.18749665
 0.22257577 0.20590362 0.21609036 0.22467283 0.20307258 0.19960595
 0.23176551]","[0.52995111 0.41945273 0.37942838 0.38013875 0.39289958 0.40948931
 0.42527629 0.44826804 0.46866275 0.47342329 0.46607817 0.46429514
 0.46398677 0.45564226 0.43614403 0.44624543 0.42183723 0.4167532
 0.40048613 0.37024416 0.36265784 0.38117642 0.42133939 0.46493824
 0.54000661]","[0.51345354 0.40366126 0.36452646 0.38425008 0.42722307 0.47865769
 0.5339407  0.591083   0.65134966 0.68317854 0.69523607 0.7176429
 0.7592721  0.80959804 0.86349105 0.91487049 0.9207427  0.94457204
 0.96428803 0.98866832 1.02264528 1.06551643 1.1148665  1.18981916
 1.29376608]",0.014832338,0.010194687,mean_absolute_error_optimizers.Nadam-lr=0.001
0.0032890328876674173,"[0.24852274 0.17656412 0.22276261 0.1559701  0.14579669 0.15387553
 0.15154952 0.1503948  0.15572195 0.15067309 0.15349677 0.16607267
 0.17054867 0.15360958 0.14379104 0.2137264  0.19330886 0.15523247
 0.16072816 0.14010211 0.15202453 0.16807133 0.15960193 0.16462207
 0.1975371 ]","[0.5234513  0.41134525 0.37291182 0.37528498 0.38849588 0.40327643
 0.41914075 0.44290395 0.46605066 0.47184229 0.46379458 0.46326854
 0.46282215 0.45243972 0.43107933 0.44020673 0.41643073 0.41068027
 0.39540868 0.36544129 0.3587121  0.37827952 0.42487573 0.47330075
 0.54907814]","[0.50697414 0.39643582 0.35989583 0.38260038 0.42629355 0.47753548
 0.53487154 0.59330892 0.65678159 0.6890133  0.70198068 0.72549748
 0.767163   0.81619244 0.87091972 0.92410063 0.93288357 0.95950878
 0.97995702 1.0018276  1.03251301 1.07111242 1.12859632 1.20092552
 1.29724126]",0.013899943,0.0097322585,mean_absolute_error_optimizers.Nadam-lr=0.001
0.003285443593437473,"[0.26179144 0.14414454 0.12037365 0.18110109 0.1971484  0.15347352
 0.15898321 0.15217312 0.20011031 0.29504687 0.21939464 0.22195272
 0.16572251 0.16817572 0.17504965 0.16705499 0.22898715 0.25094246
 0.27211536 0.26968722 0.23181631 0.26877269 0.3514339  0.3155836
 0.31830547]","[0.53221667 0.42155245 0.38256722 0.38255184 0.39255137 0.40567735
 0.42129695 0.4450786  0.46770438 0.47140596 0.46370067 0.4613936
 0.46072552 0.45129051 0.43106869 0.43895624 0.4130656  0.40840698
 0.395474   0.36894142 0.36045255 0.37470767 0.41245669 0.44963017
 0.51689833]","[0.5178016  0.40417346 0.36175349 0.3807767  0.42296516 0.47561469
 0.53367787 0.59429072 0.65731766 0.69009731 0.70345029 0.72547583
 0.76641528 0.81716323 0.8735122  0.92877248 0.93825751 0.96411785
 0.98296169 1.0024116  1.03073212 1.06954084 1.12260698 1.19664775
 1.29647896]",0.015013903,0.010662351,mean_absolute_error_optimizers.Nadam-lr=0.001
0.0032474153656512498,"[0.20494717 0.18996532 0.21328951 0.18803565 0.19119368 0.14213908
 0.14101006 0.14665855 0.13697719 0.1315363  0.15715475 0.18636111
 0.15879663 0.14908695 0.15208767 0.16288849 0.16438062 0.16754517
 0.17831897 0.19258679 0.21130415 0.34256231 0.33757464 0.28430152
 0.31375283]","[0.51953972 0.41171592 0.3762482  0.37892152 0.39018215 0.40203544
 0.41593231 0.43847979 0.46177155 0.46668035 0.45952456 0.45736081
 0.45622723 0.446189   0.42890239 0.43895832 0.41665201 0.41551768
 0.40192627 0.37367262 0.36492803 0.38194299 0.42461459 0.47012053
 0.54556463]","[0.50263664 0.39341976 0.35909082 0.38440177 0.43012085 0.48391803
 0.54262807 0.60417262 0.66806714 0.70456364 0.72042731 0.74288101
 0.78312689 0.83534519 0.89733279 0.95679437 0.97011947 0.99757582
 1.01753212 1.03576939 1.05919863 1.09201434 1.13472043 1.20664992
 1.30430826]",0.014641609,0.010009353,mean_absolute_error_optimizers.Nadam-lr=0.001
0.0032598392696430284,"[0.35649582 0.22475828 0.21106763 0.24794487 0.21467877 0.20790331
 0.31631079 0.30282358 0.37114909 0.32955736 0.29400295 0.27313124
 0.25746467 0.24236328 0.18282014 0.199667   0.21976591 0.38322978
 0.37012939 0.32329895 0.21880024 0.17779635 0.24935884 0.24934938
 0.27899904]","[0.52004754 0.40865801 0.37184668 0.37391146 0.38651346 0.40143421
 0.4173967  0.44151198 0.46247242 0.4667414  0.45927278 0.45947011
 0.46050551 0.45245304 0.43292882 0.44144363 0.41581541 0.41113996
 0.39579931 0.36648172 0.358605   0.37725773 0.41829734 0.45787813
 0.52762768]","[0.50299233 0.38924567 0.35212837 0.37395324 0.41794132 0.47090721
 0.52919297 0.59034241 0.65694337 0.69310693 0.71144276 0.73782885
 0.78151749 0.83547666 0.8967106  0.95383655 0.96444356 0.9903999
 1.00859588 1.02679254 1.05322829 1.0895414  1.14398371 1.21784494
 1.31768796]",0.016431035,0.011769863,mean_absolute_error_optimizers.Nadam-lr=0.001
0.0032593989651650192,"[0.17264008 0.11557028 0.10071463 0.1114065  0.12431788 0.13282548
 0.12826905 0.13365305 0.19971327 0.17627738 0.182923   0.19470364
 0.20459625 0.20685335 0.20396345 0.2015728  0.21776619 0.21216917
 0.21430393 0.20657698 0.23367333 0.24330593 0.25060784 0.24153657
 0.2749925 ]","[0.51937438 0.40889542 0.37401116 0.37693303 0.3871223  0.39966145
 0.41528302 0.43991438 0.46140512 0.46671036 0.45867781 0.45702612
 0.45914075 0.4515508  0.43308494 0.44234405 0.4184112  0.41422457
 0.39845959 0.37019736 0.36036769 0.37701244 0.41915556 0.45777001
 0.5271983 ]","[0.51242934 0.39807699 0.3590234  0.3806571  0.42340538 0.47688499
 0.5358168  0.59804591 0.66268676 0.70085783 0.71825002 0.74280909
 0.78481388 0.83621228 0.89437315 0.95151458 0.96182489 0.9879267
 1.00370227 1.01714386 1.03753858 1.06978835 1.12934325 1.20330518
 1.300816  ]",0.013537871,0.009598252,mean_absolute_error_optimizers.Nadam-lr=0.001
0.0032044139535476763,"[0.25787317 0.15610256 0.17060709 0.13983892 0.13987894 0.17682286
 0.24330533 0.22383509 0.22598959 0.21690998 0.22240749 0.23103174
 0.21894814 0.14603292 0.14561451 0.14869427 0.15926449 0.16279633
 0.19270273 0.18075507 0.16197946 0.25916421 0.25894384 0.2249158
 0.24286422]","[0.51797215 0.40774398 0.37144104 0.37376006 0.38473765 0.39833116
 0.41534186 0.43906646 0.46160589 0.46589904 0.45773948 0.45542101
 0.45698988 0.44899083 0.4282666  0.43703566 0.41230356 0.40772174
 0.39353223 0.36435635 0.35676862 0.37616837 0.41772619 0.46146535
 0.53468591]","[0.50530595 0.39609778 0.36045552 0.3832322  0.42477293 0.47524977
 0.5321674  0.59105154 0.65337249 0.68773871 0.70228558 0.7250247
 0.7664303  0.81667961 0.87308579 0.92669155 0.93347719 0.95759773
 0.97744435 1.00074252 1.03195103 1.07267496 1.12938475 1.20330921
 1.30124862]",0.014481425,0.010438595,mean_absolute_error_optimizers.Nadam-lr=0.001
0.003191621779774626,"[0.3279473  0.25717859 0.19876839 0.19970089 0.1554924  0.21116166
 0.22951835 0.15126208 0.15902623 0.20571696 0.16337717 0.23467465
 0.16673654 0.15611056 0.1951582  0.17493546 0.15729567 0.16759798
 0.22868594 0.22174865 0.22603369 0.24393147 0.2192196  0.21789897
 0.22768205]","[0.51065186 0.40028167 0.36785009 0.37261036 0.38419173 0.39809477
 0.41490635 0.43787431 0.45813455 0.46291088 0.45566035 0.45421313
 0.45541345 0.4469826  0.42903242 0.43709216 0.41347303 0.41316
 0.40127854 0.3731932  0.36387216 0.37799197 0.41688143 0.45562687
 0.52707401]","[0.49798934 0.38607289 0.35236433 0.37790038 0.42206425 0.47397823
 0.53088333 0.58986406 0.64979148 0.68628252 0.7026709  0.72700007
 0.7695227  0.82126008 0.88032617 0.93713793 0.94877513 0.97571242
 0.99458109 1.01224596 1.03853957 1.07648327 1.12936283 1.20585969
 1.30579074]",0.015087975,0.010764712,mean_absolute_error_optimizers.Nadam-lr=0.001
0.0032070762769629557,"[0.25386149 0.1353982  0.11481578 0.12084975 0.13320184 0.14711496
 0.14637939 0.19490784 0.19504752 0.19606826 0.20387313 0.20998036
 0.21439026 0.2079491  0.20206326 0.21459003 0.20930088 0.25708317
 0.30178416 0.27271325 0.22871866 0.23731034 0.2445484  0.24440274
 0.23822182]","[0.51213516 0.40130559 0.36541231 0.3671019  0.37749481 0.39027821
 0.4060849  0.43202241 0.45479572 0.46228979 0.4552088  0.45465686
 0.4568549  0.44871011 0.43023035 0.43775024 0.41360729 0.41302178
 0.40064809 0.37356771 0.36356668 0.37721407 0.41433124 0.45476296
 0.52719717]","[0.49934382 0.38687813 0.35253467 0.3778728  0.4245109  0.48050342
 0.54283054 0.60786285 0.67406295 0.71392163 0.73211694 0.75566676
 0.79646965 0.84784657 0.90745104 0.9650587  0.97535136 1.00047875
 1.01666675 1.02989734 1.04991029 1.08324311 1.13209813 1.20496577
 1.30571507]",0.014490483,0.010215353,mean_absolute_error_optimizers.Nadam-lr=0.001
0.003174821767335137,"[0.31863559 0.1948586  0.17537775 0.1870597  0.21441513 0.22284879
 0.19793316 0.14842868 0.14407677 0.14306325 0.1618749  0.16893476
 0.16886536 0.18406583 0.14740129 0.15834457 0.17871088 0.1817886
 0.16324254 0.15266221 0.15664818 0.16447177 0.16675535 0.17852332
 0.21450378]","[0.51076862 0.40132295 0.36621017 0.36790342 0.37748668 0.38947308
 0.4053758  0.43015837 0.45510686 0.46212781 0.45576308 0.4557117
 0.45743841 0.44937923 0.42888716 0.43602997 0.41267525 0.40933398
 0.39470531 0.36579897 0.35773616 0.37404295 0.41352219 0.45465776
 0.52438219]","[0.49537769 0.3850946  0.35136884 0.37398844 0.41608538 0.46603571
 0.52148737 0.57957571 0.63984054 0.67417659 0.68781546 0.71131684
 0.75408423 0.80635135 0.86487777 0.92071115 0.93004467 0.95522059
 0.97395921 0.99489814 1.02633008 1.06925491 1.12682403 1.20395188
 1.30420181]",0.014098782,0.009862673,mean_absolute_error_optimizers.Nadam-lr=0.001
0.0031702213572959107,"[0.30698675 0.27221342 0.21010867 0.23100538 0.18730499 0.1522228
 0.14569596 0.14403276 0.14659039 0.14376435 0.15270663 0.21108198
 0.20800834 0.20145687 0.20615143 0.20719706 0.26042247 0.19079489
 0.1860137  0.18831243 0.19392602 0.20550049 0.22874175 0.22786216
 0.25651468]","[0.50928634 0.40111104 0.36786679 0.37302515 0.38409435 0.39659923
 0.41226946 0.435839   0.46084077 0.46561271 0.45706879 0.45598838
 0.45718865 0.44923535 0.42912207 0.4362043  0.41173901 0.40914851
 0.39633723 0.37042283 0.36329451 0.37856883 0.41644763 0.45338455
 0.51956746]","[0.49349919 0.3852493  0.35650468 0.38638686 0.4332177  0.48720953
 0.54603498 0.60668859 0.67052247 0.70539677 0.72062137 0.74348811
 0.78408661 0.83517772 0.89442698 0.95090251 0.96189058 0.98638525
 1.00254405 1.01734933 1.04146267 1.07966499 1.1311916  1.2070492
 1.30796655]",0.014222284,0.010173032,mean_absolute_error_optimizers.Nadam-lr=0.001
0.0031347232920428117,"[0.18003006 0.11936446 0.15187875 0.1598224  0.16643409 0.17018667
 0.17165072 0.18336707 0.18524337 0.23313955 0.26326235 0.2431169
 0.25362591 0.24403114 0.19408461 0.18452768 0.18613435 0.18528948
 0.17428621 0.16650113 0.16824558 0.172294   0.19072113 0.24113746
 0.30870419]","[0.50608185 0.39814517 0.36524695 0.36922914 0.37934047 0.39207541
 0.40904573 0.43229711 0.45289386 0.45813227 0.44980895 0.44718288
 0.44997503 0.44316228 0.42644634 0.43362492 0.4085861  0.40785346
 0.39622894 0.3708882  0.36101493 0.37505146 0.40937772 0.44349057
 0.50936326]","[0.49485026 0.38481138 0.35324359 0.37916792 0.42291207 0.476099
 0.5360811  0.59862613 0.66197533 0.7012054  0.71961753 0.74463872
 0.78636993 0.83840491 0.90116746 0.95912358 0.97097714 0.99645353
 1.01353075 1.02848803 1.05032096 1.08510305 1.12707843 1.20123627
 1.30557813]",0.014934858,0.010239388,mean_absolute_error_optimizers.Nadam-lr=0.001
0.0031302134891351063,"[0.32474031 0.22586372 0.21040143 0.18523975 0.18428598 0.16960524
 0.18614554 0.20115653 0.21009645 0.20753307 0.20323091 0.21879362
 0.20817745 0.20361776 0.20203952 0.20858178 0.22304508 0.22410953
 0.24756759 0.2412301  0.26683662 0.27374507 0.29308839 0.25799045
 0.28407156]","[0.50684221 0.40003791 0.36686715 0.36963051 0.37922826 0.39133661
 0.40733717 0.43161378 0.45601988 0.46165903 0.45197281 0.4503908
 0.45404239 0.44869175 0.42905448 0.43557243 0.40827762 0.40366934
 0.39076093 0.36514703 0.35678077 0.37430515 0.41621773 0.4497927
 0.51049676]","[0.4936176  0.38653446 0.35591813 0.38269808 0.42759016 0.48052721
 0.53901229 0.59924727 0.66112292 0.6979755  0.71321339 0.7366897
 0.77806664 0.82888007 0.88822004 0.9444848  0.95451964 0.97913809
 0.99454467 1.00813531 1.02909501 1.0645788  1.11628794 1.19242333
 1.29532112]",0.014166674,0.010024056,mean_absolute_error_optimizers.Nadam-lr=0.001
0.0031275600288063286,"[0.28562852 0.21474477 0.18956767 0.23882646 0.23596115 0.22083515
 0.15650622 0.21801856 0.21684058 0.21333493 0.21735419 0.15920752
 0.23096757 0.29538371 0.25710225 0.14626678 0.21423995 0.22211875
 0.16877424 0.17272065 0.17960587 0.24944519 0.29091157 0.27986883
 0.30042349]","[0.49965919 0.39375832 0.36368518 0.36863152 0.37837588 0.38925767
 0.40549042 0.42864125 0.45224635 0.45729756 0.44933706 0.44837961
 0.45169459 0.44705256 0.42918332 0.43703502 0.41043631 0.40823106
 0.39621393 0.36793403 0.35701731 0.3717912  0.41332299 0.45389021
 0.52299971]","[0.49405652 0.38663352 0.3573804  0.38413083 0.42666267 0.47647077
 0.53361043 0.59253117 0.65535553 0.69165485 0.70804403 0.73167478
 0.77364922 0.8257645  0.88547206 0.94274523 0.95438177 0.98088203
 0.99746014 1.01250663 1.03412379 1.07009203 1.11882303 1.19413144
 1.29641343]",0.014777758,0.010246949,mean_absolute_error_optimizers.Nadam-lr=0.001
0.0031295642368495465,"[0.23727011 0.17611137 0.16569763 0.18468561 0.20871547 0.24269818
 0.27974917 0.29446812 0.273759   0.20040608 0.19733385 0.19088205
 0.16161457 0.15037328 0.14961672 0.15712274 0.17415638 0.18140301
 0.1882647  0.19061014 0.26938939 0.25345097 0.25666021 0.26891276
 0.26341131]","[0.49965355 0.39352983 0.36302664 0.36664946 0.37478611 0.38526866
 0.39993002 0.42361115 0.44358464 0.44897995 0.44144408 0.44253722
 0.44719335 0.44207612 0.42349613 0.43259611 0.40943216 0.41005509
 0.39814193 0.37121284 0.35951172 0.37575902 0.41693768 0.45937665
 0.53208875]","[0.48593107 0.37881759 0.35119456 0.37842288 0.42233421 0.47402517
 0.53244695 0.59425413 0.65973555 0.70038659 0.71838532 0.74190668
 0.78096717 0.83116227 0.89117764 0.948541   0.95905059 0.98315014
 0.99808162 1.01182001 1.03313645 1.06992989 1.11758615 1.19413623
 1.29922279]",0.013819627,0.010037823,mean_absolute_error_optimizers.Nadam-lr=0.001
0.003117600473885735,"[0.41216318 0.17573782 0.16808161 0.21838272 0.26398385 0.21627548
 0.20830773 0.15109038 0.1516305  0.14922466 0.15158526 0.14952049
 0.15232865 0.21106981 0.20424991 0.25958876 0.31673547 0.38308706
 0.37893344 0.35318801 0.2901644  0.29899653 0.3099697  0.36063362
 0.36579927]","[0.50353736 0.39898481 0.36966076 0.37410438 0.38246277 0.39328374
 0.40933883 0.43270197 0.45636923 0.46489485 0.45879486 0.45781502
 0.46135538 0.45512057 0.4379087  0.44377897 0.41998346 0.41865887
 0.40647672 0.38152876 0.37242157 0.38593141 0.42069598 0.45712905
 0.52343197]","[0.49316097 0.38680935 0.35776139 0.38413184 0.42725928 0.4788391
 0.53616922 0.59571647 0.65543388 0.69302277 0.70850356 0.73154461
 0.77373266 0.82614789 0.88811809 0.9461596  0.95872079 0.98498659
 1.00367079 1.02076307 1.04449542 1.08142188 1.12851505 1.20345146
 1.30413585]",0.014976921,0.010424305,mean_absolute_error_optimizers.Nadam-lr=0.001
0.003087335351233681,"[0.20158658 0.12421988 0.11035673 0.12055908 0.12783944 0.13515827
 0.15746922 0.18106607 0.19766123 0.15713108 0.17101444 0.18067665
 0.19359822 0.19959893 0.19542782 0.17201553 0.15567464 0.1525213
 0.14866502 0.19634963 0.2327315  0.27392733 0.35862345 0.3425731
 0.26020126]","[0.49393319 0.38975228 0.36079418 0.36688872 0.37709344 0.38856165
 0.40408346 0.42723525 0.4496246  0.45647293 0.4491503  0.45105126
 0.45558884 0.44974092 0.42928104 0.4348403  0.40817911 0.40457649
 0.39088764 0.36367045 0.35390929 0.36696973 0.40521054 0.44191318
 0.50820169]","[0.48655953 0.38198027 0.35640492 0.38695354 0.43339065 0.4865883
 0.5454796  0.60585592 0.66753474 0.70551969 0.72055139 0.74095408
 0.77962692 0.83063059 0.89183447 0.95010876 0.9619223  0.98759721
 1.00588593 1.02392412 1.04788273 1.08401343 1.12753735 1.20225365
 1.30826139]",0.0147489635,0.010760058,mean_absolute_error_optimizers.Nadam-lr=0.001
0.0030855246980985005,"[0.31379271 0.19187337 0.24183071 0.25870253 0.26397216 0.27659042
 0.33333526 0.26083166 0.26617779 0.21194037 0.209602   0.15695616
 0.18820797 0.18943466 0.28891793 0.21964861 0.18329417 0.24288628
 0.25342142 0.21824053 0.18587213 0.20550858 0.22281678 0.24022189
 0.26005506]","[0.49307107 0.38778306 0.35749517 0.361753   0.37284103 0.38516192
 0.40045418 0.42042471 0.44457608 0.45014921 0.4418411  0.44169605
 0.44674952 0.44212694 0.42227095 0.42939231 0.40522846 0.40559917
 0.39492386 0.36949579 0.35885326 0.37300582 0.41430146 0.45218933
 0.51900351]","[0.48673062 0.37811377 0.34719208 0.3752457  0.42266393 0.47764677
 0.53866726 0.60223407 0.66842323 0.71301876 0.73415483 0.7602411
 0.80125575 0.85144342 0.91258446 0.97009234 0.98270328 1.00933448
 1.0267196  1.04112195 1.061838   1.09411786 1.14088919 1.21644222
 1.32010532]",0.015543468,0.011225728,mean_absolute_error_optimizers.Nadam-lr=0.001
0.003053068553407987,"[0.19924863 0.12788809 0.12149171 0.14094109 0.14474345 0.14990353
 0.20088743 0.26668003 0.27477432 0.27420483 0.2736575  0.21135454
 0.19652515 0.17636039 0.20629074 0.21098189 0.21854789 0.22847682
 0.23257556 0.26348785 0.2024832  0.21110327 0.22930994 0.22720013
 0.24219964]","[0.49109508 0.38920203 0.36229032 0.36645782 0.37469639 0.38590611
 0.40272065 0.42650122 0.45124522 0.45632996 0.44806103 0.44689485
 0.4501929  0.44507786 0.42624593 0.43281205 0.40650283 0.40500077
 0.39384986 0.36849623 0.35941699 0.37443917 0.4108329  0.44602897
 0.5124796 ]","[0.47952043 0.37490246 0.34870786 0.37722329 0.42088997 0.47220617
 0.5307889  0.59147584 0.65387625 0.69281069 0.71023319 0.73387922
 0.77495641 0.82610828 0.88827999 0.94562523 0.95817142 0.98345122
 1.00083516 1.01746443 1.04182627 1.08072388 1.13114346 1.21146279
 1.31707076]",0.015266756,0.011193559,mean_absolute_error_optimizers.Nadam-lr=0.001
0.0030656434626628957,"[0.31660621 0.1753634  0.24087182 0.14829037 0.17226948 0.32974569
 0.22169841 0.26501661 0.25132591 0.25267817 0.26626406 0.26613739
 0.21018119 0.20546924 0.20174034 0.27002308 0.26754445 0.28017695
 0.21612241 0.21130744 0.23130151 0.24068287 0.25299296 0.25528535
 0.30234541]","[0.48838848 0.3843283  0.35652339 0.36364683 0.37385785 0.3845571
 0.40180972 0.42469831 0.44862539 0.45460827 0.44537617 0.44444119
 0.44823539 0.44285111 0.42253527 0.4287399  0.40469815 0.40350598
 0.39177404 0.36554348 0.35459601 0.36805653 0.40399112 0.43805977
 0.50333506]","[0.47732146 0.37341178 0.35016934 0.38180341 0.42686393 0.47860435
 0.53681322 0.59668483 0.65849839 0.69826364 0.71625345 0.74014997
 0.7805209  0.83105538 0.89253591 0.94907908 0.96043362 0.98468169
 0.99977805 1.01365244 1.0358487  1.07398113 1.12193192 1.19987184
 1.30350904]",0.014198632,0.010131973,mean_absolute_error_optimizers.Nadam-lr=0.001
0.0030347268575181565,"[0.28841289 0.18443457 0.18084664 0.11805421 0.12250728 0.18458271
 0.18836044 0.19519476 0.14021292 0.14261272 0.15037779 0.18892654
 0.21168692 0.18410573 0.18306245 0.24905127 0.26897698 0.18121529
 0.16726133 0.22104637 0.2847822  0.25408166 0.25792645 0.24215054
 0.20384373]","[0.49123442 0.38867609 0.36009353 0.36457724 0.37272951 0.3825504
 0.39798719 0.42104538 0.44630551 0.45213572 0.44359238 0.44360502
 0.44789587 0.44369275 0.42484026 0.43197614 0.40838727 0.40607535
 0.39509288 0.37204278 0.36607278 0.38042888 0.415239   0.44789378
 0.51103212]","[0.49152432 0.3850392  0.35495858 0.38232734 0.42552838 0.47625667
 0.5317576  0.5895782  0.64700169 0.68269753 0.69898892 0.72388046
 0.76719011 0.82224893 0.88865192 0.95066476 0.96687262 0.99398723
 1.0131697  1.03151876 1.05602777 1.09564766 1.14184218 1.22126016
 1.32942495]",0.015344016,0.0112733245,mean_absolute_error_optimizers.Nadam-lr=0.001
0.0030256762094795706,"[0.2404655  0.22226699 0.16924511 0.17870763 0.20522148 0.1575412
 0.13409513 0.14516093 0.14335651 0.14267643 0.19732137 0.19852701
 0.19879839 0.20396329 0.20307393 0.23798464 0.23707899 0.25545723
 0.21044026 0.27108437 0.2577361  0.19583674 0.19504881 0.18501742
 0.19625009]","[0.49024263 0.38717391 0.35928467 0.36390759 0.37202664 0.38160062
 0.39696363 0.42216339 0.44559647 0.45137405 0.44392167 0.44423338
 0.44904461 0.44576791 0.42831502 0.43314643 0.40653826 0.406227
 0.3955027  0.37125993 0.36100726 0.37239517 0.4064376  0.43629338
 0.49890438]","[0.48267469 0.37964498 0.35717907 0.38820804 0.43487726 0.4906172
 0.55158418 0.61788352 0.67945293 0.72282985 0.74435511 0.77057074
 0.81086054 0.86135933 0.92547854 0.98421668 0.99890702 1.02521958
 1.04033763 1.0500525  1.06270241 1.09066179 1.12695621 1.20241991
 1.30999052]",0.013973307,0.009727362,mean_absolute_error_optimizers.Nadam-lr=0.001
