0.0027235288290927808,0.09134245720027794,"[1.40106125 1.35996487 1.3340174  1.29389191 1.28008453 1.21881163
 1.15598936 1.13536675 1.05507433 0.99403721 0.93473157 0.88876337
 0.82472348 0.74823999 0.70189743 0.67694099 0.67372746 0.68952155
 0.73295238 0.79668622]","[1.37828793 1.32085917 1.27975333 1.24499872 1.21312716 1.18297748
 1.14204441 1.10458149 1.06835809 1.02426728 0.96209565 0.90877403
 0.85761138 0.80173344 0.73619114 0.7035947  0.66365408 0.66785147
 0.71190379 0.77225951]",mean_squared_error_optimizers.Nadam-schedule_decay=0.006
0.0021348162703216074,0.09562640882078209,"[1.27442291 1.2716344  1.24645676 1.23483237 1.20504971 1.12609833
 1.0797251  1.0380726  0.9973065  0.95778927 0.96061328 0.9217425
 0.89181641 0.8495299  0.81323733 0.787683   0.78678207 0.80003697
 0.82934157 0.87882417]","[1.317158   1.27768318 1.25206908 1.22448491 1.19975016 1.17676153
 1.14231461 1.11228004 1.08930903 1.05044274 0.9998492  0.95494125
 0.91155319 0.86910906 0.81972981 0.80765489 0.78672935 0.81234998
 0.86239925 0.92166815]",mean_squared_error_optimizers.Nadam-schedule_decay=0.006
0.0017339438291577001,0.07204182314875925,"[1.07476939 1.02739036 0.98585924 0.90545023 0.81604617 0.78659894
 0.75027009 0.73839808 0.71875773 0.70941463 0.70244517 0.69927627
 0.70245629 0.70966312 0.72743382 0.73058821 0.73950235 0.77223447
 0.81561553 0.85064799]","[1.10272856 1.01719365 0.95999539 0.90613638 0.86271194 0.82981933
 0.79977664 0.77924956 0.78207105 0.77069262 0.7567956  0.75445733
 0.75651843 0.75690923 0.75865586 0.78222194 0.78393099 0.8183967
 0.87192462 0.92639697]",mean_squared_error_optimizers.Nadam-schedule_decay=0.006
0.00402881954346473,0.06857722248293024,"[1.16796968 1.04116453 0.96334313 0.90911424 0.83420702 0.77802762
 0.70609023 0.65033575 0.61348143 0.55635264 0.63010239 0.66113954
 0.69792673 0.73738752 0.76762994 0.81863618 0.85692441 0.88936452
 0.93353128 1.00045439]","[1.27584881 1.12196598 1.01515152 0.92531119 0.85265368 0.7899543
 0.72182833 0.66923454 0.65141859 0.63097439 0.61911138 0.6298618
 0.6535924  0.67844562 0.71137196 0.76010401 0.78739612 0.84420805
 0.90752022 0.96349221]",mean_squared_error_optimizers.Nadam-schedule_decay=0.006
0.00148088535030062,0.062398351537463405,"[1.15042521 1.07439847 1.02734472 0.9540265  0.86381176 0.77868675
 0.68612301 0.62083152 0.57003818 0.55332463 0.5774247  0.60772524
 0.64108245 0.67782721 0.74185017 0.78280671 0.8732197  0.90988512
 0.95197838 0.99714119]","[1.16470876 1.03964236 0.94406088 0.8529619  0.7800201  0.71837876
 0.65598807 0.60778722 0.59248323 0.57963308 0.57698449 0.59576607
 0.62247181 0.65068736 0.68715093 0.74217776 0.76956244 0.82853547
 0.89169447 0.94748967]",mean_squared_error_optimizers.Nadam-schedule_decay=0.006
0.001410702690947801,0.06600505466983217,"[1.12005814 1.03750157 0.98274942 0.90575429 0.84351915 0.77235782
 0.68002552 0.60714141 0.564355   0.54879456 0.58025355 0.60608011
 0.64671932 0.73327087 0.75514357 0.79365717 0.83387069 0.85851492
 0.91730905 0.97709563]","[1.10723507 0.98411927 0.89379447 0.81163433 0.74736577 0.69533365
 0.64440952 0.60948471 0.60483765 0.60143024 0.60224094 0.61987333
 0.64204015 0.66536955 0.69226259 0.74147251 0.76117527 0.81355041
 0.87091805 0.92368988]",mean_squared_error_optimizers.Nadam-schedule_decay=0.006
0.0013050910386567314,0.05487764517902892,"[0.8196983  0.74772533 0.68919864 0.63445584 0.58559169 0.5387059
 0.4969426  0.46146954 0.43973829 0.43425349 0.43695563 0.45109113
 0.48462216 0.52560797 0.58936    0.59202145 0.614528   0.64405072
 0.67131335 0.71601472]","[1.0510008  0.91698659 0.82088081 0.73690109 0.6723397  0.6252271
 0.58575007 0.56264483 0.57048806 0.5768174  0.58268045 0.60232307
 0.62298608 0.63981784 0.65482305 0.6951158  0.70277116 0.74269044
 0.79448201 0.84539594]",mean_squared_error_optimizers.Nadam-schedule_decay=0.006
0.0011454206136986614,0.05582410622153889,"[0.96450212 0.88455718 0.82548336 0.75687961 0.71912831 0.64231651
 0.59063788 0.56992523 0.56586343 0.55908653 0.57241723 0.59404362
 0.57864638 0.59520013 0.60408931 0.61854032 0.62961849 0.71370964
 0.75279059 0.80782168]","[0.98753523 0.85160854 0.75290334 0.66613492 0.6047342  0.56356952
 0.53328267 0.51926588 0.53599919 0.55033927 0.56032653 0.5814548
 0.60068121 0.61538522 0.62627205 0.66540082 0.66738907 0.70394064
 0.75354508 0.80602212]",mean_squared_error_optimizers.Nadam-schedule_decay=0.006
0.0010850190363513926,0.050184758953209646,"[0.86058284 0.78259804 0.67071028 0.58510616 0.53118293 0.52842206
 0.52984681 0.45851827 0.43935667 0.43196657 0.43966533 0.44630013
 0.46369328 0.48427501 0.51573473 0.53014953 0.52712952 0.55388757
 0.56824837 0.62875744]","[0.93408684 0.80242306 0.70405299 0.61977958 0.56754424 0.53636724
 0.51751191 0.51471942 0.5387116  0.55330529 0.56086585 0.57788955
 0.59342268 0.60119385 0.60081685 0.62935374 0.62138489 0.65164631
 0.69750965 0.74811358]",mean_squared_error_optimizers.Nadam-schedule_decay=0.006
0.0010149488976070036,0.05521456782772128,"[0.8092838  0.80578748 0.68991979 0.58869238 0.595179   0.52516399
 0.51398386 0.51043727 0.51772777 0.55744191 0.54813863 0.56659096
 0.60376134 0.6131983  0.61440496 0.63121964 0.67686942 0.65806893
 0.68262477 0.74740388]","[0.90964382 0.7715019  0.66882914 0.58686077 0.54038112 0.51497914
 0.50528193 0.50964933 0.54227282 0.5601033  0.56974001 0.58879395
 0.60313393 0.61142779 0.60902181 0.63368954 0.6278924  0.65858988
 0.70084466 0.75126124]",mean_squared_error_optimizers.Nadam-schedule_decay=0.006
0.0009503796544546883,0.05482015415571364,"[0.84751046 0.74865411 0.69876015 0.59339544 0.63315845 0.57708391
 0.56182796 0.52688913 0.56804202 0.56392016 0.56321597 0.50601559
 0.51946474 0.52555606 0.5223778  0.53342221 0.54513259 0.57739579
 0.63219011 0.69043347]","[0.8641459  0.72626066 0.63156007 0.55681744 0.51818811 0.50194378
 0.49891508 0.5066664  0.54359441 0.56303811 0.57409396 0.59382472
 0.61148904 0.62298617 0.62833597 0.6501781  0.64318771 0.67067314
 0.7138777  0.76138281]",mean_squared_error_optimizers.Nadam-schedule_decay=0.006
0.0009110964968955766,0.05097313435669992,"[0.69873121 0.58748257 0.5271528  0.50286701 0.48993606 0.47620493
 0.47318495 0.44752657 0.455878   0.5785087  0.64793071 0.61602503
 0.58399273 0.62202702 0.64154789 0.65254478 0.65512907 0.72018641
 0.71882368 0.77595838]","[0.83414289 0.69240177 0.60021158 0.53301427 0.50412633 0.49573905
 0.50232592 0.51327482 0.55052061 0.56649247 0.57590117 0.59124433
 0.60561147 0.61461064 0.60918462 0.62795382 0.61218295 0.63636058
 0.67435379 0.72199767]",mean_squared_error_optimizers.Nadam-schedule_decay=0.006
0.0008675933183791737,0.05037045873470589,"[0.70473301 0.61062318 0.54919225 0.55088167 0.52559432 0.51644962
 0.47372429 0.51589736 0.5370177  0.50134057 0.50519072 0.52907744
 0.54975297 0.56194618 0.56601788 0.56874552 0.59420333 0.62445364
 0.62103842 0.69573738]","[0.7995592  0.65435637 0.56140615 0.49918126 0.47712674 0.4753718
 0.48142642 0.48901918 0.52187821 0.53689492 0.5413875  0.55580193
 0.57035894 0.57537001 0.57498155 0.58964277 0.58243033 0.6038719
 0.63770839 0.68229509]",mean_squared_error_optimizers.Nadam-schedule_decay=0.006
0.000853239656270792,0.053075654201317796,"[0.84202197 0.74706532 0.61227134 0.52338933 0.49464534 0.49923139
 0.56698278 0.50300383 0.47193156 0.49444468 0.50725584 0.5165996
 0.53479714 0.59220447 0.54672619 0.54353292 0.54318027 0.59927022
 0.64108882 0.65898073]","[0.77979154 0.64091685 0.55363352 0.49558753 0.47984171 0.48155631
 0.49284288 0.50182623 0.53631529 0.55336088 0.56010788 0.57539575
 0.58724969 0.59039535 0.58708817 0.60046898 0.58614256 0.60487704
 0.64339499 0.69264546]",mean_squared_error_optimizers.Nadam-schedule_decay=0.006
0.0008098146931733936,0.057381593855786,"[0.82118578 0.68409129 0.6439877  0.63713569 0.63254283 0.55006905
 0.62009086 0.56063963 0.59092431 0.63484122 0.61611049 0.6674128
 0.70856732 0.76231541 0.70241857 0.7111927  0.77261225 0.73302926
 0.77884275 0.83496743]","[0.75974191 0.61325261 0.52420162 0.46819773 0.4570107  0.46388254
 0.47846217 0.49369353 0.52520398 0.54335763 0.54855262 0.56149628
 0.57064343 0.57156835 0.56818714 0.57966563 0.5615031  0.57931949
 0.61499666 0.66522806]",mean_squared_error_optimizers.Nadam-schedule_decay=0.006
0.000772019681831201,0.04585133471969188,"[0.7833873  0.63432018 0.57365043 0.53480264 0.44073263 0.40378726
 0.48395498 0.49536418 0.48993998 0.49105582 0.48688006 0.49859919
 0.50499973 0.5053737  0.45007652 0.44882116 0.46234603 0.46583036
 0.54299447 0.58713015]","[0.74117104 0.60136745 0.51334808 0.45751875 0.44396593 0.44614757
 0.45401904 0.45687327 0.48909809 0.5052636  0.51459923 0.53368382
 0.55072081 0.55867808 0.55041209 0.55668993 0.52769835 0.53831196
 0.56941082 0.62018419]",mean_squared_error_optimizers.Nadam-schedule_decay=0.006
0.000784374257006372,0.04957547629798642,"[0.83984195 0.69193339 0.56453171 0.52250555 0.53285421 0.50114585
 0.51026513 0.49448859 0.48632594 0.5024754  0.49951866 0.56685652
 0.6207208  0.62656557 0.67079738 0.66045773 0.65446527 0.66485624
 0.69484318 0.69335599]","[0.74710864 0.6138512  0.53244706 0.48105008 0.46582599 0.46651838
 0.47422926 0.48202176 0.51232155 0.52807628 0.53284109 0.54508374
 0.55597326 0.5598218  0.55812387 0.56543155 0.54474202 0.56500997
 0.60503249 0.66138871]",mean_squared_error_optimizers.Nadam-schedule_decay=0.006
0.0007200911332232257,0.04784839915829634,"[0.68184298 0.57389226 0.51924648 0.4807842  0.46855156 0.48093605
 0.52057293 0.50366602 0.49940454 0.48756278 0.50582706 0.50872241
 0.51003723 0.54734087 0.53841892 0.52784675 0.51514602 0.53362192
 0.58964501 0.62629271]","[0.7412592  0.60725768 0.52429081 0.47638642 0.47031634 0.47944765
 0.49170003 0.49144682 0.51986373 0.52812423 0.5322319  0.54671143
 0.56336737 0.57370355 0.56543269 0.57662236 0.55007789 0.56118806
 0.59199916 0.64043673]",mean_squared_error_optimizers.Nadam-schedule_decay=0.006
0.0006988174732153614,0.06634605253218433,"[0.92178962 0.8740459  0.8098735  0.75810424 0.70053673 0.67652061
 0.67754918 0.68817249 0.69905523 0.69127089 0.71198149 0.74009789
 0.74164822 0.70748079 0.68717092 0.64368507 0.6321806  0.64152468
 0.65886371 0.7011067 ]","[0.88392416 0.76127112 0.68686859 0.63838852 0.62283806 0.62341615
 0.63144002 0.63956334 0.67158899 0.68407261 0.69537766 0.71299602
 0.7269409  0.73379962 0.72365708 0.72903194 0.70034363 0.70780914
 0.7386233  0.78422125]",mean_squared_error_optimizers.Nadam-schedule_decay=0.006
0.0007173600913956762,0.0470692104571333,"[0.71322582 0.58402277 0.53944213 0.48706204 0.4803238  0.4911122
 0.55277647 0.4974988  0.42706083 0.42171983 0.43686881 0.45770635
 0.47468852 0.48631731 0.49502041 0.52181418 0.51626497 0.51820155
 0.55259626 0.60372282]","[0.68474444 0.55599334 0.47376809 0.43490384 0.43886465 0.45458808
 0.46810657 0.47103541 0.49679079 0.50647462 0.51173443 0.52784048
 0.54394712 0.55471915 0.55488415 0.56722801 0.53875284 0.5545683
 0.58015388 0.63099287]",mean_squared_error_optimizers.Nadam-schedule_decay=0.006
0.0006531723037672539,0.050488322580065595,"[0.82698276 0.68411332 0.621744   0.62812882 0.63365201 0.59449288
 0.59119809 0.59007746 0.58949705 0.61779068 0.63386577 0.69469433
 0.76027916 0.71684079 0.77211595 0.77650371 0.79065428 0.74513694
 0.78060401 0.79900737]","[0.65496905 0.52592788 0.44687947 0.41533359 0.42019416 0.43323866
 0.44120705 0.44249494 0.46624927 0.47831213 0.48567431 0.50125533
 0.51804817 0.52628879 0.52542408 0.52750504 0.49433617 0.49824383
 0.52682103 0.58350567]",mean_squared_error_optimizers.Nadam-schedule_decay=0.006
0.0006596005775500089,0.04694610066120022,"[0.67552082 0.62604311 0.52254731 0.50600568 0.4915622  0.47486909
 0.47483229 0.46345938 0.45350731 0.45467893 0.46664776 0.43386944
 0.43767268 0.48307018 0.48298998 0.43140597 0.44018832 0.45656692
 0.47786591 0.53823618]","[0.6875536  0.56751117 0.49059918 0.44946839 0.44804804 0.45969233
 0.4706489  0.46935543 0.48955965 0.49951539 0.50534637 0.52033978
 0.53727396 0.54993708 0.53145317 0.53873563 0.50991623 0.51595686
 0.55075037 0.60763225]",mean_squared_error_optimizers.Nadam-schedule_decay=0.006
0.0005971188518063476,0.042803493238589466,"[0.63532699 0.54369341 0.46227303 0.39056138 0.41469491 0.41555841
 0.429481   0.41177134 0.41949419 0.43524713 0.41331073 0.47260193
 0.51491939 0.4922306  0.4659763  0.44222331 0.42805485 0.43115631
 0.45754835 0.50520488]","[0.63229042 0.5100741  0.43581482 0.4060688  0.41460395 0.43431944
 0.44724587 0.44583833 0.46578399 0.47315891 0.48024533 0.4962264
 0.5137059  0.52711576 0.52802771 0.53560525 0.50603168 0.5111579
 0.53626679 0.58857659]",mean_squared_error_optimizers.Nadam-schedule_decay=0.006
0.0005938164133112878,0.04691100012608718,"[0.67317698 0.58817898 0.50165804 0.5347323  0.50502394 0.44341853
 0.50283121 0.4728306  0.46664976 0.49522488 0.52752456 0.51575272
 0.50939499 0.5179415  0.56382031 0.539941   0.48051631 0.51184786
 0.52607607 0.57772677]","[0.62652116 0.5120842  0.44307722 0.42060825 0.42687131 0.44413026
 0.4563274  0.4556289  0.47800633 0.48289996 0.49562951 0.51944346
 0.54291466 0.56060582 0.54726127 0.54699032 0.50778092 0.49967818
 0.5183189  0.57221146]",mean_squared_error_optimizers.Nadam-schedule_decay=0.006
0.0005441300534876064,0.04486296188734253,"[0.83262663 0.59064745 0.50001659 0.50406963 0.48625634 0.48031484
 0.46589846 0.46266879 0.45879537 0.45657841 0.47332213 0.49162932
 0.55729104 0.55051213 0.61108854 0.62009763 0.61627033 0.62408252
 0.64615778 0.6650091 ]","[0.59706536 0.4694745  0.39530762 0.37688412 0.39016598 0.40716891
 0.41904977 0.41445028 0.43497272 0.43811554 0.44439579 0.46289459
 0.48728394 0.50959632 0.50664277 0.52179207 0.48638988 0.48287513
 0.50681414 0.56171994]",mean_squared_error_optimizers.Nadam-schedule_decay=0.006
0.0005349701341474429,0.04192439008254258,"[0.59353971 0.44234102 0.44915057 0.44490598 0.46751456 0.46884402
 0.46982617 0.46335366 0.45308079 0.44714603 0.45790021 0.46740795
 0.48735525 0.5045401  0.51332225 0.51405417 0.50115583 0.50015189
 0.51836187 0.52147872]","[0.57166559 0.44992182 0.38361699 0.37213709 0.38904284 0.40891734
 0.42116317 0.41416123 0.43062729 0.43531209 0.44567785 0.46810973
 0.49501176 0.51443138 0.51090953 0.52182247 0.48288031 0.47805277
 0.49868954 0.55655883]",mean_squared_error_optimizers.Nadam-schedule_decay=0.006
0.0005359722419719523,0.04615153202968995,"[0.67745793 0.52373893 0.47628507 0.42178063 0.43961502 0.46836609
 0.41467335 0.46794752 0.46112628 0.46687199 0.48435627 0.54409956
 0.49045535 0.4893006  0.51241259 0.58001011 0.51671394 0.62015496
 0.60839704 0.61976358]","[0.61258876 0.50881534 0.44886594 0.43477189 0.44995155 0.4629072
 0.46712232 0.45754433 0.47152774 0.47270936 0.47797051 0.49572211
 0.51736705 0.53753214 0.53239558 0.53810914 0.50378028 0.50112906
 0.51743914 0.56788017]",mean_squared_error_optimizers.Nadam-schedule_decay=0.006
0.0005530667003865043,0.04102062328878717,"[0.57352924 0.48539323 0.43894435 0.42215406 0.43311074 0.42159973
 0.42667807 0.38668295 0.36529839 0.33983447 0.37436114 0.38444194
 0.38677932 0.48572235 0.49496947 0.49800831 0.49587062 0.50710922
 0.52607466 0.57967225]","[0.5571209  0.43862457 0.37486535 0.36726873 0.3876016  0.40764595
 0.41756882 0.40454243 0.41889509 0.41688282 0.4217808  0.44067659
 0.46657256 0.48694458 0.48243536 0.49743953 0.45991928 0.45680023
 0.47912873 0.5364595 ]",mean_squared_error_optimizers.Nadam-schedule_decay=0.006
0.0005037045092709983,0.039604330824970994,"[0.5252521  0.40564052 0.35191347 0.34120675 0.33902624 0.35064674
 0.34945499 0.34537744 0.34813702 0.35459932 0.39151612 0.41388892
 0.43018131 0.47265323 0.46923536 0.46242496 0.47182977 0.55918111
 0.43902181 0.47278785]","[0.57302017 0.45693852 0.39817493 0.38705445 0.40260692 0.41964952
 0.43123134 0.42585962 0.43879661 0.43403611 0.43750945 0.45692375
 0.47797412 0.49218579 0.48670207 0.50134862 0.46571741 0.46572216
 0.48644244 0.53978143]",mean_squared_error_optimizers.Nadam-schedule_decay=0.006
0.0004953615456664314,0.04167494188093916,"[0.59950108 0.44816729 0.39212949 0.36172093 0.3641237  0.38619054
 0.39041061 0.41958584 0.41913019 0.38047368 0.37893247 0.4197381
 0.49774402 0.56177299 0.65232788 0.59104705 0.58253988 0.66372211
 0.64838697 0.68525445]","[0.53807428 0.41365355 0.35528804 0.34660933 0.36725668 0.38643115
 0.39879246 0.3911375  0.40679175 0.40054017 0.39576492 0.40791048
 0.42896395 0.45028417 0.44822744 0.46473054 0.42731481 0.42020722
 0.4391612  0.49835403]",mean_squared_error_optimizers.Nadam-schedule_decay=0.006
0.0004533658013291036,0.04010080158461759,"[0.58597377 0.50253427 0.49752552 0.49881889 0.4549186  0.44803689
 0.44466571 0.43718085 0.42128796 0.36946074 0.37805671 0.38851302
 0.44119379 0.50894698 0.54603792 0.49171371 0.5210547  0.49735847
 0.50981857 0.55247062]","[0.54193307 0.42657583 0.37414027 0.36907764 0.38714137 0.40482793
 0.41325872 0.40524179 0.41789178 0.41479716 0.40852514 0.42177779
 0.44671291 0.47185879 0.47244685 0.48242741 0.44387855 0.43497468
 0.4532112  0.50819194]",mean_squared_error_optimizers.Nadam-schedule_decay=0.006
0.0004841399952226008,0.04062031511370497,"[0.48957439 0.40653469 0.35425348 0.3497516  0.37320719 0.39365609
 0.4027428  0.38516616 0.42797056 0.4198373  0.46950061 0.39296726
 0.4040479  0.40743508 0.40543852 0.39816302 0.3894963  0.3903386
 0.42304699 0.55078584]","[0.5465375  0.4320692  0.37444233 0.36860352 0.38920302 0.40728369
 0.41688155 0.41731724 0.43336026 0.4344264  0.43832091 0.453717
 0.47166046 0.48112423 0.48219251 0.48908789 0.44372209 0.43184695
 0.4421967  0.49495514]",mean_squared_error_optimizers.Nadam-schedule_decay=0.006
0.000434107024455443,0.043788360040584375,"[0.81066377 0.72758987 0.57070989 0.51246706 0.59775515 0.58624247
 0.56150313 0.51450672 0.49474268 0.43636264 0.45524157 0.51830381
 0.56652145 0.5976983  0.57603016 0.49756861 0.48537181 0.55925633
 0.56287078 0.61847671]","[0.53626856 0.42171228 0.37132591 0.36174995 0.38087941 0.40101654
 0.41030201 0.40439551 0.41423457 0.40819877 0.40080744 0.41234629
 0.43811613 0.46690673 0.47253867 0.48928012 0.45302926 0.43683753
 0.45129362 0.50591361]",mean_squared_error_optimizers.Nadam-schedule_decay=0.006
0.0004595871710916981,0.037382412954837255,"[0.6272548  0.45731236 0.43218731 0.47770019 0.48626851 0.48700792
 0.48786633 0.48350685 0.48993485 0.42396866 0.43018326 0.43819497
 0.38954617 0.4048442  0.35485078 0.35541827 0.3399641  0.33381163
 0.35563709 0.47719967]","[0.52064229 0.40806588 0.35673459 0.35092861 0.36949663 0.38285507
 0.39009018 0.38781314 0.40090466 0.39529986 0.39323823 0.40436609
 0.42309817 0.44164349 0.44079503 0.45519005 0.41490724 0.40534605
 0.4182398  0.47606969]",mean_squared_error_optimizers.Nadam-schedule_decay=0.006
0.0004287265126671021,0.037719672167091926,"[0.61096539 0.42159468 0.37709354 0.41883686 0.45509636 0.40740357
 0.40795734 0.3989397  0.38309977 0.37435847 0.3829898  0.38092628
 0.37807795 0.38540375 0.35891257 0.36280069 0.3713143  0.38808191
 0.44872906 0.50158327]","[0.52490668 0.41437303 0.36476249 0.36038278 0.38215678 0.40193936
 0.4047544  0.38837178 0.39468541 0.39197773 0.39670468 0.41478504
 0.43842589 0.45622079 0.45721431 0.4709725  0.43593966 0.42072018
 0.43719434 0.49729729]",mean_squared_error_optimizers.Nadam-schedule_decay=0.006
0.00042135219376844666,0.038185255076215216,"[0.46371406 0.3803587  0.32839425 0.38290076 0.40339458 0.42393009
 0.42427552 0.47684292 0.44654256 0.45593993 0.45727886 0.45064529
 0.46221155 0.38292989 0.3660606  0.35322849 0.35355825 0.35206729
 0.36829256 0.41876658]","[0.53395489 0.42334331 0.37801781 0.37904013 0.39585767 0.41133378
 0.41911702 0.4089524  0.41574796 0.41041948 0.40408013 0.41270224
 0.43383354 0.45651076 0.45338728 0.46667952 0.43284535 0.41887688
 0.42635188 0.48197993]",mean_squared_error_optimizers.Nadam-schedule_decay=0.006
0.0003889649925210203,0.0360552735181371,"[0.48504035 0.40411242 0.36116755 0.362519   0.38034965 0.41588941
 0.38914694 0.39528095 0.3277113  0.31610762 0.3159112  0.32294576
 0.33119    0.34770586 0.35569535 0.34921811 0.4000458  0.38333209
 0.40128959 0.46759522]","[0.50003541 0.39389719 0.34903276 0.35288393 0.3732984  0.39010884
 0.3992265  0.39941216 0.40702616 0.39744837 0.3919008  0.40165163
 0.41771827 0.43309737 0.43314222 0.44461525 0.40724254 0.3985403
 0.41224546 0.46870244]",mean_squared_error_optimizers.Nadam-schedule_decay=0.006
0.00039506066241301596,0.037391368313343616,"[0.53956066 0.36445129 0.32587911 0.39952472 0.47836669 0.43295421
 0.4413585  0.42812995 0.41230146 0.40648837 0.41351573 0.39945301
 0.43739714 0.49524101 0.47440891 0.50682641 0.48043731 0.45720757
 0.48998707 0.46750312]","[0.49703935 0.39430454 0.34994478 0.35026139 0.36728612 0.38090275
 0.38776978 0.37774884 0.38571547 0.37935654 0.37300677 0.38470983
 0.41954117 0.44716372 0.43832615 0.45671962 0.41595253 0.39931374
 0.41349144 0.47260971]",mean_squared_error_optimizers.Nadam-schedule_decay=0.006
0.00042323765150892236,0.042158139871615236,"[0.7018081  0.54358814 0.54986189 0.47033716 0.42734225 0.44170725
 0.49092273 0.45548203 0.44483899 0.43509608 0.46457264 0.39486466
 0.40230876 0.40777147 0.43296884 0.46267255 0.45698224 0.45644312
 0.46485344 0.49272781]","[0.50907863 0.4025262  0.36158483 0.36788108 0.38327004 0.3922453
 0.39475674 0.39566929 0.40993927 0.41352523 0.41492194 0.42308803
 0.43994879 0.46251616 0.46729947 0.48448801 0.44800936 0.43177345
 0.43226339 0.48247177]",mean_squared_error_optimizers.Nadam-schedule_decay=0.006
0.00039337316531843193,0.04008033249307311,"[0.60628077 0.51947899 0.45673313 0.45876013 0.44868036 0.44090711
 0.4409484  0.45964687 0.49802692 0.42299565 0.43487991 0.50089863
 0.50293825 0.53482586 0.52882846 0.47679838 0.45923215 0.46276754
 0.4961606  0.53706978]","[0.47666291 0.3767183  0.34213076 0.34839896 0.36254102 0.37545026
 0.38263459 0.37694786 0.38899543 0.38479341 0.38339271 0.3979372
 0.42170914 0.44246569 0.44013693 0.44873346 0.41218295 0.40598243
 0.41932265 0.47515311]",mean_squared_error_optimizers.Nadam-schedule_decay=0.006
0.0003890746444230899,0.03597642134130844,"[0.53511728 0.41492954 0.33934381 0.39867623 0.40673151 0.42461446
 0.3526097  0.34262306 0.2998191  0.29041467 0.36285295 0.3534749
 0.37608191 0.38500404 0.38208887 0.34890305 0.33778449 0.38631383
 0.3997571  0.45136621]","[0.47854777 0.37548016 0.33813378 0.34151879 0.35692515 0.36825802
 0.3720741  0.36559263 0.37120863 0.36344185 0.35890063 0.3716622
 0.39434907 0.41390685 0.41687221 0.43360096 0.3994554  0.39053857
 0.39944524 0.45109348]",mean_squared_error_optimizers.Nadam-schedule_decay=0.006
0.00037328177643939855,0.03767091881964182,"[0.63197063 0.46676553 0.4758604  0.43283295 0.45857348 0.41528925
 0.46192334 0.44507518 0.41898544 0.41549443 0.40756196 0.43576954
 0.40463117 0.41539337 0.458939   0.4932147  0.46392171 0.38923009
 0.40501066 0.44518668]","[0.48608946 0.37993491 0.34839678 0.35186776 0.36189165 0.37381116
 0.37622142 0.37162274 0.38009578 0.38295637 0.38205997 0.39379777
 0.41367029 0.43214936 0.43974375 0.45911934 0.42568622 0.41859762
 0.42222697 0.46956998]",mean_squared_error_optimizers.Nadam-schedule_decay=0.006
0.0003810311620666956,0.0374152164171604,"[0.62698283 0.38820499 0.40510443 0.32990698 0.32194987 0.3320595
 0.34420668 0.33843043 0.36791919 0.31190583 0.31549391 0.36140005
 0.38453244 0.47661692 0.4515568  0.42362443 0.39441896 0.39800364
 0.40795571 0.42715654]","[0.47610478 0.38323133 0.35322467 0.3581254  0.37393339 0.38655749
 0.38956502 0.3845107  0.39864082 0.39424013 0.38490539 0.39129721
 0.40843777 0.4258644  0.42597932 0.4366072  0.40274291 0.3952492
 0.40623268 0.4599286 ]",mean_squared_error_optimizers.Nadam-schedule_decay=0.006
0.0003855067266073699,0.038615541367773155,"[0.54080735 0.44289089 0.4166905  0.4367165  0.45461198 0.45009408
 0.45344407 0.46967005 0.39862958 0.37799978 0.36995187 0.37731041
 0.39616248 0.43415266 0.42018716 0.42903641 0.45534938 0.46242374
 0.48826148 0.56284081]","[0.47197722 0.37604268 0.34397379 0.35122262 0.36294822 0.36883777
 0.36580419 0.36004668 0.37274674 0.37028979 0.36882977 0.37941383
 0.40193307 0.42422702 0.4182138  0.42966003 0.3942712  0.38150429
 0.39087997 0.44694427]",mean_squared_error_optimizers.Nadam-schedule_decay=0.006
0.0003849005831483131,0.032831988235638515,"[0.53397485 0.42492814 0.39316087 0.46538123 0.35581536 0.38583883
 0.40228109 0.39650684 0.32708385 0.28911856 0.27944441 0.28080136
 0.28732616 0.29927135 0.31875936 0.35781739 0.34607387 0.34785007
 0.36568107 0.41298593]","[0.45070733 0.35939766 0.3258182  0.32820206 0.34317122 0.35416876
 0.35719393 0.3526195  0.36849526 0.37299972 0.37105179 0.37835453
 0.3947787  0.40880306 0.40596705 0.42054721 0.38505374 0.37389025
 0.37909967 0.43451029]",mean_squared_error_optimizers.Nadam-schedule_decay=0.006
0.00036364563969740025,0.03567606767414711,"[0.45615456 0.32395022 0.29777353 0.30162865 0.3196484  0.34674218
 0.34616018 0.32444511 0.31841485 0.3181929  0.30288932 0.32394214
 0.35555545 0.39899956 0.39456472 0.39906949 0.39715879 0.4184468
 0.42856041 0.474933  ]","[0.47885485 0.37346188 0.33869211 0.33653154 0.35085081 0.36006751
 0.35735894 0.34610069 0.36017176 0.36081753 0.35852445 0.36853639
 0.38677577 0.40467526 0.41293607 0.42843166 0.3937358  0.385399
 0.39695407 0.44865122]",mean_squared_error_optimizers.Nadam-schedule_decay=0.006
0.0003248781676326568,0.030573719829568774,"[0.33902718 0.26897249 0.24652107 0.26182794 0.29415212 0.31062957
 0.31378828 0.27602267 0.27062993 0.26772128 0.27655995 0.34876048
 0.2812768  0.29271398 0.3032773  0.31286438 0.33799037 0.32530402
 0.32448982 0.42156815]","[0.45734257 0.36083227 0.32936636 0.33328099 0.3514062  0.36003939
 0.35814272 0.34898105 0.36600824 0.3641737  0.35641321 0.36674974
 0.38687107 0.40851409 0.40946729 0.4294701  0.39024175 0.37177827
 0.38088935 0.43340535]",mean_squared_error_optimizers.Nadam-schedule_decay=0.006
0.0003614377217988173,0.04084593934904504,"[0.59073794 0.46246764 0.41777502 0.4395088  0.43710411 0.45685247
 0.46974931 0.46638185 0.50625028 0.50915376 0.49659783 0.47754975
 0.55208852 0.60513109 0.58747691 0.56061175 0.59291938 0.53553444
 0.54004332 0.57987504]","[0.46206339 0.36685014 0.3369112  0.34044628 0.35346769 0.36774853
 0.37348849 0.37421019 0.38758461 0.38243679 0.38529704 0.40582674
 0.4295049  0.43680952 0.43406317 0.4443873  0.40663622 0.39560723
 0.4033425  0.45073163]",mean_squared_error_optimizers.Nadam-schedule_decay=0.006
0.0003539725044587006,0.03226717810085391,"[0.4449255  0.29358304 0.27252839 0.27382364 0.28822233 0.30478635
 0.30353681 0.28761361 0.27713085 0.27328676 0.28650128 0.29559746
 0.29689011 0.31226363 0.34063182 0.35837499 0.35983698 0.4083394
 0.38218483 0.40622854]","[0.46565549 0.37162799 0.33872775 0.33835375 0.35427912 0.36612998
 0.36818447 0.36197802 0.37805069 0.37683035 0.36927307 0.38232036
 0.40432446 0.42126499 0.41547109 0.42821351 0.39507814 0.38537335
 0.39972905 0.46069183]",mean_squared_error_optimizers.Nadam-schedule_decay=0.006
0.0003074715934150542,0.03218766014599112,"[0.49485529 0.39794281 0.35839289 0.36780259 0.38777293 0.39327985
 0.38398991 0.37383596 0.33696663 0.30152076 0.30334765 0.31371003
 0.32292351 0.3615196  0.3690838  0.39762627 0.38872122 0.38419072
 0.3753427  0.41505119]","[0.44270938 0.35307488 0.32656431 0.3310428  0.34781123 0.35277536
 0.35410298 0.34212399 0.35811131 0.35980229 0.35811046 0.37432827
 0.40162744 0.42401677 0.43347046 0.4469271  0.41422878 0.39944047
 0.40531464 0.45622838]",mean_squared_error_optimizers.Nadam-schedule_decay=0.006
0.00030022902538379034,0.03728603061430122,"[0.51029483 0.42196516 0.38480653 0.38966078 0.41677342 0.4790912
 0.56401047 0.60331151 0.57525117 0.57055589 0.61850387 0.4940927
 0.49214073 0.54833953 0.48311561 0.48163178 0.44831803 0.49898976
 0.45053511 0.51546491]","[0.43459201 0.34029516 0.31335282 0.31663841 0.33008875 0.33801244
 0.33834697 0.33327529 0.35198419 0.35451209 0.34631976 0.35744789
 0.37827772 0.39418933 0.39903617 0.41466587 0.37824341 0.36241123
 0.36610555 0.41882267]",mean_squared_error_optimizers.Nadam-schedule_decay=0.006
0.0003349967151492213,0.031163970736607795,"[0.48181141 0.38932677 0.40093201 0.32766773 0.3310701  0.32573652
 0.32121679 0.31997436 0.30498181 0.35938842 0.30919818 0.30921645
 0.32485161 0.34660706 0.35822905 0.37078172 0.35071112 0.33905058
 0.35632969 0.40427262]","[0.43252677 0.33841106 0.31281592 0.31885534 0.33395855 0.34456332
 0.34720468 0.34696399 0.36213944 0.35562609 0.34944955 0.3586686
 0.37953999 0.39426489 0.39946362 0.41465331 0.37579874 0.36037291
 0.36098904 0.41727911]",mean_squared_error_optimizers.Nadam-schedule_decay=0.006
0.00032014357356820254,0.0336139098467556,"[0.47881094 0.41412991 0.38651375 0.33535816 0.36371211 0.38341732
 0.39884395 0.38593001 0.32049374 0.31438953 0.32123603 0.38937664
 0.30563231 0.36372849 0.40538471 0.41493845 0.46680476 0.3888169
 0.443853   0.44230634]","[0.44048692 0.3412062  0.31758428 0.32243109 0.3398115  0.34924426
 0.356334   0.35248266 0.37016274 0.36667895 0.3606422  0.36951699
 0.38948255 0.40647011 0.40505401 0.41634563 0.38141657 0.37274921
 0.38364879 0.43247332]",mean_squared_error_optimizers.Nadam-schedule_decay=0.006
0.0003239803476026282,0.03579842631084456,"[0.36536425 0.31046403 0.3476285  0.42261017 0.54166506 0.51047294
 0.45590226 0.42614213 0.41023705 0.40886914 0.42709986 0.46768623
 0.48459706 0.51734138 0.46007324 0.47182899 0.45789229 0.4546535
 0.46695569 0.57334653]","[0.43712911 0.34207174 0.31989099 0.32618052 0.34083    0.35530585
 0.36085613 0.35081074 0.36297873 0.36842408 0.36985168 0.38258378
 0.39832914 0.40901681 0.40426401 0.41701417 0.38239719 0.36718016
 0.37916847 0.43802479]",mean_squared_error_optimizers.Nadam-schedule_decay=0.006
0.000344876348778295,0.031534680134680984,"[0.44644359 0.37816689 0.31476997 0.32027194 0.32737117 0.27295055
 0.31917618 0.31405807 0.3063225  0.36774346 0.32421107 0.28596303
 0.34269271 0.30278285 0.2968451  0.34177656 0.35193914 0.39262819
 0.3626754  0.4080173 ]","[0.44499237 0.35497415 0.33108556 0.33600031 0.34972041 0.35447511
 0.35960381 0.360972   0.38243721 0.3805999  0.37719428 0.38126889
 0.39609454 0.41113233 0.40934317 0.42445287 0.3860473  0.37874908
 0.38803395 0.44237194]",mean_squared_error_optimizers.Nadam-schedule_decay=0.006
0.00031018436145192636,0.034479369600485865,"[0.49455933 0.41406076 0.45160527 0.46742193 0.43938057 0.52519023
 0.48622449 0.41960356 0.3877182  0.37308831 0.36678156 0.36420882
 0.35827557 0.36412711 0.36734237 0.37370212 0.38595477 0.37052943
 0.39359657 0.44497586]","[0.42038123 0.33003053 0.31331621 0.31962805 0.33147845 0.33757465
 0.33783341 0.33511129 0.34923785 0.34832386 0.34440153 0.35368356
 0.37575843 0.39072361 0.40728683 0.41229871 0.37142878 0.36064202
 0.36852477 0.42324456]",mean_squared_error_optimizers.Nadam-schedule_decay=0.006
0.00029827266093343497,0.03341176346417916,"[0.44697583 0.30523571 0.29426026 0.28848255 0.30275296 0.29964369
 0.34478322 0.29760502 0.301655   0.2905972  0.30695329 0.30305096
 0.37638602 0.37757692 0.38995885 0.32697899 0.3268384  0.37829903
 0.35020863 0.38934385]","[0.42872924 0.33896148 0.31495465 0.32120868 0.33974377 0.34910301
 0.35183085 0.34849129 0.36793187 0.37108009 0.37157173 0.38140459
 0.40049397 0.41829456 0.41640893 0.43075858 0.39498369 0.37744173
 0.38503761 0.43680121]",mean_squared_error_optimizers.Nadam-schedule_decay=0.006
0.00030224706835967177,0.03581227649641445,"[0.52466788 0.4008041  0.37681571 0.378536   0.30347457 0.32891228
 0.41482077 0.38272757 0.38636956 0.34626707 0.40689744 0.46862116
 0.46398557 0.45337526 0.44812605 0.45779143 0.48854321 0.45550461
 0.46011363 0.46719341]","[0.41768566 0.33299485 0.30827821 0.30988301 0.32037979 0.3310954
 0.34456275 0.3438502  0.35950127 0.35350929 0.34705583 0.354535
 0.37247426 0.38758169 0.3858167  0.40069546 0.36376531 0.36054612
 0.37250265 0.42248962]",mean_squared_error_optimizers.Nadam-schedule_decay=0.006
0.00031015801158112787,0.03051401693313575,"[0.5045914  0.44985145 0.32806082 0.32608159 0.41438908 0.43673332
 0.38594265 0.33375056 0.27935194 0.3110507  0.31034713 0.31833912
 0.34960173 0.29644789 0.28753888 0.29269768 0.29444142 0.29332821
 0.31886194 0.37376114]","[0.4138071  0.32691188 0.30455474 0.30951206 0.32263572 0.33311571
 0.33527978 0.3256021  0.3436072  0.34251321 0.33386802 0.3419073
 0.36069007 0.37761459 0.37345003 0.38334766 0.34900969 0.33270497
 0.33701557 0.3915847 ]",mean_squared_error_optimizers.Nadam-schedule_decay=0.006
0.0002932289639138617,0.02785963457025606,"[0.30699586 0.24187082 0.23075483 0.24301847 0.24586046 0.25553769
 0.26110312 0.26728877 0.26096313 0.25469614 0.26270603 0.30696534
 0.26882509 0.32295156 0.27851748 0.27549633 0.27551162 0.28411723
 0.28931627 0.33689255]","[0.41645747 0.32724826 0.3031215  0.30900203 0.31979999 0.32758808
 0.33396175 0.32647088 0.34474284 0.34767201 0.34241292 0.35066041
 0.36532467 0.3771998  0.38022208 0.40200398 0.36380674 0.3491844
 0.35519379 0.41228423]",mean_squared_error_optimizers.Nadam-schedule_decay=0.006
0.00028727450027751425,0.028475349845332412,"[0.40805948 0.33206154 0.29107842 0.293454   0.30139455 0.29258617
 0.27839156 0.27281879 0.26575801 0.27837051 0.29077369 0.25943389
 0.26818356 0.27871599 0.27162662 0.26965594 0.2667773  0.26649171
 0.27775139 0.31910095]","[0.40484616 0.31632926 0.29400505 0.29824688 0.31245162 0.32573706
 0.3372342  0.3426742  0.35864721 0.35764132 0.34730901 0.35436487
 0.37130514 0.38416559 0.38193316 0.39892605 0.36360174 0.35469767
 0.36201509 0.40795548]",mean_squared_error_optimizers.Nadam-schedule_decay=0.006
