0.0030890821119149525,"[1.61801341 1.62811559 1.63591079 1.63620626 1.62957023 1.61323965
 1.5798537  1.55035969 1.51840417 1.4889465  1.45200418 1.41599424
 1.37813638 1.33707643 1.2864229  1.24284835 1.19697261 1.1553308
 1.11864931 1.08084342 1.03653285 1.00886148 0.96694815 0.93040406
 0.89099668 0.86497248 0.85104768 0.85145108 0.87873082 0.93295764]","[1.63135018 1.61035962 1.60764163 1.60518464 1.60094727 1.59033136
 1.56529703 1.54042123 1.52884625 1.4985048  1.4608386  1.42489275
 1.38824497 1.34489802 1.28270698 1.23541473 1.16088021 1.12681638
 1.09601067 1.05295173 1.01385116 0.97112147 0.94392627 0.9063371
 0.89198862 0.85539277 0.83847432 0.84977987 0.87057029 0.91872332]","[1.42247221 1.34460979 1.29318798 1.25296532 1.21994825 1.19156452
 1.15193497 1.11469203 1.0755936  1.02988307 0.97339902 0.92460214
 0.87587823 0.82371936 0.75496928 0.71912567 0.67024988 0.65935126
 0.69830174 0.75175515 0.81935879 0.90468932 1.00477469 1.08298683
 1.16193905 1.21408304 1.26629877 1.32351858 1.36773151 1.40813942]",0.00814004,0.0013590561,mean_squared_error_optimizers.Adam-lr=0.002
0.002624750718784829,"[1.42620599 1.40766339 1.39102397 1.37581651 1.36207421 1.34317243
 1.32239688 1.29419143 1.27076381 1.24117888 1.21931391 1.19773206
 1.1723011  1.15180684 1.11673292 1.09254606 1.05792961 1.03099588
 1.00060761 0.9770606  0.95335112 0.93728505 0.91832769 0.90211077
 0.88602705 0.87569853 0.87590568 0.89142168 0.91866076 0.97401415]","[1.43046344 1.37519954 1.34055622 1.31688073 1.29956954 1.28483639
 1.26250023 1.24427532 1.24747464 1.23133041 1.20413432 1.17977062
 1.15339802 1.11860458 1.07367828 1.04429154 0.98502771 0.96629805
 0.94544962 0.9166021  0.89092623 0.85900676 0.84333204 0.82782159
 0.8315307  0.80532168 0.80036332 0.82010161 0.85421512 0.90537242]","[1.28279814 1.18477177 1.11508386 1.06383867 1.02526533 0.99945919
 0.96986687 0.94629757 0.9298786  0.90548318 0.86652544 0.83639897
 0.80529953 0.76990116 0.72402567 0.70843474 0.6723112  0.6795079
 0.71925001 0.77166126 0.83618049 0.91222802 1.00755338 1.08510678
 1.16238922 1.20998327 1.26148066 1.31794583 1.36623141 1.40867773]",0.007549396,0.000944425,mean_squared_error_optimizers.Adam-lr=0.002
0.0018486510474855701,"[1.15356595 1.08967034 1.03642867 0.9904701  0.94307682 0.91031681
 0.87378306 0.85181267 0.82888301 0.82209252 0.82635739 0.83487237
 0.83086725 0.83048673 0.82867767 0.82530087 0.82643965 0.82542621
 0.82000893 0.83198121 0.84916043 0.86137275 0.87506609 0.89021713
 0.90526763 0.918001   0.93279434 0.95282351 0.98054573 1.0190371 ]","[1.1321791  1.02795941 0.95035209 0.88966518 0.84577878 0.81585965
 0.78899004 0.77446085 0.78654219 0.78567583 0.78038298 0.78572469
 0.78963331 0.78677228 0.77337177 0.77779899 0.74416308 0.74686853
 0.75681674 0.75761056 0.76184816 0.76626454 0.7958757  0.81635504
 0.84557509 0.84397411 0.85463611 0.88344218 0.91567507 0.95806048]","[1.10581141 0.98565225 0.89351118 0.81879089 0.76635594 0.73402487
 0.70754528 0.69259822 0.69614492 0.69435908 0.68657915 0.68997775
 0.69020361 0.68460782 0.66883509 0.67646983 0.65393453 0.66437786
 0.70054497 0.74415216 0.79784752 0.86458358 0.95630245 1.0297511
 1.10569439 1.1557576  1.2092155  1.26865343 1.31793563 1.36378132]",0.005868108,0.0037564256,mean_squared_error_optimizers.Adam-lr=0.002
0.0014628421310335397,"[1.04605076 0.97316424 0.90809183 0.86192043 0.814573   0.77752654
 0.75172613 0.73153376 0.72795763 0.72724386 0.74472799 0.76184303
 0.78259976 0.79315212 0.80154931 0.80155547 0.79728301 0.78888919
 0.7875344  0.7834611  0.79707993 0.8142035  0.81620165 0.81529122
 0.81354795 0.80634947 0.8065895  0.81202681 0.83453346 0.87788582]","[1.04268722 0.92384993 0.83886945 0.77466824 0.7337494  0.70667056
 0.68879772 0.68243399 0.70661828 0.71824634 0.72435809 0.74268849
 0.75936194 0.76523653 0.76422285 0.76996314 0.73804742 0.73217163
 0.72874084 0.71787751 0.71285607 0.71130689 0.73146242 0.73907948
 0.75402286 0.74057938 0.73893375 0.75904395 0.78251705 0.82582139]","[1.02324277 0.89568414 0.79824466 0.72035426 0.67069693 0.64026548
 0.62305007 0.61808971 0.63771369 0.65009267 0.65576621 0.66854956
 0.67771351 0.67491914 0.67025382 0.67174907 0.64269033 0.63863816
 0.65346363 0.6808972  0.72811651 0.79691961 0.88276151 0.95937107
 1.04224768 1.09574511 1.1539778  1.21878069 1.27248855 1.3223786 ]",0.0062659904,0.0050914,mean_squared_error_optimizers.Adam-lr=0.002
0.0012381178744447728,"[0.99589543 0.91610462 0.84934929 0.8053404  0.76678548 0.74153032
 0.72496288 0.71421393 0.70984436 0.72162947 0.73942146 0.76448414
 0.78544588 0.7991288  0.80702614 0.81798841 0.81980176 0.81291553
 0.80747888 0.79969267 0.80679091 0.81213878 0.82379697 0.82525908
 0.82350414 0.82223102 0.81581676 0.81610995 0.83647851 0.87176722]","[1.00984218 0.87745772 0.78560725 0.71826373 0.68076936 0.66142492
 0.6518515  0.65596288 0.6853372  0.70204771 0.71023902 0.7290432
 0.74892175 0.75973691 0.75671217 0.76936066 0.74010422 0.73296407
 0.73118397 0.71984607 0.71711839 0.71477275 0.73708306 0.74181823
 0.7489099  0.7308563  0.72430807 0.74249872 0.76297767 0.80830889]","[0.99426631 0.85555608 0.75425026 0.67611662 0.63232523 0.60976717
 0.60092555 0.60465239 0.62926661 0.64484656 0.65062298 0.66137674
 0.67169763 0.67286523 0.66838896 0.67692681 0.65048801 0.64260177
 0.65368627 0.67369177 0.71904532 0.78670909 0.87946988 0.95758691
 1.03906944 1.09557605 1.15548732 1.22539296 1.27981805 1.33253697]",0.006500602,0.005786008,mean_squared_error_optimizers.Adam-lr=0.002
0.0011328484220430254,"[0.93957146 0.8420616  0.76628244 0.7157331  0.68310081 0.66759624
 0.65747554 0.65139767 0.6493345  0.66100052 0.68420625 0.70739903
 0.73014443 0.7477866  0.75786436 0.75236024 0.74834727 0.73766163
 0.72828527 0.72708637 0.73451909 0.74673386 0.75041439 0.75149897
 0.74147476 0.74448508 0.74701468 0.75935955 0.77441157 0.81782403]","[0.94571557 0.80406996 0.70840932 0.64196645 0.60956088 0.59869354
 0.59745579 0.60384498 0.63397812 0.6482774  0.65997524 0.68307685
 0.70610853 0.72167194 0.72440721 0.73697007 0.71179892 0.70795907
 0.70181784 0.68878829 0.68241943 0.68002672 0.70181286 0.7100577
 0.72185834 0.70892276 0.70776124 0.72977115 0.75257667 0.79613671]","[0.93503938 0.7871504  0.6832731  0.60817879 0.57301008 0.56244224
 0.56584974 0.57789864 0.60863546 0.62464597 0.63726819 0.65580305
 0.67303933 0.68219408 0.68575799 0.69610659 0.67682411 0.67620479
 0.68575811 0.7011374  0.7356776  0.79495612 0.8845104  0.95942224
 1.03813656 1.09357807 1.15295968 1.2221648  1.27758521 1.33172999]",0.006279013,0.0062401067,mean_squared_error_optimizers.Adam-lr=0.002
0.0010453493904788048,"[0.90391428 0.79834019 0.73020019 0.69106972 0.66535521 0.65048975
 0.63954628 0.63447052 0.63524871 0.64989971 0.67800783 0.70502691
 0.72607193 0.74513172 0.75349594 0.75349666 0.7511653  0.74712539
 0.73694316 0.72822476 0.72954889 0.73275296 0.74607544 0.74705598
 0.7445708  0.74423457 0.74890417 0.75145578 0.77404165 0.81748527]","[0.92724216 0.77042185 0.66797512 0.60257341 0.57915923 0.5735716
 0.57679463 0.58789006 0.61639485 0.63056188 0.63994159 0.66026025
 0.68127976 0.69268012 0.69477677 0.7061939  0.68351678 0.67834743
 0.66763267 0.65423308 0.64892971 0.64754063 0.66890514 0.68124823
 0.69590415 0.68146047 0.68093379 0.70312201 0.72410861 0.76522907]","[0.92119837 0.75777874 0.64879734 0.57715444 0.55328201 0.55036481
 0.56037869 0.57763494 0.60597754 0.62118475 0.63325605 0.65189423
 0.67040111 0.67952721 0.68722101 0.6995184  0.68582806 0.68489329
 0.68997695 0.70219066 0.73319958 0.78790406 0.87801024 0.95355595
 1.03133592 1.08683454 1.14724179 1.21652172 1.26989064 1.32107588]",0.0062212064,0.006432227,mean_squared_error_optimizers.Adam-lr=0.002
0.0009560041930526495,"[0.83723866 0.73718275 0.66386223 0.62834296 0.6015555  0.59116201
 0.58531253 0.58459073 0.59543266 0.60211463 0.62350481 0.64223475
 0.67089806 0.69131565 0.69481889 0.70074031 0.70120477 0.69312571
 0.67458549 0.66691059 0.67311484 0.67985349 0.68316874 0.68490573
 0.68646351 0.68180692 0.68163796 0.68352167 0.70416835 0.74546099]","[0.82773977 0.68147729 0.59771129 0.55175388 0.5409289  0.54396173
 0.55305716 0.56694787 0.59764375 0.61663305 0.62696941 0.64709851
 0.66889639 0.68278255 0.68641    0.7015927  0.67524243 0.66577875
 0.6517739  0.6333028  0.62426894 0.61887707 0.6439706  0.65618172
 0.6660157  0.65404729 0.65192947 0.67254115 0.6922105  0.73221793]","[0.82363364 0.66691991 0.57592745 0.52425067 0.5136548  0.52122933
 0.5371991  0.55677567 0.58605292 0.60336671 0.61442701 0.63051127
 0.64800965 0.65684142 0.66363524 0.67369563 0.65140033 0.6422438
 0.6407373  0.64626681 0.67509461 0.73291041 0.82796434 0.91068263
 0.99537019 1.06132989 1.1285971  1.20391123 1.26218091 1.31600609]",0.006071786,0.006596464,mean_squared_error_optimizers.Adam-lr=0.002
0.0009026531251923491,"[0.78916801 0.67406731 0.60848053 0.57186219 0.55774276 0.56342616
 0.55879366 0.55642255 0.5611196  0.56300625 0.58455772 0.60506671
 0.62791872 0.64869909 0.6640664  0.67699807 0.67834679 0.67102892
 0.65706005 0.64908395 0.65408212 0.65834575 0.662624   0.66316787
 0.66577586 0.66514958 0.67290395 0.67731973 0.69247123 0.72709504]","[0.79125608 0.63464342 0.54961685 0.50837349 0.50033731 0.50626591
 0.51641621 0.52510883 0.55217543 0.56659613 0.5759107  0.59888695
 0.62604606 0.64858804 0.65775672 0.6758705  0.65090118 0.63972888
 0.62781215 0.60486077 0.59192194 0.58659529 0.6085814  0.61704388
 0.63025694 0.61773548 0.61525262 0.63386533 0.65518268 0.70030005]","[0.7875852  0.61957735 0.52804534 0.4825278  0.47595456 0.48783762
 0.50319238 0.51740785 0.5411606  0.55318619 0.56284194 0.58069468
 0.60209273 0.61863789 0.62685705 0.63920636 0.61501258 0.60141491
 0.59757934 0.60067116 0.63171769 0.69300427 0.80213273 0.88614317
 0.9684365  1.03620026 1.10493534 1.17989726 1.2377985  1.29292316]",0.005860521,0.006709191,mean_squared_error_optimizers.Adam-lr=0.002
0.0008112439869437367,"[0.81137461 0.69314257 0.63346102 0.59840829 0.58973997 0.58955023
 0.58906501 0.59303657 0.59992903 0.59859237 0.61964557 0.64062033
 0.6581496  0.66807268 0.67877708 0.68820204 0.68523829 0.68469484
 0.67544563 0.65944674 0.66048585 0.66785795 0.67126497 0.66759324
 0.67646797 0.67998085 0.68768481 0.70035949 0.71630542 0.75565766]","[0.74649163 0.60346295 0.52885105 0.50107555 0.50547794 0.52065604
 0.53514345 0.54769558 0.57557608 0.58892607 0.59607301 0.61417869
 0.63623721 0.65325932 0.66345004 0.67966805 0.65803782 0.6497726
 0.63887933 0.61951606 0.60569072 0.60121738 0.62994881 0.64073724
 0.6525763  0.64264167 0.64649368 0.66997392 0.69454667 0.73849123]","[0.74200005 0.59259939 0.51612283 0.4872176  0.49419236 0.51610114
 0.53780231 0.56035624 0.5892468  0.60540012 0.61940844 0.64254718
 0.67010403 0.69143055 0.71028308 0.7268262  0.71142342 0.70640673
 0.7044914  0.69997944 0.71573939 0.76425995 0.85673807 0.93122878
 1.00311358 1.06493513 1.13326316 1.20843791 1.26982842 1.32490086]",0.006030748,0.007159082,mean_squared_error_optimizers.Adam-lr=0.002
0.0008382495653349906,"[0.78305051 0.685561   0.62112733 0.59824302 0.59164136 0.59555339
 0.59421889 0.60050958 0.60582276 0.60898845 0.62446532 0.64832909
 0.66978247 0.68695907 0.70081905 0.7125624  0.71065159 0.70705093
 0.70027015 0.69276256 0.68688398 0.69162839 0.69655362 0.70763353
 0.70871734 0.71167993 0.71954418 0.72452559 0.74288328 0.77628484]","[0.77038739 0.6338478  0.55587359 0.52326847 0.52447732 0.53729915
 0.55238773 0.56534272 0.59535948 0.60952495 0.62159087 0.64145004
 0.66426714 0.68048095 0.68214462 0.69483441 0.6657719  0.6579789
 0.65180169 0.63869985 0.63496246 0.63374252 0.66027788 0.67126801
 0.68678087 0.67934138 0.68069244 0.69740117 0.71465677 0.75351066]","[0.76404101 0.62103978 0.53834104 0.50265927 0.50141732 0.51290606
 0.52811739 0.54186803 0.56358274 0.57167911 0.58266005 0.59871572
 0.6181264  0.63163391 0.63602115 0.64276566 0.61484689 0.60135209
 0.60212743 0.61338577 0.65299472 0.71864545 0.83507527 0.92150955
 1.00027927 1.07064045 1.14175682 1.21579681 1.27255791 1.32530664]",0.005799342,0.0071332892,mean_squared_error_optimizers.Adam-lr=0.002
0.0007978359143404911,"[0.75381513 0.64333634 0.57016236 0.54735232 0.54921851 0.56137447
 0.56480739 0.56400778 0.5681133  0.57269622 0.58017013 0.59936726
 0.616305   0.6355494  0.64852277 0.64906842 0.64970742 0.64329482
 0.63331726 0.62779107 0.62656218 0.62862052 0.63330237 0.6353237
 0.64285277 0.64570534 0.65329117 0.6684225  0.68191191 0.72339639]","[0.70669825 0.57565015 0.49654347 0.46278656 0.46565908 0.48146935
 0.49747637 0.51085901 0.53804481 0.54991263 0.55936086 0.57921648
 0.60169577 0.62131305 0.63537137 0.65852517 0.64345237 0.63687053
 0.62578998 0.60222343 0.58448155 0.57389057 0.59376993 0.60516065
 0.62154305 0.61765081 0.62453789 0.6503557  0.67480342 0.71864721]","[0.69721888 0.56349246 0.48498984 0.4560445  0.4648127  0.48995002
 0.51221522 0.53463009 0.56162203 0.57848096 0.60100912 0.6351353
 0.67186974 0.70486698 0.73985471 0.77580691 0.77843146 0.78842001
 0.79509986 0.79315806 0.80274679 0.83686126 0.8836849  0.94443351
 1.02118526 1.07144502 1.12884979 1.19921724 1.25509334 1.3107524 ]",0.0055966815,0.0073433393,mean_squared_error_optimizers.Adam-lr=0.002
0.0007525559815112501,"[0.74578375 0.63297513 0.56967925 0.54368583 0.54668024 0.55204033
 0.55620371 0.5507256  0.55182552 0.55643045 0.57288567 0.59467299
 0.62019745 0.63678939 0.6462581  0.66279781 0.66692633 0.66111481
 0.65119463 0.6464019  0.64310211 0.64779603 0.65511074 0.65995995
 0.66137429 0.66571867 0.67172056 0.67997111 0.69615002 0.73050717]","[0.72294631 0.59507531 0.52196938 0.4878435  0.48989434 0.50348239
 0.51850608 0.53189793 0.55979793 0.57334122 0.58332179 0.60527279
 0.62707371 0.64379941 0.65239595 0.67079644 0.64515421 0.62929517
 0.61575422 0.59375883 0.58053225 0.57861994 0.60439345 0.61780542
 0.63392148 0.62849294 0.63300967 0.65800481 0.68305026 0.72880716]","[0.71190199 0.58044656 0.50517034 0.47431626 0.48099481 0.50090405
 0.5205907  0.53833024 0.5593265  0.56950987 0.58413108 0.61150094
 0.64076466 0.6652333  0.68956283 0.71577796 0.70563376 0.70390797
 0.70834417 0.71071217 0.73468706 0.78864293 0.85750105 0.93331347
 1.0180779  1.07844298 1.14395534 1.21828446 1.27530728 1.32949556]",0.005601544,0.007436841,mean_squared_error_optimizers.Adam-lr=0.002
0.0007439224812357376,"[0.71421346 0.60824686 0.54963908 0.52902212 0.53299867 0.54596613
 0.55251935 0.55723956 0.55334503 0.56247674 0.57425569 0.59288998
 0.60966749 0.62171497 0.6297103  0.63777077 0.64115183 0.63802991
 0.62465598 0.6084693  0.60378719 0.60655983 0.61421167 0.62125513
 0.62554597 0.6266624  0.62734887 0.6381294  0.66232851 0.70574672]","[0.70764713 0.58830742 0.51679096 0.48697755 0.48921743 0.50027401
 0.51076262 0.51956268 0.54458969 0.55449552 0.56059541 0.57841326
 0.60169365 0.6202996  0.63078251 0.65178929 0.62947062 0.61582926
 0.59757025 0.5740845  0.55988516 0.55550078 0.5816017  0.59209568
 0.60729197 0.60270726 0.61006282 0.63558489 0.66206051 0.71087984]","[0.69671965 0.57336192 0.50065515 0.47362521 0.47978926 0.49736624
 0.51236976 0.52606694 0.54518776 0.55446127 0.56711026 0.59075039
 0.61992755 0.64345438 0.66535289 0.68947565 0.68067233 0.6738304
 0.66943684 0.66608007 0.68667236 0.74197044 0.83720001 0.9135404
 0.98991091 1.0568234  1.126551   1.2036716  1.26351681 1.31996119]",0.005461552,0.007419402,mean_squared_error_optimizers.Adam-lr=0.002
0.0007053827183165898,"[0.69407587 0.59410958 0.5308194  0.517293   0.5273488  0.53183045
 0.53290162 0.53516526 0.53280139 0.53962192 0.55737075 0.5686042
 0.58702351 0.60536036 0.6099951  0.61660962 0.61845797 0.61417706
 0.6059715  0.59692737 0.59821544 0.61072712 0.61617959 0.62050616
 0.61974875 0.61967138 0.61578879 0.61248204 0.623433   0.66009796]","[0.64396951 0.53488539 0.46634857 0.45039472 0.45979031 0.47695589
 0.49277206 0.50103607 0.52585209 0.53671452 0.54085735 0.55883455
 0.58024741 0.59966215 0.6127605  0.63372446 0.60421202 0.58977855
 0.57495491 0.55179343 0.53840051 0.53584101 0.56308594 0.5710795
 0.58229794 0.56913961 0.56721315 0.57941027 0.59877998 0.64344911]","[0.63584293 0.52460769 0.45658727 0.44463022 0.45858514 0.48389417
 0.50436738 0.51885818 0.53793834 0.54730091 0.55911776 0.58706812
 0.61838583 0.645117   0.67510556 0.70120002 0.6902561  0.68133014
 0.67269489 0.66345876 0.67771943 0.72547798 0.82280775 0.89854154
 0.97190544 1.03807447 1.10859062 1.18446396 1.24525586 1.3018962 ]",0.0055084457,0.007896575,mean_squared_error_optimizers.Adam-lr=0.002
0.0006557068776649733,"[0.66911094 0.56543559 0.51422271 0.50582415 0.51524296 0.5229171
 0.52680506 0.51991371 0.51501517 0.51534004 0.52315576 0.54176231
 0.55886894 0.5692482  0.57805774 0.59030717 0.5938344  0.58701026
 0.58320398 0.57397719 0.56869748 0.57067185 0.57865989 0.58428477
 0.58761988 0.58754849 0.59099766 0.5926898  0.60956615 0.65610552]","[0.64014084 0.52176129 0.46189813 0.44823807 0.46214046 0.4799581
 0.4895013  0.49227674 0.50848279 0.51361727 0.51130561 0.52696774
 0.55135872 0.57329942 0.59074815 0.61441534 0.59558314 0.58189751
 0.56487333 0.53832083 0.52065471 0.51215439 0.53813277 0.55229002
 0.56481449 0.55731162 0.56062271 0.57835682 0.60414979 0.65074217]","[0.62817949 0.50804835 0.45157839 0.44536515 0.46617584 0.49340573
 0.50882601 0.51893507 0.53184846 0.53873473 0.54846017 0.5792408
 0.61931289 0.65869231 0.70151389 0.74209938 0.74608116 0.74973086
 0.7462235  0.73199355 0.73096967 0.75917298 0.83604236 0.90508932
 0.97611562 1.04015724 1.11078916 1.18981214 1.25336267 1.31390941]",0.005574077,0.008112895,mean_squared_error_optimizers.Adam-lr=0.002
0.0006151865001302213,"[0.65398434 0.54585807 0.49404476 0.48396432 0.49286893 0.49707273
 0.51677831 0.51503234 0.51259337 0.51909677 0.52885488 0.54407992
 0.56269161 0.58256994 0.59093252 0.59644281 0.59376125 0.58757591
 0.57284485 0.56618274 0.56930531 0.57398858 0.58648599 0.58579473
 0.58491732 0.57231998 0.56287737 0.55901178 0.57763538 0.62337287]","[0.62063395 0.51396993 0.44824361 0.42884524 0.44113278 0.45676181
 0.47123974 0.48100312 0.51140688 0.52478914 0.52950082 0.54938918
 0.5724202  0.59257251 0.59194089 0.60956009 0.57932098 0.57600741
 0.56541842 0.55073077 0.54242029 0.53841226 0.56148152 0.56390054
 0.57117338 0.55572851 0.55139054 0.56212632 0.58069712 0.62659568]","[0.60644925 0.50015337 0.43539541 0.42014129 0.43615256 0.45876866
 0.47761133 0.48984029 0.51377084 0.52548518 0.53867725 0.56881564
 0.60390046 0.63531925 0.66653121 0.69845264 0.68793349 0.68568888
 0.68244635 0.68007522 0.69811469 0.74544609 0.84556146 0.91518516
 0.98415444 1.04761648 1.11745727 1.19462167 1.25706841 1.31545353]",0.005740815,0.0083177425,mean_squared_error_optimizers.Adam-lr=0.002
0.0005900352279034753,"[0.66729465 0.54351827 0.49452117 0.49018676 0.50364647 0.51489311
 0.52109521 0.51032867 0.50603689 0.50668688 0.52179075 0.53812486
 0.5571887  0.57810211 0.59234827 0.60321988 0.60279862 0.59877318
 0.59220177 0.58313659 0.58034421 0.58509543 0.59349353 0.59225624
 0.59589501 0.59079953 0.58783162 0.58480086 0.59643317 0.63870729]","[0.63899138 0.52157428 0.45878082 0.4425877  0.45184001 0.4648658
 0.47613871 0.48319589 0.51224168 0.51831515 0.52759842 0.54714401
 0.57025698 0.58871329 0.59715402 0.61270955 0.58998395 0.5785079
 0.56032911 0.53922854 0.52676335 0.52420704 0.54996322 0.56021083
 0.57633696 0.5675601  0.56695976 0.57978923 0.59857823 0.64547738]","[0.62069315 0.50118038 0.43624696 0.42345612 0.43536542 0.45525162
 0.47035071 0.48090596 0.50075292 0.50203935 0.51500804 0.54510871
 0.57955453 0.61229956 0.64872801 0.68784383 0.68973011 0.6962284
 0.70204771 0.70479194 0.72685262 0.77760934 0.84347651 0.91375787
 0.99630657 1.05937325 1.1297271  1.20845578 1.26965089 1.32962499]",0.005626045,0.008292036,mean_squared_error_optimizers.Adam-lr=0.002
0.0005973392550367862,"[0.67620804 0.56910246 0.51568251 0.49951257 0.50488264 0.5181228
 0.51621966 0.51347518 0.5114913  0.50811808 0.52553729 0.5364798
 0.55701205 0.57127316 0.58112048 0.58782667 0.58471287 0.58113184
 0.56991628 0.55926613 0.55974382 0.55893551 0.5736622  0.57938911
 0.58445069 0.58028327 0.57787161 0.58114508 0.59837715 0.63954251]","[0.61021786 0.50976068 0.4420786  0.42093295 0.4281537  0.4406335
 0.44929632 0.45743148 0.48473037 0.49212903 0.49803271 0.51582324
 0.5404823  0.56423923 0.57906192 0.60038073 0.57610892 0.56578132
 0.54996137 0.52231811 0.50119094 0.49082449 0.51924518 0.52835248
 0.54391349 0.53513601 0.54036559 0.56275756 0.58254067 0.62769921]","[0.59577143 0.49701832 0.43119927 0.41770641 0.43204493 0.4539945
 0.46947114 0.48626241 0.51123114 0.52175188 0.53782109 0.57339387
 0.61889941 0.66615219 0.71799693 0.76939208 0.78354619 0.80092941
 0.81131974 0.80692855 0.80706297 0.83195537 0.89160132 0.94795592
 1.00586359 1.05657368 1.11787451 1.19078804 1.25054443 1.31009327]",0.005723319,0.008714529,mean_squared_error_optimizers.Adam-lr=0.002
0.0006119408516678959,"[0.68371794 0.56601496 0.51003811 0.49735793 0.50588171 0.50952045
 0.52709369 0.52277402 0.5247982  0.52716096 0.54484942 0.55893673
 0.57635947 0.58795467 0.59719234 0.60687829 0.60341151 0.60986726
 0.60075374 0.59279526 0.59407616 0.59163151 0.59795116 0.61030296
 0.60800919 0.60569776 0.60899359 0.61224662 0.63028958 0.67446495]","[0.64731998 0.52832745 0.46856103 0.45433423 0.46054873 0.47746761
 0.48839267 0.49987251 0.52536737 0.53167472 0.53873451 0.55811132
 0.58231514 0.6025183  0.60871763 0.62567496 0.60004421 0.58904599
 0.5693976  0.54594866 0.53758454 0.53452984 0.55332561 0.56211264
 0.57952092 0.5661425  0.56090238 0.57355564 0.59125829 0.63834236]","[0.63654739 0.51402252 0.45177482 0.43956091 0.45023094 0.47397745
 0.48992906 0.50485517 0.5270942  0.53216193 0.54090246 0.56926495
 0.60275684 0.63614089 0.67191081 0.70903706 0.70820504 0.71026378
 0.70989072 0.70342249 0.71255602 0.7504835  0.8401598  0.91092944
 0.9817189  1.04766911 1.12045937 1.20145788 1.26604014 1.32780055]",0.005602727,0.008519983,mean_squared_error_optimizers.Adam-lr=0.002
0.0005652197442638378,"[0.60486433 0.5023887  0.45156226 0.45088372 0.46624082 0.48566743
 0.49279268 0.48637427 0.48830921 0.48808288 0.50277678 0.52374012
 0.53523294 0.55250763 0.56194395 0.56899975 0.57089282 0.57204562
 0.56569508 0.54907489 0.54702873 0.53973503 0.55204519 0.56360815
 0.56375435 0.5715921  0.56237707 0.56742043 0.57710696 0.61675512]","[0.59155803 0.48414948 0.42498225 0.4182054  0.42887503 0.44527507
 0.45609209 0.46389483 0.48851827 0.4916092  0.49451422 0.50939595
 0.52773109 0.54291498 0.55536966 0.57821053 0.55586265 0.54474712
 0.52899552 0.50362629 0.4893197  0.48566398 0.51779547 0.52864276
 0.54192508 0.52901155 0.52300401 0.53333946 0.55345568 0.6033885 ]","[0.57529244 0.46945059 0.41063956 0.41160577 0.42814561 0.45284179
 0.46912452 0.48467909 0.50884667 0.51703846 0.53182024 0.56753147
 0.60910904 0.65157048 0.70098532 0.75038539 0.76400619 0.77789244
 0.78328371 0.77593635 0.77642282 0.80373118 0.86117302 0.92352209
 0.99572426 1.05687152 1.12605063 1.20442862 1.26836632 1.33177522]",0.0056916527,0.008677033,mean_squared_error_optimizers.Adam-lr=0.002
0.0005473665855824947,"[0.62076074 0.51038994 0.45971612 0.45829454 0.4696254  0.47586873
 0.47032319 0.46919087 0.46627284 0.4639435  0.47455029 0.49423683
 0.51094233 0.53107424 0.53935783 0.5464403  0.54598137 0.5460698
 0.53286906 0.51935424 0.51652855 0.52537735 0.52791526 0.53640695
 0.54179541 0.54279318 0.53738077 0.54452475 0.56010666 0.60503551]","[0.57295984 0.47451964 0.42758849 0.41400121 0.42149861 0.43249772
 0.44131141 0.44662406 0.46664131 0.46932724 0.46982444 0.48460891
 0.50685296 0.52699929 0.53809476 0.55545031 0.52748031 0.51804931
 0.50348814 0.47801647 0.46031993 0.45150626 0.48399692 0.49537506
 0.50884258 0.50185702 0.50522338 0.52439204 0.54672288 0.59576616]","[0.55876642 0.46227978 0.41629517 0.40988731 0.4248282  0.44569802
 0.46192056 0.47622489 0.49886359 0.50602783 0.51726668 0.54911393
 0.59225165 0.6400135  0.69618182 0.75049327 0.7671243  0.78545773
 0.79486055 0.78833448 0.78352924 0.80318427 0.87077092 0.92500058
 0.98346069 1.04103466 1.11114482 1.1940048  1.26300576 1.33004906]",0.0057826214,0.008952378,mean_squared_error_optimizers.Adam-lr=0.002
0.0005426471550793698,"[0.62879732 0.52544118 0.47852937 0.46780831 0.47917511 0.48118694
 0.4854646  0.48435362 0.4865759  0.48890857 0.50211075 0.51854694
 0.52941186 0.54334448 0.55615092 0.56014243 0.56131872 0.55827902
 0.55197486 0.542294   0.53606055 0.52869042 0.52588443 0.52887878
 0.53030212 0.54071002 0.54412935 0.54618678 0.56073716 0.60445732]","[0.57071678 0.47251163 0.41512005 0.41537286 0.43236811 0.45078737
 0.46157842 0.46627572 0.49418288 0.5019172  0.50469227 0.52186032
 0.54540023 0.56784861 0.57860969 0.59438438 0.56387378 0.55107802
 0.53503436 0.508454   0.49191202 0.48591069 0.50676673 0.51369477
 0.53171289 0.51879657 0.51439386 0.52703162 0.54497078 0.592942  ]","[0.55933754 0.4622722  0.40334771 0.40570272 0.42563507 0.44946638
 0.46499585 0.47655962 0.50237101 0.51047944 0.52214126 0.5572829
 0.60235132 0.65039033 0.70362337 0.75532087 0.7659209  0.78234349
 0.78979716 0.78351139 0.78152781 0.80416715 0.86210719 0.91879053
 0.99172867 1.05265738 1.12456679 1.20660466 1.27148338 1.33504176]",0.0058184373,0.009049309,mean_squared_error_optimizers.Adam-lr=0.002
0.0005285222839253645,"[0.60999285 0.50704583 0.46528801 0.46738591 0.4605397  0.47318247
 0.47899381 0.47621306 0.47213423 0.4682668  0.48343992 0.49613859
 0.52105715 0.53452737 0.55071309 0.55684086 0.549728   0.54596334
 0.537895   0.52623799 0.52197732 0.52846935 0.53673104 0.53897966
 0.53793542 0.5330667  0.52576625 0.52500626 0.53380403 0.56878199]","[0.56589493 0.46212004 0.41249125 0.40420422 0.41491225 0.42656763
 0.43500484 0.44133901 0.46771441 0.47057619 0.47282617 0.49182901
 0.5169148  0.54006131 0.54689856 0.57521107 0.54540151 0.53947277
 0.52798588 0.50714881 0.49677337 0.49764742 0.5281993  0.53923602
 0.55375721 0.53466181 0.52028066 0.5228258  0.53119674 0.57401203]","[0.5537632  0.45170067 0.4012155  0.39906705 0.41698937 0.43768501
 0.45273982 0.46731022 0.49527032 0.50097055 0.51089981 0.54700743
 0.59178183 0.63976999 0.69400468 0.7480125  0.76355591 0.77907163
 0.78667452 0.78175185 0.78128799 0.80443979 0.883526   0.94063712
 0.9957868  1.0518779  1.11766224 1.1945747  1.25586325 1.31594531]",0.005820042,0.009104482,mean_squared_error_optimizers.Adam-lr=0.002
0.0005016575000093629,"[0.57921062 0.47611712 0.42974284 0.42577289 0.43202708 0.44088995
 0.44200299 0.4383483  0.43482087 0.43474676 0.4442273  0.46726972
 0.48066593 0.48946297 0.49551738 0.49874396 0.50324966 0.49884996
 0.48697573 0.47729247 0.47671006 0.47943196 0.48539714 0.49640721
 0.49398354 0.49634482 0.4943388  0.49628024 0.5141154  0.55405132]","[0.54880635 0.45327495 0.406716   0.39795429 0.41026673 0.42418218
 0.43275733 0.43759737 0.46181419 0.46768275 0.47600915 0.49617798
 0.51790381 0.53365038 0.54453255 0.56248589 0.53042301 0.51758807
 0.50216637 0.47757683 0.46515007 0.46006863 0.49427529 0.50187832
 0.51028893 0.49723882 0.49503009 0.50582701 0.51769748 0.56025146]","[0.53274921 0.44028421 0.39439955 0.39137527 0.4119667  0.43452347
 0.45114534 0.46581473 0.49274221 0.5057456  0.52378095 0.56267499
 0.60820307 0.65629987 0.71399331 0.7698533  0.7882882  0.8096453
 0.82136521 0.81622376 0.8115958  0.82779477 0.88890392 0.9422838
 1.00166279 1.0595777  1.12891421 1.21100648 1.27688963 1.3421064 ]",0.0057242075,0.009045807,mean_squared_error_optimizers.Adam-lr=0.002
0.0005093730834778398,"[0.6059336  0.5119021  0.47473873 0.45973575 0.46959665 0.48670961
 0.4839612  0.48270682 0.47514285 0.47366043 0.48561364 0.5020178
 0.51975136 0.54408668 0.55421305 0.55356126 0.55003573 0.5363369
 0.52705897 0.52684468 0.52309545 0.52572725 0.52843478 0.53645587
 0.537433   0.53340784 0.53108411 0.53045849 0.53459457 0.57458313]","[0.56088872 0.46281388 0.41361135 0.40987862 0.4219015  0.43528506
 0.44438999 0.44761395 0.47098756 0.47168887 0.47464023 0.49221411
 0.51468553 0.53646167 0.53954063 0.56369169 0.53072519 0.52630794
 0.51074904 0.48768668 0.47459793 0.46760823 0.50614418 0.51832798
 0.53164628 0.52120517 0.51716849 0.52717457 0.53608003 0.57662866]","[0.54945511 0.45445652 0.40514201 0.40509922 0.42192626 0.44295423
 0.45825508 0.47107835 0.49699835 0.50363951 0.51780412 0.55440399
 0.59943731 0.64805592 0.70434693 0.76207964 0.77916144 0.79837463
 0.80894838 0.80862438 0.80913662 0.82521737 0.89996731 0.95192445
 1.00390211 1.05995217 1.1279369  1.20883527 1.27500521 1.34094234]",0.0059622657,0.0093028415,mean_squared_error_optimizers.Adam-lr=0.002
0.0004766400151808436,"[0.57480892 0.46286161 0.43290263 0.42632255 0.43449256 0.44203826
 0.44389229 0.4397859  0.43355199 0.4296354  0.45041838 0.46819733
 0.48523109 0.49172654 0.49538422 0.50835243 0.5081958  0.50139822
 0.49753505 0.48586738 0.49748536 0.49908682 0.50355484 0.51197408
 0.51150685 0.50469328 0.4948296  0.48280626 0.48522215 0.52375427]","[0.53597159 0.42417954 0.3822535  0.37597822 0.39407532 0.40751453
 0.41632643 0.41887756 0.4452098  0.45036817 0.45263745 0.46843366
 0.49137877 0.51360095 0.50877943 0.52539392 0.48988661 0.47912292
 0.46368155 0.44242639 0.4352786  0.4372994  0.47128768 0.48501244
 0.49979022 0.48621439 0.47624704 0.47877876 0.48478316 0.52858613]","[0.52598196 0.41656077 0.37625033 0.37383608 0.39483846 0.41171297
 0.42079394 0.42508106 0.44490655 0.44845696 0.4568329  0.48761576
 0.53010829 0.5761092  0.62670435 0.6815845  0.69379877 0.7061732
 0.71062857 0.70507384 0.70851002 0.73678913 0.81827426 0.88768711
 0.96083489 1.0342791  1.11558114 1.2045345  1.27270557 1.33778584]",0.005678123,0.00897373,mean_squared_error_optimizers.Adam-lr=0.002
0.00048432281170971694,"[0.5694322  0.48238053 0.437573   0.44036103 0.44395928 0.4467348
 0.44482767 0.44107437 0.44302303 0.44463042 0.4563624  0.47026738
 0.48693832 0.50609959 0.51659943 0.52124022 0.51969972 0.50806128
 0.49691968 0.48962504 0.49038165 0.48924834 0.49481192 0.49834244
 0.5006145  0.48702136 0.480618   0.48043104 0.48859736 0.53134252]","[0.53323994 0.42899318 0.3829603  0.38331794 0.39773982 0.4091857
 0.42088386 0.42517205 0.45175314 0.45915327 0.46850996 0.49015183
 0.51699051 0.53755667 0.52640945 0.53889582 0.49946003 0.48769074
 0.47294352 0.45264497 0.44762681 0.44970169 0.47316324 0.48224656
 0.50176561 0.48865203 0.48224471 0.48842318 0.49951188 0.54283778]","[0.52102911 0.418247   0.37371445 0.3796457  0.3990953  0.41632012
 0.4298571  0.4392344  0.46040761 0.46321593 0.47454907 0.50849679
 0.55116631 0.59308109 0.64099968 0.69259541 0.70588815 0.72158562
 0.72953225 0.72700221 0.73110011 0.75736617 0.83704174 0.90139827
 0.97044061 1.03865898 1.11588485 1.20157112 1.26997065 1.33642422]",0.0058123134,0.009178954,mean_squared_error_optimizers.Adam-lr=0.002
0.00045215337397530673,"[0.54998059 0.44674622 0.40055135 0.39466483 0.40641364 0.41816582
 0.42518909 0.41843549 0.41830467 0.41728711 0.4349304  0.45922336
 0.47687088 0.49081839 0.4928613  0.49736613 0.50112204 0.4989687
 0.49144171 0.48221397 0.48216788 0.48231963 0.49206453 0.49467682
 0.49886647 0.48949169 0.48804645 0.47809905 0.48906542 0.52150117]","[0.49271064 0.39813305 0.35024109 0.3484708  0.3681013  0.38690167
 0.40105653 0.40667666 0.43240608 0.43237848 0.43178306 0.44546966
 0.4669685  0.48661735 0.49386067 0.51891527 0.4849572  0.47319127
 0.45384148 0.42989367 0.4199223  0.4208669  0.45533467 0.4685323
 0.4834184  0.46763901 0.45778064 0.45990979 0.46815796 0.51482847]","[0.4851101  0.39132034 0.34546373 0.3488645  0.37428237 0.39802243
 0.4142339  0.42591588 0.44875524 0.45071443 0.45425244 0.48246957
 0.52350304 0.56915355 0.62331309 0.67997812 0.6952958  0.71265014
 0.72096155 0.7190706  0.72082268 0.74569625 0.82365996 0.89365483
 0.96674151 1.0365677  1.11581548 1.20107702 1.26748395 1.33187602]",0.005809186,0.009208131,mean_squared_error_optimizers.Adam-lr=0.002
0.00046410235351261993,"[0.56393428 0.45843982 0.40962375 0.41092983 0.42773749 0.43605071
 0.43564078 0.43623679 0.43446498 0.43542963 0.45249495 0.4737003
 0.49808338 0.51305334 0.51805572 0.52297488 0.52214267 0.50653048
 0.49561623 0.48866673 0.4890525  0.49908201 0.50176692 0.50888488
 0.50077938 0.50412213 0.49511048 0.48298472 0.48818937 0.51882717]","[0.51897567 0.41748762 0.3775476  0.37718226 0.39049379 0.40204188
 0.40640306 0.40813326 0.42898664 0.43178032 0.4395479  0.46264976
 0.48973534 0.51108873 0.51632089 0.5397119  0.51367599 0.50592424
 0.48929672 0.46136248 0.45009984 0.45020991 0.47304233 0.48073233
 0.49544818 0.48054336 0.47194933 0.47447069 0.48040488 0.52060987]","[0.50743507 0.40450332 0.36273653 0.36485764 0.38362057 0.40170972
 0.41068882 0.41837225 0.43644005 0.44217483 0.45641761 0.49355803
 0.5385577  0.58463396 0.63372923 0.68677807 0.70024671 0.71679575
 0.72673858 0.72611913 0.72919932 0.75508952 0.81709783 0.8853928
 0.96227322 1.03204752 1.11125894 1.19746721 1.26584115 1.33070612]",0.0057423636,0.009153788,mean_squared_error_optimizers.Adam-lr=0.002
0.00042986354619885486,"[0.5736236  0.45924951 0.42398317 0.43478508 0.4449839  0.44571983
 0.44849131 0.45072678 0.45307047 0.45386507 0.47004818 0.47495065
 0.48204115 0.50892299 0.51767826 0.51362898 0.50645963 0.49346489
 0.48896321 0.48394426 0.48825464 0.49016424 0.50089675 0.50375619
 0.51065699 0.50937146 0.49906126 0.48909496 0.49184045 0.53813239]","[0.50645566 0.40848065 0.37077784 0.37737504 0.39870182 0.4167479
 0.42812001 0.42951432 0.4512029  0.45361728 0.457109   0.47872437
 0.50614963 0.52842539 0.52805223 0.54180898 0.50644892 0.49980932
 0.48684845 0.46544296 0.45929008 0.4641573  0.49125222 0.50400954
 0.5214663  0.50732772 0.49331544 0.4906233  0.49093233 0.5311148 ]","[0.49697445 0.39847081 0.36168026 0.37183554 0.39693567 0.41948179
 0.43283741 0.44118416 0.46302801 0.47421919 0.48523229 0.5209993
 0.56629554 0.61160867 0.66152071 0.71432135 0.73095835 0.75151455
 0.76355313 0.7616279  0.76435893 0.78999638 0.86214299 0.92491457
 0.99059533 1.05648488 1.13082008 1.21450515 1.27900199 1.34270271]",0.005772845,0.009219538,mean_squared_error_optimizers.Adam-lr=0.002
0.00042266014171764255,"[0.53185543 0.4296718  0.39694081 0.39979761 0.41190644 0.41802252
 0.42341383 0.4252126  0.42413313 0.42353501 0.43510143 0.44663595
 0.46227851 0.47058454 0.47509356 0.48360867 0.47720046 0.47641218
 0.46630304 0.45827619 0.46408312 0.47049638 0.47218064 0.47932063
 0.48417131 0.4786915  0.470793   0.47300091 0.48341    0.52592499]","[0.50086536 0.40197782 0.36203689 0.35680128 0.37517726 0.39201595
 0.40380897 0.40938309 0.43400389 0.43745246 0.44500616 0.46524669
 0.49090992 0.50775801 0.51318605 0.53291204 0.5005616  0.48625168
 0.46827067 0.44790351 0.44118608 0.44214132 0.47206935 0.47868808
 0.48746158 0.47052046 0.46300293 0.47027324 0.48251924 0.53103111]","[0.49469568 0.39759381 0.35891592 0.35716136 0.37931192 0.40105579
 0.41500923 0.42602944 0.44799637 0.45590292 0.47244201 0.50964926
 0.55599754 0.6027954  0.6580192  0.71633909 0.73785491 0.76112326
 0.77722275 0.78034948 0.78444125 0.80642153 0.86809568 0.92818106
 0.99195877 1.05039321 1.12156758 1.20335779 1.26863293 1.3333349 ]",0.0056294864,0.009011814,mean_squared_error_optimizers.Adam-lr=0.002
0.00044534402228115747,"[0.55981483 0.45971668 0.43009375 0.43151016 0.43476236 0.44469665
 0.45390703 0.44615203 0.4440508  0.44351554 0.44572915 0.46141627
 0.47762176 0.48778541 0.49809852 0.50362632 0.50635546 0.50035915
 0.50084421 0.48259655 0.47638588 0.48106825 0.48418127 0.4912313
 0.49635003 0.49313104 0.48437862 0.48494216 0.4949895  0.54052099]","[0.51859278 0.41914525 0.36895667 0.36629223 0.38345253 0.40154292
 0.41136635 0.41553673 0.43686494 0.43682434 0.44363769 0.46137274
 0.48589834 0.50953588 0.51152006 0.53079531 0.49895118 0.49379849
 0.47918667 0.45660028 0.44594259 0.44193039 0.46508974 0.46916122
 0.47981237 0.46556933 0.4596576  0.46314876 0.47123444 0.51612283]","[0.50556038 0.40969225 0.36075763 0.36302001 0.38629992 0.41039962
 0.42299998 0.43085657 0.45068665 0.45596175 0.47038584 0.5058617
 0.55178356 0.60097129 0.65817319 0.71717564 0.73879344 0.76198298
 0.77833164 0.78152828 0.78565767 0.80883204 0.88186723 0.93316111
 0.98621596 1.04303787 1.11442741 1.19633645 1.2624992  1.32811983]",0.0057867616,0.009240173,mean_squared_error_optimizers.Adam-lr=0.002
0.0004428657228127122,"[0.55603665 0.44508559 0.40929504 0.41211896 0.4140046  0.42680127
 0.43627726 0.44003657 0.43411217 0.4333612  0.44951502 0.46221174
 0.47311384 0.49204265 0.49636435 0.49662479 0.50595627 0.50434248
 0.49586464 0.48036738 0.47818098 0.47993174 0.48729349 0.49560643
 0.49739075 0.49835098 0.48335671 0.47264472 0.48262529 0.5242363 ]","[0.49826724 0.39301624 0.35874187 0.35691469 0.37351843 0.38663852
 0.39350566 0.3946279  0.41417554 0.41596031 0.42331372 0.4403753
 0.46501508 0.48018371 0.49381386 0.51030926 0.48077104 0.46310804
 0.44532399 0.42498432 0.41662399 0.41167747 0.45192389 0.46424105
 0.47552357 0.46791971 0.46287296 0.46052564 0.46184302 0.50007257]","[0.48664793 0.38207281 0.34923245 0.35170108 0.37157972 0.38814785
 0.39796486 0.405269   0.42457086 0.43197179 0.44798063 0.48617151
 0.5369619  0.58664675 0.64650801 0.70650139 0.72741842 0.74875785
 0.76201144 0.76121236 0.75985859 0.78051222 0.84932786 0.91079111
 0.97963266 1.04844933 1.12958671 1.21770849 1.28649957 1.35208299]",0.0060177105,0.009600814,mean_squared_error_optimizers.Adam-lr=0.002
0.0004382441915416469,"[0.56228672 0.46495835 0.44558648 0.44867734 0.45850896 0.46369615
 0.45471387 0.44408476 0.43122329 0.42669945 0.4396868  0.45917336
 0.47829715 0.4891562  0.5015864  0.49997503 0.49709937 0.49294123
 0.49291856 0.47767585 0.47383862 0.47606844 0.48609542 0.48994269
 0.48906425 0.48181536 0.47863346 0.47536921 0.48819562 0.53653544]","[0.52273545 0.42761023 0.39193553 0.39160096 0.41103445 0.42468736
 0.4296384  0.42631324 0.44761187 0.45254264 0.45944574 0.47776139
 0.50554012 0.52833065 0.52947966 0.54170983 0.50327481 0.49663867
 0.48194753 0.45920088 0.44721517 0.44540515 0.47517516 0.47907782
 0.48790329 0.47154222 0.46140567 0.46426122 0.47204577 0.51630927]","[0.51265214 0.41910762 0.38607245 0.39098521 0.41600261 0.43427134
 0.43940765 0.44141537 0.45893493 0.46765061 0.4861054  0.52331393
 0.57022078 0.61694004 0.67048282 0.72651875 0.74037838 0.75993641
 0.77332568 0.77462542 0.77833942 0.79943488 0.86910903 0.92935593
 0.99421166 1.05382171 1.12535007 1.2082481  1.27506509 1.34145739]",0.0056458726,0.00894544,mean_squared_error_optimizers.Adam-lr=0.002
0.00044820996346728255,"[0.5385956  0.44026036 0.40859471 0.40670677 0.41406184 0.41124573
 0.41615042 0.41623524 0.41113302 0.40506045 0.4134609  0.42523246
 0.43616491 0.45160616 0.45615311 0.45703846 0.45996715 0.45684509
 0.44615194 0.43413271 0.43890548 0.44513834 0.45538086 0.46432802
 0.47259614 0.47277889 0.47142413 0.46667488 0.47976699 0.52315283]","[0.48558983 0.39451496 0.35964467 0.36250756 0.38251554 0.39668547
 0.40377031 0.40381366 0.42395556 0.4288154  0.43691001 0.4582171
 0.48174329 0.49725651 0.498903   0.51724034 0.47932445 0.47349727
 0.45949804 0.43693125 0.42960402 0.43005401 0.45753363 0.46428477
 0.47416603 0.45687777 0.44754473 0.45272065 0.46293165 0.51219256]","[0.47724677 0.38839007 0.3557921  0.36426048 0.3897446  0.40896769
 0.41956487 0.42485166 0.44539378 0.45267185 0.46644767 0.50313055
 0.54852917 0.5930372  0.64507994 0.6987959  0.71196516 0.73125101
 0.74409253 0.74677039 0.7523559  0.77944986 0.85711713 0.91635353
 0.97951828 1.04154344 1.11572158 1.20043155 1.26895163 1.33606707]",0.0056538302,0.008986399,mean_squared_error_optimizers.Adam-lr=0.002
0.0003977310391298185,"[0.54924647 0.43701341 0.40256099 0.40663727 0.41917227 0.42657317
 0.42381397 0.4243848  0.4254035  0.42595307 0.45009645 0.4658953
 0.48206956 0.49571584 0.49299187 0.47922245 0.48441634 0.47234733
 0.46562734 0.45673954 0.46042897 0.46147876 0.47040682 0.48047815
 0.47656237 0.47329865 0.46308264 0.45575934 0.46504286 0.51171646]","[0.52356861 0.40494218 0.35866952 0.35524117 0.3666495  0.38108579
 0.39629604 0.40101574 0.42766886 0.43263892 0.43810435 0.45642095
 0.47951827 0.49731568 0.49033672 0.50643256 0.46611713 0.45728383
 0.43915123 0.4149227  0.40486343 0.40324366 0.43181056 0.44032048
 0.45340574 0.44044962 0.43146892 0.4330275  0.43927585 0.48614541]","[0.51558091 0.39556364 0.34963176 0.3503044  0.36741077 0.38786768
 0.40558614 0.41659873 0.4432749  0.45445182 0.4695266  0.50969749
 0.55840977 0.60452305 0.65643364 0.70752233 0.72085552 0.74006736
 0.75477974 0.75993531 0.7666103  0.79391323 0.87345446 0.93058029
 0.98616099 1.04680327 1.12093817 1.20580876 1.27485208 1.34171615]",0.0057732128,0.009172182,mean_squared_error_optimizers.Adam-lr=0.002
0.0004191112105036154,"[0.52997174 0.42749074 0.40195642 0.40072095 0.40586595 0.41992785
 0.42512514 0.42360268 0.42066197 0.42358068 0.43542178 0.45624363
 0.4722537  0.47764664 0.48285932 0.47845495 0.48092818 0.47131956
 0.46277081 0.44566219 0.44850416 0.45687607 0.46587294 0.46962619
 0.46822727 0.46716634 0.46260926 0.45996649 0.4651351  0.50914554]","[0.50158269 0.40033653 0.3619675  0.36244493 0.37905887 0.39373667
 0.40120094 0.3980856  0.42139062 0.42969336 0.44071468 0.46136144
 0.48321141 0.49558867 0.49730322 0.51027288 0.47508223 0.46843801
 0.45195225 0.42966071 0.41803418 0.41677173 0.43896992 0.45071983
 0.4664615  0.45269052 0.4409744  0.44003119 0.4447173  0.49095154]","[0.49160861 0.39279603 0.35729523 0.36213881 0.38196679 0.40025112
 0.41009366 0.41363654 0.43819713 0.45321237 0.47528193 0.51794019
 0.56644781 0.61366619 0.66935799 0.72407488 0.74342919 0.76978364
 0.78929995 0.79695105 0.80301906 0.82352252 0.87887011 0.93236341
 0.99469923 1.0508163  1.11903252 1.20010125 1.26449961 1.32814251]",0.0057140756,0.009074864,mean_squared_error_optimizers.Adam-lr=0.002
0.0004066907418115685,"[0.52594917 0.41762831 0.3870924  0.38853798 0.395322   0.41143246
 0.42242064 0.42171053 0.41896428 0.40921555 0.42111971 0.43750481
 0.46994059 0.47504188 0.47682104 0.47398011 0.47988216 0.47299958
 0.46308439 0.43973057 0.44636479 0.46055365 0.4724055  0.47740263
 0.48116592 0.47772389 0.48280845 0.4714712  0.47493008 0.51319217]","[0.4836132  0.38752498 0.36149295 0.36535293 0.38230469 0.39761939
 0.40768861 0.40135752 0.41689343 0.41290032 0.41828804 0.43776287
 0.46259023 0.48711885 0.48408579 0.49707486 0.4608701  0.45526698
 0.44045285 0.41499244 0.40734897 0.41059689 0.43374269 0.44495234
 0.46691248 0.45752637 0.44667341 0.44074419 0.4442683  0.48902277]","[0.4737764  0.38039649 0.35624546 0.36512303 0.3864237  0.40379318
 0.41353574 0.41382395 0.43095963 0.43227133 0.44580921 0.48303565
 0.53019239 0.57867547 0.63151382 0.68171199 0.68829297 0.69709
 0.7004813  0.69604041 0.69906218 0.73008009 0.81930069 0.89118754
 0.96557788 1.03876324 1.11747098 1.20104546 1.26657654 1.33071388]",0.0057378947,0.009178125,mean_squared_error_optimizers.Adam-lr=0.002
0.00038231938475898156,"[0.53760001 0.42897696 0.40785912 0.41116597 0.41646116 0.42900101
 0.41853094 0.4199506  0.42210527 0.42123445 0.43621894 0.45996524
 0.47358839 0.47989292 0.4871831  0.49196905 0.48880868 0.48232876
 0.47872986 0.47097223 0.47436665 0.47024478 0.47891765 0.48958253
 0.49059777 0.49219525 0.49376189 0.49148236 0.50201747 0.555722  ]","[0.48448136 0.39438747 0.36972331 0.37039331 0.3842886  0.39560266
 0.40386445 0.40481023 0.42954592 0.43806686 0.44674128 0.46486052
 0.48489233 0.50138885 0.4970883  0.50869272 0.47004433 0.46310992
 0.44966512 0.43007004 0.4235765  0.42525761 0.44942751 0.45969632
 0.47776034 0.46678187 0.46170552 0.46574648 0.4787891  0.53041514]","[0.47603528 0.3862277  0.36240826 0.36623286 0.38318094 0.39869824
 0.40878207 0.4164087  0.44101025 0.4549597  0.47303484 0.50974345
 0.55314136 0.59584282 0.64623586 0.69799903 0.70848353 0.72644189
 0.73982177 0.74413393 0.75237102 0.78166979 0.85466755 0.91915386
 0.99198816 1.06073527 1.13932632 1.22593012 1.29532389 1.36281613]",0.005492748,0.008687954,mean_squared_error_optimizers.Adam-lr=0.002
0.0003851514984853566,"[0.52679608 0.42054128 0.39961374 0.40886808 0.41366954 0.42204385
 0.41879188 0.41355879 0.40862385 0.40104903 0.41864522 0.43366494
 0.45422356 0.46955882 0.47866774 0.48711075 0.48693021 0.48735148
 0.48350606 0.47937335 0.47438168 0.46897486 0.48074933 0.49991829
 0.50031089 0.49504902 0.48187405 0.4754464  0.47147115 0.51044186]","[0.5185653  0.41985892 0.38868503 0.38902085 0.39945006 0.40762883
 0.41287049 0.40523583 0.42341606 0.42319077 0.4302211  0.45311299
 0.48042534 0.49947616 0.50469191 0.52076699 0.48462089 0.47210858
 0.45490133 0.4285087  0.41975754 0.41937808 0.44734939 0.4603652
 0.47875167 0.46695456 0.45626765 0.45463795 0.45895534 0.5048207 ]","[0.51031039 0.41263496 0.38452954 0.38925365 0.40308327 0.41310302
 0.41769631 0.414997   0.43250231 0.43763469 0.45541405 0.4939043
 0.53771779 0.57914717 0.62761357 0.67497353 0.68218578 0.69477415
 0.70121894 0.70019725 0.71089956 0.74858792 0.83595753 0.90511198
 0.9775866  1.04626122 1.12380072 1.20847654 1.27414911 1.33797339]",0.005615543,0.008800423,mean_squared_error_optimizers.Adam-lr=0.002
0.0003911414141766727,"[0.50880016 0.39652948 0.37077134 0.3837864  0.39375036 0.40531792
 0.4022595  0.39509838 0.39399618 0.38342469 0.39756846 0.41628802
 0.44153484 0.45305173 0.45393523 0.45627585 0.46044832 0.45968438
 0.43761494 0.42931888 0.42515873 0.43446278 0.44207677 0.4470004
 0.45086956 0.44544732 0.44409796 0.44461766 0.44401948 0.48682357]","[0.47690196 0.37896624 0.3470218  0.34966566 0.36371971 0.37525833
 0.38546626 0.38312341 0.40329084 0.40211921 0.40594997 0.42670272
 0.45085831 0.4679696  0.46933181 0.48587718 0.44679085 0.43994952
 0.42388981 0.40070627 0.3933254  0.38961757 0.41965159 0.42818287
 0.43703416 0.42405877 0.41480127 0.4124552  0.41494541 0.46134808]","[0.4653538  0.3668075  0.33736178 0.34593788 0.36538259 0.38006428
 0.39117105 0.39517311 0.41838391 0.42358282 0.4383566  0.47916088
 0.52775368 0.57416333 0.62961108 0.68514777 0.70012607 0.72098863
 0.73826764 0.74717816 0.75832303 0.78590812 0.86105499 0.91665731
 0.97743052 1.03878371 1.11215482 1.19700779 1.26329059 1.32770352]",0.005730453,0.009049468,mean_squared_error_optimizers.Adam-lr=0.002
0.0003929290553011621,"[0.51141224 0.43134105 0.38612258 0.40635431 0.40840229 0.40763852
 0.411827   0.41709645 0.41775586 0.40964711 0.42914029 0.44077284
 0.45877617 0.47241585 0.4798525  0.48394136 0.47916157 0.46782343
 0.46082114 0.44873784 0.45303735 0.4648331  0.46493485 0.46768094
 0.47338881 0.47053255 0.46300457 0.45549973 0.46125117 0.50223463]","[0.48200294 0.40081906 0.35309538 0.36024844 0.36673268 0.37594777
 0.38451035 0.38786669 0.41552834 0.42193221 0.42871938 0.44298086
 0.462227   0.47730968 0.47840837 0.49060566 0.45032298 0.4426836
 0.42883339 0.40753222 0.39917816 0.40345268 0.43167281 0.44172246
 0.45835835 0.44834589 0.4419428  0.44437198 0.44834226 0.49138911]","[0.47178969 0.39086833 0.34388423 0.35519862 0.36595846 0.3786026
 0.38734585 0.39565846 0.42280047 0.4328574  0.44899492 0.48234703
 0.52504053 0.56811875 0.61985429 0.67166836 0.68437002 0.70326782
 0.71736781 0.72194206 0.72950779 0.76053501 0.83773755 0.90383163
 0.97465943 1.0453713  1.12528624 1.21367632 1.2819555  1.3480978 ]",0.0056693186,0.008841372,mean_squared_error_optimizers.Adam-lr=0.002
0.00036664601302860926,"[0.51551527 0.39944646 0.38396685 0.39359763 0.4062439  0.41251452
 0.41844624 0.41362482 0.40149394 0.40005337 0.41540232 0.43337333
 0.45113308 0.46921982 0.47182575 0.46870071 0.47313111 0.46707895
 0.47012741 0.44987952 0.44643486 0.44846827 0.46011334 0.45694112
 0.45585289 0.46102664 0.45569688 0.45092405 0.46680473 0.50446593]","[0.46961469 0.378987   0.35534201 0.36552949 0.38031976 0.39899779
 0.41338626 0.40815102 0.41896104 0.41706455 0.42225068 0.44316451
 0.46597698 0.48002492 0.47938866 0.49709536 0.45808664 0.45250263
 0.43559922 0.41299025 0.4051034  0.40563233 0.4302788  0.43506557
 0.44611778 0.42829266 0.41962484 0.42312313 0.43435945 0.48445391]","[0.46029229 0.37120752 0.35104082 0.36747032 0.38736462 0.40921395
 0.42469321 0.42768588 0.44215431 0.44975685 0.46974302 0.51446408
 0.56492556 0.61191478 0.6660298  0.72074539 0.73523442 0.7563981
 0.76833808 0.76840183 0.77096068 0.79578766 0.86798748 0.92225953
 0.98336439 1.04223694 1.11574239 1.2015934  1.2693008  1.33612832]",0.005616676,0.00885257,mean_squared_error_optimizers.Adam-lr=0.002
0.0003722220838535577,"[0.5075439  0.40999617 0.38689282 0.39153358 0.40676428 0.41794895
 0.41937292 0.41302441 0.41173436 0.40577448 0.41602791 0.43502405
 0.44052205 0.45478271 0.45991645 0.46971658 0.46576418 0.45242222
 0.44317875 0.43954286 0.44600586 0.45111897 0.45914556 0.46743119
 0.46491488 0.46146243 0.4613553  0.46678515 0.48910527 0.53761434]","[0.49607697 0.39304522 0.36910698 0.37469587 0.3811612  0.38866262
 0.39134291 0.39014839 0.41112609 0.41662657 0.42284921 0.44199336
 0.46254345 0.4784999  0.48446969 0.49757826 0.46437281 0.46027095
 0.44500916 0.42323145 0.41234347 0.41019697 0.44388903 0.45633479
 0.469528   0.45459158 0.44863379 0.4578906  0.48073528 0.53552548]","[0.48542412 0.38479014 0.36192535 0.37188503 0.38564224 0.4009542
 0.409104   0.41689537 0.44116726 0.4553255  0.47457601 0.51586765
 0.56337067 0.6118374  0.66949308 0.7262793  0.74448265 0.76684153
 0.78197396 0.78661789 0.78976763 0.81312337 0.87514002 0.9318019
 0.99503261 1.05001113 1.11833235 1.20011416 1.2673744  1.33547982]",0.0054691792,0.00854945,mean_squared_error_optimizers.Adam-lr=0.002
0.0003537313734026005,"[0.50017564 0.38901437 0.37171955 0.37971846 0.38719755 0.38937255
 0.39977834 0.39781595 0.3900153  0.39098221 0.40905764 0.42789061
 0.43918742 0.44646132 0.45617834 0.46265495 0.47030835 0.46793772
 0.44944472 0.4406249  0.44214394 0.4438889  0.44261591 0.4424344
 0.44306554 0.44305362 0.4283766  0.41928683 0.42133928 0.4584785 ]","[0.45866773 0.36456312 0.33400644 0.33328686 0.3453855  0.36063346
 0.37530147 0.37609505 0.40203695 0.40600323 0.41338235 0.4315034
 0.45319817 0.46920094 0.46664435 0.48359856 0.44480273 0.43618658
 0.422187   0.40449508 0.40219626 0.4005365  0.42542541 0.42973895
 0.44688325 0.43084712 0.41801462 0.41234484 0.41787299 0.46699429]","[0.45165792 0.3590427  0.32826625 0.33073799 0.34518175 0.36158342
 0.37490855 0.38128476 0.40800072 0.41789114 0.4353897  0.4754246
 0.52227281 0.56485365 0.6162376  0.66983124 0.68156252 0.70125752
 0.71695484 0.72511426 0.73558277 0.76437882 0.84293276 0.90371684
 0.9703462  1.03603433 1.11281119 1.19774146 1.26592704 1.3316861 ]",0.0057613766,0.00903012,mean_squared_error_optimizers.Adam-lr=0.002
0.0003407905084701876,"[0.4921214  0.39432459 0.37366944 0.37788167 0.38525665 0.3944221
 0.4061552  0.39750276 0.40181373 0.39342836 0.39882975 0.41532202
 0.42790667 0.43892681 0.45106597 0.45158584 0.4505675  0.44930297
 0.43659663 0.42470837 0.42324548 0.42647071 0.43739634 0.44941233
 0.44805198 0.45102378 0.44240531 0.43966108 0.45098908 0.49132211]","[0.44440439 0.36184033 0.33337329 0.33507241 0.35175634 0.36409836
 0.37043282 0.36540481 0.39173342 0.40265634 0.41108489 0.42954822
 0.44977836 0.46482596 0.4601304  0.47688078 0.44053779 0.43346843
 0.42144971 0.40323743 0.4030404  0.40879418 0.4194238  0.42745334
 0.44855809 0.43665398 0.42732899 0.42565498 0.43092214 0.47798682]","[0.43507643 0.35366413 0.32493223 0.33044139 0.3507676  0.3660785
 0.37072226 0.37208533 0.39732521 0.41368702 0.43469505 0.47495875
 0.52222748 0.5666222  0.62209813 0.67660482 0.68861324 0.70738035
 0.72210318 0.72960011 0.73975592 0.76984128 0.84803724 0.90925045
 0.977483   1.0439939  1.12123285 1.20640985 1.27343458 1.33806494]",0.0054319697,0.008442339,mean_squared_error_optimizers.Adam-lr=0.002
0.00036516417698779455,"[0.51351854 0.41113221 0.38232332 0.38957345 0.39955575 0.40412917
 0.41405984 0.4160074  0.41810066 0.41584207 0.42978819 0.43364372
 0.44903516 0.44963062 0.45007665 0.46139454 0.45311403 0.44649204
 0.44353381 0.42726074 0.42653727 0.43149101 0.44144162 0.44780934
 0.45484486 0.45281558 0.45577976 0.45719593 0.46420094 0.50731874]","[0.48178504 0.38419126 0.35310773 0.34986036 0.35951548 0.37090029
 0.37991911 0.37753176 0.39807336 0.40488741 0.41098996 0.43190321
 0.45809862 0.48345033 0.47672107 0.48175865 0.44096186 0.43253116
 0.41842339 0.39461407 0.38364776 0.38388476 0.40709468 0.42215525
 0.44196494 0.42716178 0.41679137 0.41784341 0.42250873 0.47336777]","[0.47314722 0.37827228 0.34780208 0.349857   0.36419075 0.37750483
 0.38497336 0.38522474 0.40603201 0.41733481 0.43433487 0.47088664
 0.51246198 0.55409953 0.60298128 0.65525607 0.66202905 0.68621807
 0.70792886 0.72192091 0.73877668 0.7709927  0.84880542 0.91006989
 0.97673844 1.03928576 1.11646428 1.20513545 1.27633066 1.34615269]",0.005485872,0.008511549,mean_squared_error_optimizers.Adam-lr=0.002
0.00035203856392763554,"[0.504369   0.41064209 0.37792401 0.37900645 0.38923239 0.39556169
 0.39666378 0.40169155 0.39428883 0.3939696  0.40690428 0.42070545
 0.42644493 0.439108   0.44273412 0.44203833 0.44383587 0.44350985
 0.43289625 0.41966697 0.42137881 0.42711433 0.43359335 0.43772096
 0.44854066 0.44431065 0.43296594 0.42241869 0.43054533 0.47870079]","[0.46712303 0.37084745 0.34638428 0.34906567 0.35667834 0.36650856
 0.37905068 0.38129181 0.40737936 0.41592802 0.42094929 0.43599114
 0.45548898 0.4676846  0.46614786 0.476      0.43792856 0.42992265
 0.4168068  0.40002809 0.39806256 0.40019664 0.42054566 0.42485797
 0.43740189 0.42183785 0.41535799 0.42165833 0.42687008 0.47314854]","[0.45509434 0.36120122 0.3384727  0.34481372 0.35585967 0.36879672
 0.38126851 0.3900605  0.41982623 0.435229   0.45573379 0.49431125
 0.5394716  0.58045234 0.62866677 0.67901773 0.69030103 0.71221927
 0.73268555 0.7478005  0.76346541 0.79560509 0.8752545  0.93185808
 0.98991968 1.04825537 1.12157599 1.20756132 1.2756886  1.34272772]",0.005553553,0.008678252,mean_squared_error_optimizers.Adam-lr=0.002
0.00036580447914699715,"[0.49339512 0.38961499 0.36855567 0.37546632 0.38123963 0.39427189
 0.40369205 0.39981906 0.39771489 0.39465466 0.40795187 0.42785677
 0.44183484 0.45111033 0.45545329 0.46439238 0.45805276 0.45534613
 0.43714332 0.43225907 0.44008155 0.44902567 0.46444151 0.46787278
 0.46462295 0.45652185 0.4469536  0.43896782 0.44033501 0.48542681]","[0.46923387 0.36278428 0.33291161 0.3336067  0.34440664 0.35513311
 0.36333385 0.36248938 0.38706937 0.39770389 0.40771996 0.42782806
 0.44499419 0.45637023 0.46405035 0.48244365 0.4475891  0.4355755
 0.41663467 0.39260377 0.38868951 0.39327391 0.4230399  0.42708283
 0.44101339 0.42640735 0.41187922 0.40920081 0.41075553 0.45726447]","[0.45974552 0.35542372 0.32583953 0.33052489 0.34770392 0.36476313
 0.37356075 0.37787056 0.4000963  0.41211235 0.43334189 0.47659226
 0.52034537 0.56126852 0.61253364 0.66596808 0.68101844 0.70198863
 0.71780835 0.72516294 0.73828619 0.77181337 0.8464113  0.9095588
 0.97977398 1.04260442 1.11536517 1.19901648 1.26425144 1.32734273]",0.0053980434,0.008451079,mean_squared_error_optimizers.Adam-lr=0.002
0.00035526510382381576,"[0.47239156 0.37128144 0.35376283 0.35875312 0.36295834 0.36655243
 0.37649626 0.36939487 0.37063728 0.36456117 0.37628156 0.38453197
 0.40319954 0.41671958 0.42252931 0.42394021 0.41704359 0.42207285
 0.41180083 0.39947661 0.40606971 0.41829724 0.42503187 0.42612473
 0.42457681 0.4105736  0.40974265 0.40959403 0.4268963  0.47188703]","[0.45637678 0.36671456 0.33633111 0.33481227 0.34846695 0.36142538
 0.3663564  0.36376483 0.38229936 0.38227937 0.38901421 0.40664467
 0.42903425 0.44446278 0.44627895 0.45665002 0.41944449 0.41202764
 0.39770091 0.37720307 0.37562215 0.37822437 0.40594803 0.41368645
 0.4249664  0.407991   0.40018588 0.39876207 0.40735981 0.45725501]","[0.44519998 0.35810585 0.32960066 0.33341371 0.35171782 0.36874282
 0.37593555 0.37872389 0.39687747 0.40084917 0.42022054 0.46198272
 0.51548485 0.56717492 0.62685072 0.68547429 0.70182606 0.72532789
 0.74197678 0.75037395 0.76203982 0.79265625 0.86542836 0.92400921
 0.9833372  1.041508   1.11632642 1.20432971 1.27610248 1.34516991]",0.005406937,0.008454434,mean_squared_error_optimizers.Adam-lr=0.002
0.000404540828623188,"[0.50010815 0.40062639 0.37391333 0.37006589 0.38422704 0.39319931
 0.39702896 0.38881028 0.38896658 0.38824134 0.40951811 0.42843736
 0.43936779 0.44743618 0.45085829 0.44349741 0.44260144 0.43929016
 0.42755269 0.41919058 0.42320524 0.43078856 0.43471618 0.43634574
 0.4356153  0.44148045 0.43724912 0.43243171 0.43990621 0.49442884]","[0.47128427 0.37949164 0.35262955 0.35288882 0.3669441  0.37987247
 0.38800749 0.38483406 0.40503932 0.41047866 0.41636164 0.43257962
 0.45344356 0.46800171 0.47068457 0.48803593 0.448625   0.44364536
 0.43149939 0.40888353 0.40111564 0.40368043 0.42489828 0.43185342
 0.44557632 0.43185035 0.42456502 0.43134916 0.43724383 0.48033727]","[0.45971109 0.36993729 0.34330102 0.34662457 0.36373159 0.37838398
 0.38576631 0.38771826 0.41148371 0.42501115 0.44814416 0.49148927
 0.54236852 0.59231721 0.64958986 0.70612978 0.72021889 0.74239838
 0.76102326 0.76685047 0.77315474 0.79453043 0.86779036 0.92334148
 0.98263013 1.04030742 1.11252883 1.19821257 1.26777298 1.33566639]",0.005480008,0.008538571,mean_squared_error_optimizers.Adam-lr=0.002
0.0003461672260115544,"[0.50736518 0.40886722 0.36895431 0.36958731 0.3854777  0.39518836
 0.39921382 0.39179933 0.39050757 0.38868682 0.40051624 0.41567745
 0.42674605 0.43705532 0.44930033 0.44894083 0.43789262 0.42881892
 0.42288203 0.40887025 0.41274589 0.43392233 0.44283842 0.45217878
 0.45002618 0.44811405 0.44443169 0.43497885 0.44021666 0.48741926]","[0.46379307 0.37243177 0.34513588 0.35173147 0.36433186 0.37582878
 0.38524738 0.38867605 0.40984596 0.41160523 0.42063511 0.43880961
 0.45562554 0.46485785 0.46797464 0.48259851 0.44960751 0.44375926
 0.4284826  0.40398066 0.39591767 0.39617411 0.41895837 0.42626116
 0.43773485 0.42196559 0.4128832  0.4122345  0.41727599 0.46177819]","[0.454346   0.36355071 0.33884862 0.34987114 0.3673584  0.38355492
 0.39515307 0.4055543  0.42768817 0.43405278 0.4524988  0.49262789
 0.53815324 0.58210525 0.63873502 0.69490934 0.71284073 0.73438812
 0.74954275 0.75414409 0.76208374 0.78663275 0.85739484 0.91491573
 0.9797478  1.04030503 1.11420998 1.19908659 1.2676324  1.3320108 ]",0.005459981,0.008471147,mean_squared_error_optimizers.Adam-lr=0.002
0.00035623398756918806,"[0.49845988 0.39472735 0.37363043 0.38353843 0.39650092 0.40085138
 0.39302903 0.40096379 0.39173855 0.38446012 0.40053297 0.40481642
 0.42075123 0.42754852 0.43598917 0.44089971 0.44192267 0.43320681
 0.43577753 0.42185899 0.42340216 0.42943747 0.43281383 0.43573424
 0.44364617 0.44389365 0.4396734  0.43585925 0.445449   0.49427171]","[0.45296024 0.35859036 0.33133481 0.33340616 0.3492496  0.36578684
 0.37561293 0.37189021 0.39084745 0.3925734  0.39684096 0.4138129
 0.43544407 0.45151053 0.45563695 0.47617111 0.43930393 0.43217283
 0.41649109 0.39579218 0.38884298 0.39194055 0.41139895 0.42276861
 0.43773667 0.4250768  0.41458625 0.4132238  0.4173803  0.46889209]","[0.44353011 0.34902815 0.32212732 0.32807955 0.34746447 0.36604937
 0.3765982  0.37933319 0.40120092 0.40962958 0.42455551 0.46124742
 0.50793549 0.55177271 0.60378276 0.65504291 0.66586196 0.68273386
 0.69451889 0.69830843 0.70798864 0.74023496 0.82330549 0.88716165
 0.95879727 1.02717741 1.10394087 1.1882718  1.25451761 1.31921014]",0.005205014,0.008063335,mean_squared_error_optimizers.Adam-lr=0.002
0.00033913782918049644,"[0.4922688  0.40566512 0.38642998 0.39192525 0.39963947 0.41797915
 0.40778428 0.4004741  0.39361585 0.39210696 0.40121174 0.41945602
 0.43716807 0.44477543 0.45562822 0.45505573 0.45862287 0.45712865
 0.44298519 0.43012192 0.43070922 0.44485176 0.44739187 0.44986808
 0.44649215 0.44516518 0.43770285 0.43198663 0.42362811 0.47874763]","[0.46631375 0.37326571 0.34524346 0.33945111 0.3502656  0.36412476
 0.37883236 0.37408053 0.38703574 0.38747374 0.39305028 0.41282562
 0.43716212 0.45105532 0.45555232 0.47707948 0.43856915 0.43158997
 0.41880333 0.39889573 0.39150914 0.38909848 0.41251437 0.42125922
 0.43887273 0.42399464 0.4119708  0.40693536 0.41068327 0.45967076]","[0.45570791 0.36334741 0.33769975 0.334283   0.34478993 0.35694721
 0.36831574 0.37156042 0.38871451 0.39617859 0.41299689 0.45089718
 0.49815077 0.54084156 0.59375551 0.64520128 0.65453969 0.67300719
 0.68929808 0.69901908 0.71395427 0.74776352 0.8296881  0.89647306
 0.96762937 1.03369149 1.10975049 1.19430103 1.26283974 1.32972764]",0.0052677323,0.008114396,mean_squared_error_optimizers.Adam-lr=0.002
0.000338317466317676,"[0.48561653 0.39711891 0.36697907 0.38048696 0.3942376  0.40124582
 0.40063972 0.40025058 0.39744409 0.40078911 0.4120833  0.42358606
 0.44310789 0.45917682 0.46911219 0.47264895 0.46983659 0.46136542
 0.44987079 0.44154427 0.43914125 0.4400581  0.45501803 0.4539279
 0.45235868 0.45508005 0.44848042 0.44363618 0.44953418 0.49202437]","[0.47606164 0.38083484 0.35289461 0.35658276 0.37096611 0.38310076
 0.39318121 0.39213171 0.41469557 0.41748731 0.41915385 0.43870464
 0.46397111 0.48381585 0.48708081 0.50080872 0.45972136 0.44405763
 0.43058459 0.41095949 0.40476567 0.40518558 0.42744128 0.43427555
 0.4459915  0.43361401 0.42363157 0.42161866 0.42221235 0.46688656]","[0.47050072 0.37664059 0.34904134 0.35173586 0.36588685 0.37925688
 0.39053484 0.3984591  0.42478245 0.4328383  0.44690841 0.48404337
 0.53377335 0.58334573 0.63724755 0.69018535 0.69877525 0.7171829
 0.73348714 0.74105461 0.74902174 0.77167711 0.84175445 0.89992408
 0.96917766 1.0369576  1.11614953 1.20433644 1.27466987 1.34207511]",0.0052963407,0.008270876,mean_squared_error_optimizers.Adam-lr=0.002
0.00034592186651813487,"[0.45544998 0.36153066 0.33461675 0.34352705 0.34552872 0.35798107
 0.35454598 0.34964186 0.34443164 0.34233081 0.3578806  0.3750572
 0.39426062 0.39740839 0.39698494 0.40550866 0.41159052 0.41425477
 0.39460941 0.38305366 0.38703682 0.38776832 0.39659896 0.39964374
 0.40463007 0.40479537 0.39940976 0.39691001 0.4064187  0.45494736]","[0.44055603 0.34601197 0.31857656 0.32275359 0.33623079 0.34682561
 0.35963812 0.36365636 0.38559675 0.38892852 0.38998198 0.40544473
 0.42157457 0.43307244 0.43014394 0.45054026 0.41704313 0.41035463
 0.39696741 0.3783952  0.37428501 0.37300195 0.39734797 0.4079006
 0.41840059 0.40440148 0.39761209 0.3957367  0.3979671  0.4447269 ]","[0.43258676 0.33892898 0.31214486 0.31705713 0.33148993 0.34430853
 0.35884391 0.37069308 0.39469119 0.40108384 0.41268053 0.44966175
 0.49574066 0.54122869 0.59627779 0.65576855 0.66889622 0.69178734
 0.71031261 0.72140561 0.73414792 0.76028279 0.83690553 0.89700675
 0.9639299  1.03015359 1.10832592 1.19679832 1.26782556 1.33653308]",0.005032475,0.0079054935,mean_squared_error_optimizers.Adam-lr=0.002
0.0003332512010044108,"[0.46770729 0.37958985 0.3597973  0.37274928 0.38714193 0.40000006
 0.3986591  0.39752804 0.39077452 0.38118533 0.38845282 0.40395178
 0.41147737 0.42346819 0.42311702 0.43525971 0.43920788 0.43890599
 0.43499345 0.41850618 0.42682546 0.43157386 0.44384279 0.4489756
 0.44592967 0.43547797 0.43269338 0.42583391 0.4287623  0.46935795]","[0.43707796 0.34481873 0.3148072  0.31649385 0.32996903 0.34403188
 0.35454821 0.35240431 0.37311404 0.37737062 0.38237185 0.40094425
 0.42178486 0.43335301 0.43741334 0.44886635 0.41403592 0.40526996
 0.39210121 0.37339076 0.37308512 0.37365414 0.40183487 0.41134796
 0.42293056 0.41362168 0.40826249 0.40459505 0.40459989 0.45059815]","[0.42949941 0.33765782 0.30767808 0.3099624  0.32442108 0.34152792
 0.35300909 0.35634473 0.37898446 0.39003498 0.40942731 0.45242159
 0.5014047  0.54585932 0.59973975 0.65211392 0.66671938 0.68814826
 0.70554016 0.71478866 0.72615705 0.7543934  0.83197528 0.89434822
 0.96738528 1.0390193  1.12089929 1.21074351 1.27981623 1.3456918 ]",0.005172667,0.008003447,mean_squared_error_optimizers.Adam-lr=0.002
0.00032172574618986497,"[0.44189397 0.36071245 0.33986171 0.35154493 0.36083161 0.3678226
 0.36370933 0.36150174 0.36452312 0.35933288 0.36762127 0.38237213
 0.38892078 0.40273803 0.41002612 0.41594522 0.41253296 0.41893568
 0.40775465 0.39753573 0.3873353  0.3934164  0.3982966  0.39879696
 0.40189068 0.38923815 0.38331637 0.38122199 0.39933433 0.45002726]","[0.43995733 0.35331911 0.32826651 0.32871176 0.33864332 0.34842879
 0.3569922  0.35740807 0.38140823 0.38414953 0.38920631 0.40795099
 0.42881899 0.44272981 0.44300884 0.45662788 0.42263819 0.41376965
 0.4006989  0.3788732  0.37189098 0.37101619 0.39005919 0.40171235
 0.41509356 0.40222958 0.39742168 0.40268051 0.41001456 0.4584355 ]","[0.43087751 0.34586383 0.32159461 0.32383913 0.3339654  0.34405281
 0.35300745 0.36094176 0.3906552  0.40327914 0.42433525 0.46742211
 0.51553861 0.56191984 0.61826869 0.67842576 0.69713699 0.720199
 0.73967456 0.75262448 0.76687916 0.79795171 0.87155432 0.92699408
 0.98803171 1.04614004 1.11832456 1.20334692 1.27154257 1.33932711]",0.005148422,0.008013467,mean_squared_error_optimizers.Adam-lr=0.002
0.0003067592449175815,"[0.45473212 0.36320525 0.35193124 0.36088248 0.38247908 0.37841701
 0.37813211 0.37296084 0.37592157 0.37623186 0.38420761 0.40240351
 0.42493143 0.4291503  0.43185491 0.42855137 0.42328054 0.42069853
 0.4145177  0.40561925 0.40578969 0.41814652 0.41919968 0.42443883
 0.42088766 0.41115358 0.40351456 0.39873769 0.40652508 0.44510868]","[0.43115061 0.3476747  0.31860772 0.31978776 0.33308243 0.34671029
 0.35674666 0.35696463 0.37583637 0.37506686 0.37768325 0.39283873
 0.41450414 0.42761    0.43178599 0.44541321 0.41327579 0.40899315
 0.39937283 0.38611861 0.38613933 0.39067811 0.40857024 0.41191282
 0.41924774 0.40697832 0.40180498 0.39908613 0.39874198 0.44447506]","[0.42335644 0.34122153 0.31350255 0.3166595  0.33084019 0.34532315
 0.352616   0.35567915 0.37570895 0.38217611 0.40134195 0.44394107
 0.49606649 0.5433863  0.5994517  0.65735086 0.67352888 0.69716903
 0.7166592  0.72872613 0.743933   0.77709976 0.84610299 0.90748981
 0.98203589 1.04853086 1.12833759 1.21651669 1.28387942 1.34901133]",0.0050369296,0.007830164,mean_squared_error_optimizers.Adam-lr=0.002
0.00032659932043558606,"[0.47442384 0.38343444 0.36291758 0.37387236 0.37866504 0.38250483
 0.38019045 0.37496812 0.37932548 0.37934392 0.38683615 0.39595272
 0.40680077 0.40947082 0.40526294 0.41038479 0.41722329 0.41285141
 0.40476348 0.39292847 0.3957865  0.40053959 0.4050203  0.41581063
 0.42508661 0.42464649 0.41925449 0.41485329 0.41549082 0.45948287]","[0.42974377 0.34291895 0.32022813 0.32428866 0.33607843 0.34166699
 0.3482463  0.35156129 0.37258793 0.37533977 0.37669591 0.39325676
 0.41511033 0.42938204 0.42696692 0.44789735 0.41388807 0.40587275
 0.39140872 0.36919896 0.3642888  0.36893483 0.38289124 0.39516823
 0.41365251 0.40709714 0.40191569 0.40196603 0.4037892  0.45189581]","[0.41954342 0.33420379 0.31480914 0.32460893 0.34011021 0.34795491
 0.35413728 0.36242146 0.38349556 0.38863151 0.40011624 0.4370164
 0.48473408 0.53071388 0.58288421 0.63691602 0.64478519 0.66176635
 0.67710151 0.68637402 0.69953965 0.73562764 0.81772431 0.88602741
 0.96123904 1.03202162 1.11264773 1.19954621 1.2663377  1.3316066 ]",0.0051257582,0.007929864,mean_squared_error_optimizers.Adam-lr=0.002
0.00029735242237802597,"[0.44357891 0.35315688 0.34563067 0.34908486 0.35984877 0.36409078
 0.36600834 0.36818274 0.3653157  0.36491085 0.38110507 0.3811169
 0.39280133 0.40342382 0.41861103 0.42096141 0.41799004 0.41291674
 0.40785615 0.40413753 0.40217904 0.40960901 0.41673394 0.420408
 0.41618807 0.41716562 0.41040496 0.40534571 0.40866892 0.46051952]","[0.42044334 0.33469985 0.3125216  0.31514948 0.33061261 0.34251021
 0.34667531 0.34555794 0.36686262 0.37298778 0.37630593 0.39298227
 0.41314583 0.42515007 0.42767644 0.44508623 0.41213953 0.40670544
 0.39476561 0.37238193 0.36515475 0.36518673 0.38336997 0.39152608
 0.40779284 0.39669555 0.38916658 0.389146   0.3935757  0.44315141]","[0.41238972 0.3276541  0.30735066 0.3119219  0.32777061 0.34082038
 0.34383593 0.34745954 0.37055546 0.38324626 0.40195385 0.44493642
 0.49182038 0.53338214 0.58412511 0.63390063 0.64174297 0.66176696
 0.68238874 0.69512526 0.71214876 0.74795071 0.82214561 0.88561579
 0.95709383 1.02200683 1.10070274 1.18958042 1.25975667 1.32715329]",0.004985098,0.00771333,mean_squared_error_optimizers.Adam-lr=0.002
0.0003148183471833666,"[0.48062739 0.39769673 0.37622451 0.38398212 0.38269261 0.38205734
 0.38632749 0.38166113 0.36574437 0.36974058 0.38647813 0.41217386
 0.43067169 0.43483749 0.4387272  0.44167286 0.44687825 0.43969043
 0.4315181  0.4237273  0.43310304 0.43449823 0.43459565 0.43488756
 0.43531998 0.42896039 0.41966661 0.42382254 0.43062712 0.47287713]","[0.45134524 0.36636129 0.33756718 0.3392066  0.35192506 0.36328804
 0.37247026 0.3755865  0.39375565 0.39951225 0.40918309 0.42902091
 0.44935334 0.46030053 0.46525874 0.47307403 0.43860879 0.4334282
 0.42653894 0.41579377 0.41862757 0.42131676 0.44239204 0.44982078
 0.45690153 0.43923161 0.42725277 0.4251573  0.43119773 0.47771851]","[0.44009204 0.35680064 0.32782    0.32862598 0.34267451 0.35660169
 0.36716379 0.37594822 0.40063642 0.41555638 0.43925127 0.48115904
 0.52695801 0.56990993 0.6222732  0.67412206 0.68682252 0.71123016
 0.73477957 0.75151282 0.76945433 0.80024238 0.87028708 0.92728993
 0.98958479 1.04903625 1.12103516 1.203198   1.26944025 1.33284305]",0.0048865844,0.0074164276,mean_squared_error_optimizers.Adam-lr=0.002
0.00032761928291680914,"[0.45449959 0.36155985 0.3438493  0.35372624 0.36098608 0.36975095
 0.37409661 0.37873648 0.37784054 0.38285754 0.39635994 0.39832484
 0.39803229 0.39495535 0.40522686 0.40964807 0.41652267 0.41012291
 0.40512888 0.39466643 0.39728772 0.39586706 0.40771263 0.41623686
 0.43164828 0.42676572 0.41794123 0.41382016 0.43542407 0.48947672]","[0.44390159 0.35153306 0.32725827 0.33021542 0.34876761 0.36890583
 0.38022031 0.37393185 0.38767903 0.39180821 0.39813016 0.4146418
 0.43066812 0.4404859  0.44604965 0.46129126 0.42352742 0.41274496
 0.39923143 0.38264685 0.37924186 0.38024744 0.40915037 0.42241015
 0.43294851 0.41542679 0.40917327 0.41571903 0.42705247 0.47536555]","[0.43272353 0.34338892 0.32130537 0.32728475 0.34812564 0.3715583
 0.38231071 0.38241233 0.39852237 0.40854579 0.42784447 0.46906382
 0.51532875 0.55837776 0.61052594 0.66647582 0.68075942 0.70724197
 0.73058772 0.7460525  0.76040416 0.78878869 0.86134209 0.9226563
 0.98841821 1.04540828 1.11799734 1.20370379 1.27475783 1.34356696]",0.004982055,0.0076938136,mean_squared_error_optimizers.Adam-lr=0.002
0.00031080275874895353,"[0.44508964 0.36300342 0.34739482 0.34861108 0.35526015 0.36343954
 0.37099461 0.36238102 0.36173833 0.36040268 0.36814119 0.38651558
 0.4002937  0.40545652 0.40557773 0.40587516 0.39875354 0.3971736
 0.3938888  0.38287224 0.38341744 0.38879354 0.40239865 0.40351612
 0.40818232 0.4039395  0.39839785 0.38914754 0.40330126 0.45613618]","[0.43552012 0.34404256 0.31649825 0.32087817 0.33150745 0.3405457
 0.3471367  0.34668762 0.36311481 0.365894   0.37187896 0.38969626
 0.4106147  0.42527181 0.42912039 0.44301262 0.40797133 0.40002574
 0.38665924 0.36720959 0.36374595 0.36582418 0.38539508 0.39326458
 0.40684014 0.39195312 0.38122213 0.38052187 0.38454926 0.43646126]","[0.42461732 0.33548428 0.31110052 0.31918604 0.33203489 0.34250453
 0.34724181 0.35161732 0.37244102 0.38396368 0.40745976 0.45269018
 0.50510195 0.55428957 0.61030643 0.66511821 0.67634108 0.69690897
 0.71357088 0.72275393 0.73279227 0.76135489 0.83179338 0.89222702
 0.96288259 1.02532374 1.09915436 1.1841361  1.25106603 1.31631134]",0.0049699508,0.007634752,mean_squared_error_optimizers.Adam-lr=0.002
0.00030621654934172206,"[0.45717954 0.3625804  0.33001802 0.33849275 0.35436771 0.35509284
 0.35858064 0.35968103 0.36140734 0.3584301  0.36905271 0.37402348
 0.39447985 0.40892136 0.41092295 0.40876984 0.41530245 0.41568494
 0.4066006  0.39749465 0.39397688 0.4041913  0.40994798 0.41692926
 0.42069328 0.42208885 0.40962268 0.4073026  0.41668611 0.4661708 ]","[0.42139199 0.33558022 0.31389438 0.31927977 0.32867081 0.33730958
 0.34976785 0.35464625 0.37716586 0.37380113 0.37584328 0.38956901
 0.40964969 0.42275144 0.42590723 0.43998615 0.40836461 0.40216741
 0.38988395 0.37064623 0.36377063 0.36526413 0.38700617 0.3988884
 0.41152429 0.39612971 0.38881906 0.39271193 0.39988915 0.44257582]","[0.4118517  0.32786244 0.30697532 0.31383844 0.32561585 0.33657792
 0.34904738 0.3607875  0.38846917 0.39267507 0.41103792 0.45169045
 0.50270975 0.55248441 0.61455016 0.677296   0.70045626 0.72980316
 0.75261619 0.7656365  0.77784244 0.8051927  0.87038175 0.92647595
 0.98748113 1.03826288 1.10573843 1.19114207 1.26253228 1.33131326]",0.0050155884,0.0077248854,mean_squared_error_optimizers.Adam-lr=0.002
0.00031019331477970507,"[0.4720658  0.39213224 0.37851544 0.3845824  0.39404187 0.39332288
 0.39939522 0.38859601 0.39173514 0.3823633  0.39941709 0.42034448
 0.43315517 0.44523078 0.44366988 0.45066151 0.44809377 0.43787587
 0.43351739 0.42695403 0.423608   0.42767939 0.43737712 0.4400586
 0.43722485 0.43678486 0.43348415 0.42849808 0.43837632 0.47972522]","[0.44262961 0.35855945 0.33763819 0.33699569 0.34558223 0.35669016
 0.36721417 0.36771702 0.3910418  0.40084916 0.41049318 0.4319128
 0.45150625 0.46340305 0.46518578 0.4824709  0.44655156 0.44070992
 0.42439041 0.40241684 0.39550278 0.39470548 0.41175121 0.41713771
 0.42999001 0.41660427 0.41187737 0.41390603 0.42291843 0.47036481]","[0.43324649 0.35155841 0.33126321 0.33256841 0.34463339 0.35777808
 0.36871509 0.37696454 0.40327857 0.41888153 0.44359431 0.49045441
 0.53985361 0.58601209 0.64117375 0.70021124 0.71766487 0.7479987
 0.76981754 0.77950966 0.78946784 0.81386591 0.87107912 0.92295996
 0.98532781 1.03977939 1.10941429 1.19393315 1.26360255 1.33115938]",0.0049871067,0.0076829786,mean_squared_error_optimizers.Adam-lr=0.002
0.0003071225578120599,"[0.45476598 0.36863859 0.3453981  0.3516869  0.36151023 0.37528871
 0.3911717  0.39260325 0.38345752 0.370745   0.3818639  0.39690475
 0.40847705 0.41516908 0.42242488 0.42514556 0.42303708 0.41488909
 0.40262393 0.38083049 0.38071992 0.39033668 0.4006444  0.39937578
 0.39857377 0.39970481 0.4041541  0.40126618 0.40145183 0.44487519]","[0.44838798 0.34673062 0.31795539 0.31863406 0.33078392 0.34127872
 0.35851335 0.36948191 0.39107227 0.39035458 0.38639164 0.39696744
 0.41644885 0.43045521 0.44257733 0.45746098 0.43182267 0.4212267
 0.39989878 0.37403893 0.36484523 0.36473404 0.38712412 0.39715068
 0.40668227 0.39194016 0.38712075 0.38953534 0.3926465  0.44129002]","[0.4381577  0.34042117 0.31338132 0.3148568  0.32804411 0.34057457
 0.35751819 0.37344323 0.39679052 0.39801308 0.40504793 0.43662255
 0.48154848 0.52752171 0.58738849 0.65020892 0.67261316 0.70066252
 0.72035715 0.72982629 0.74103774 0.76853308 0.84518969 0.90452965
 0.96867915 1.03017343 1.10684324 1.19508931 1.2639608  1.33021498]",0.0047261305,0.0071609183,mean_squared_error_optimizers.Adam-lr=0.002
0.0003203329531631122,"[0.48903374 0.37054172 0.35723512 0.36173215 0.36299573 0.36481525
 0.37542833 0.37329731 0.36955562 0.36407288 0.37398029 0.39115146
 0.39650134 0.40964394 0.41508412 0.41807157 0.42212527 0.42993123
 0.42341765 0.40826293 0.41230491 0.4153     0.4233796  0.42433095
 0.42622566 0.41789287 0.41268101 0.40895363 0.41319288 0.46140125]","[0.43609204 0.33521674 0.30941026 0.31394787 0.32818346 0.34560924
 0.36246411 0.36670696 0.3803366  0.38170977 0.38174159 0.39507162
 0.41004504 0.41793229 0.42054144 0.43645334 0.40480885 0.39375639
 0.3828467  0.36550814 0.36225769 0.36420861 0.38564203 0.39162529
 0.40444084 0.39237514 0.38595382 0.38464411 0.38268468 0.42628255]","[0.43112029 0.33248918 0.30610113 0.31065387 0.32752258 0.34934041
 0.36791994 0.38052091 0.39865751 0.40509139 0.41975614 0.45930046
 0.50517838 0.55011664 0.60714236 0.66756269 0.68560552 0.70869368
 0.72669675 0.73519881 0.74267439 0.76472692 0.83331616 0.89385391
 0.96597052 1.03257083 1.11093129 1.19880912 1.26589695 1.33098085]",0.004949651,0.007588334,mean_squared_error_optimizers.Adam-lr=0.002
0.0002867297511547804,"[0.43451165 0.35008901 0.34064121 0.35435021 0.35853215 0.36296862
 0.37061314 0.36664416 0.36692317 0.36280955 0.3750531  0.38792969
 0.40015951 0.41027516 0.4144665  0.41536458 0.41607768 0.41051716
 0.4104153  0.40545627 0.40190037 0.41228362 0.42389617 0.42328111
 0.42959126 0.43670585 0.42720249 0.4202243  0.43341022 0.48325619]","[0.43235241 0.34445452 0.33073763 0.34143729 0.35484562 0.36541316
 0.37159011 0.36864615 0.38047223 0.38137188 0.3816645  0.39358382
 0.411062   0.4252701  0.43027148 0.44753306 0.41429078 0.40539016
 0.39304382 0.3755543  0.37462838 0.38072061 0.3961135  0.40056826
 0.40813641 0.39344701 0.38917269 0.3964136  0.40428231 0.45540378]","[0.42377577 0.33601506 0.32185274 0.33383812 0.34849082 0.362123
 0.37073431 0.37603704 0.39200301 0.39611844 0.40770846 0.44248731
 0.48733114 0.53334563 0.58867033 0.64568919 0.6611866  0.68645217
 0.70876594 0.72346364 0.74005953 0.77183421 0.8381793  0.90109775
 0.9735768  1.03732873 1.11401204 1.20387922 1.27578729 1.34545162]",0.004965649,0.007628055,mean_squared_error_optimizers.Adam-lr=0.002
0.0003171534901484847,"[0.44491089 0.36007892 0.3457286  0.34192698 0.35577471 0.35853086
 0.36929911 0.37378034 0.367223   0.36123147 0.36651741 0.38743827
 0.39871919 0.40515367 0.41258617 0.42009473 0.42426346 0.42095565
 0.41594611 0.4042859  0.4045721  0.41077185 0.40983356 0.41650799
 0.41949647 0.41598217 0.43204615 0.4193422  0.41759464 0.46294772]","[0.43323292 0.33813752 0.31339532 0.3152386  0.32979102 0.3425838
 0.35455104 0.35223252 0.36877739 0.37556656 0.38072076 0.39493729
 0.41405079 0.42790718 0.43206718 0.44587736 0.41823343 0.41428279
 0.4004262  0.37830474 0.36943315 0.36779227 0.38636094 0.38773248
 0.39806607 0.39162118 0.38807643 0.38836661 0.38929668 0.43355426]","[0.4245692  0.33156507 0.30728248 0.30992081 0.32561933 0.34009703
 0.35263998 0.35545741 0.37345629 0.38413017 0.40302601 0.44050932
 0.48343069 0.52064452 0.56602528 0.61588531 0.62575822 0.64657695
 0.66096554 0.6685882  0.68221949 0.71512587 0.79901451 0.86726345
 0.94454649 1.01666022 1.09955444 1.19104851 1.26260627 1.33133161]",0.00482875,0.007381825,mean_squared_error_optimizers.Adam-lr=0.002
0.00029967706196475774,"[0.45419986 0.34826578 0.33402437 0.34186519 0.35014318 0.3619515
 0.36023403 0.35788757 0.35367429 0.34652154 0.36450036 0.38447116
 0.39132103 0.40071231 0.40760372 0.41453993 0.41294791 0.401375
 0.39090466 0.39064289 0.38248913 0.3882386  0.40137224 0.40197774
 0.40863805 0.40753226 0.40041675 0.39664929 0.41685974 0.46604276]","[0.41268437 0.3242017  0.30442308 0.31014695 0.32153717 0.33094561
 0.34055623 0.34041581 0.36002149 0.36738861 0.3720682  0.38375728
 0.40155157 0.41501849 0.41503521 0.43655694 0.39960869 0.3939396
 0.38341296 0.36482327 0.35750012 0.35760043 0.38034319 0.38883299
 0.39956077 0.38850374 0.38381613 0.38797946 0.39474499 0.44462828]","[0.40539122 0.31855104 0.29875058 0.3039745  0.31422479 0.3243022
 0.33424149 0.34162932 0.36504907 0.37819349 0.39906251 0.43789305
 0.48645566 0.5339086  0.58955909 0.64889143 0.66024432 0.68384915
 0.70298086 0.71362394 0.72486334 0.7536533  0.82952028 0.89191372
 0.95925666 1.02421912 1.10099636 1.18900061 1.2594654  1.32844895]",0.004840156,0.00751001,mean_squared_error_optimizers.Adam-lr=0.002
0.00030853834129326667,"[0.45809743 0.36600777 0.33984102 0.3607328  0.36766569 0.3778065
 0.37259239 0.37489627 0.36972051 0.36979181 0.3874725  0.39891661
 0.40582279 0.40894494 0.41583328 0.41246649 0.41850406 0.41514177
 0.41952744 0.40589464 0.4094009  0.41589589 0.43154542 0.43510106
 0.42457541 0.43186863 0.43328635 0.41954092 0.42190668 0.47142772]","[0.42658403 0.33481382 0.31396602 0.31526735 0.32514868 0.33360903
 0.34254173 0.34392833 0.36291664 0.37206094 0.37649478 0.38756692
 0.40347516 0.41358165 0.41620351 0.42992093 0.39303068 0.38698396
 0.37845584 0.36143908 0.35671909 0.35792484 0.38359247 0.39207819
 0.40684805 0.40176624 0.40019556 0.39986627 0.40139093 0.44429552]","[0.41660469 0.32721395 0.30641224 0.30841547 0.32011458 0.3308792
 0.338536   0.34283609 0.35873752 0.36590143 0.38115408 0.41483831
 0.4573568  0.49808585 0.55178885 0.60829351 0.61879268 0.64284255
 0.66529345 0.67979383 0.69330132 0.72699081 0.81446509 0.88010109
 0.94704834 1.01747667 1.1003585  1.19213635 1.26377297 1.33167844]",0.0049138535,0.0075904843,mean_squared_error_optimizers.Adam-lr=0.002
0.00027820423270653313,"[0.45791576 0.3643983  0.34021965 0.34772566 0.35946705 0.37112164
 0.37332618 0.37898815 0.37209289 0.36866289 0.37436162 0.38496288
 0.38677839 0.39702415 0.40443198 0.41321665 0.41120149 0.41135468
 0.40058543 0.38979842 0.38619023 0.39489062 0.39542195 0.39563287
 0.39661426 0.40153289 0.39781183 0.38869163 0.39526907 0.44998323]","[0.43000128 0.34352336 0.3243432  0.33161663 0.34564858 0.36048111
 0.37036395 0.3717916  0.38503458 0.38383154 0.38090909 0.38818451
 0.40761326 0.42491746 0.43272031 0.44445892 0.41282213 0.39805307
 0.38377239 0.36632722 0.35979771 0.36094709 0.38235458 0.39548206
 0.40832798 0.39738407 0.3929215  0.39327236 0.39592076 0.44250548]","[0.42215694 0.33629097 0.3173217  0.326948   0.34506327 0.36423755
 0.37302562 0.37577413 0.3864536  0.38387177 0.39473347 0.42940244
 0.47813572 0.52594264 0.58332072 0.64090521 0.65853086 0.68211334
 0.70201671 0.7140427  0.72556564 0.75359083 0.82418539 0.88914583
 0.96433638 1.03023265 1.11032801 1.20012077 1.27044395 1.33686946]",0.004744727,0.007244974,mean_squared_error_optimizers.Adam-lr=0.002
0.00028969977411907167,"[0.42585527 0.33999792 0.3267649  0.33254161 0.34512891 0.35134648
 0.35989225 0.36162076 0.36111903 0.36608632 0.37253396 0.3878001
 0.38703294 0.3861885  0.38629787 0.38755503 0.39028139 0.38973185
 0.3904804  0.38239224 0.3855413  0.3990622  0.39608904 0.40302889
 0.40514594 0.40934131 0.41125248 0.40767044 0.41974926 0.47187588]","[0.40500553 0.31634255 0.29688233 0.29809403 0.31127951 0.32396529
 0.33780274 0.34164669 0.36295008 0.37227859 0.38206619 0.39592959
 0.40905342 0.41516188 0.4128176  0.43934876 0.4049793  0.3968038
 0.38515965 0.36752539 0.36262368 0.36322226 0.37644706 0.38432728
 0.39758556 0.38860774 0.38844542 0.39668342 0.40319518 0.45296607]","[0.39530857 0.31029222 0.29183717 0.29421475 0.3096168  0.32518445
 0.33864576 0.34644677 0.36753937 0.3779417  0.401196   0.44142625
 0.48594498 0.52551935 0.5756495  0.63220133 0.64332592 0.66937996
 0.69375789 0.7099563  0.7266443  0.76041061 0.83382184 0.89850566
 0.97033154 1.03233014 1.10868017 1.19756042 1.26861594 1.33630079]",0.004675938,0.0071466817,mean_squared_error_optimizers.Adam-lr=0.002
0.00029491977327658484,"[0.44749995 0.35489386 0.34515497 0.36239358 0.37287245 0.37097855
 0.37967184 0.37692244 0.36943353 0.36589957 0.37501612 0.39456738
 0.40285609 0.41267017 0.40804615 0.40829528 0.40965145 0.40576731
 0.40030844 0.38859651 0.38229036 0.38797494 0.40121675 0.40401876
 0.40318988 0.4055027  0.40448119 0.40721299 0.42507699 0.47379519]","[0.41870135 0.33047149 0.31201844 0.32005104 0.33945215 0.35349285
 0.3630886  0.35957953 0.36841676 0.37094002 0.37876509 0.39722086
 0.41566716 0.42963215 0.42862768 0.44856047 0.41664385 0.40696883
 0.39818784 0.37768081 0.36849696 0.36343099 0.3769994  0.37951539
 0.39405136 0.38675813 0.38725494 0.39519679 0.40426658 0.45766647]","[0.41014943 0.32333957 0.30529993 0.3133896  0.33332537 0.34861866
 0.35778279 0.35734222 0.3672876  0.37095976 0.38775081 0.42432229
 0.46572999 0.5060741  0.55897722 0.61935306 0.63384621 0.65594599
 0.67612109 0.68690549 0.7008832  0.73222227 0.80894243 0.87091648
 0.94033122 1.00532712 1.08309159 1.17149859 1.2423579  1.31204107]",0.0044816914,0.0068127597,mean_squared_error_optimizers.Adam-lr=0.002
0.0002883976130203033,"[0.43132505 0.34773193 0.32858147 0.33823299 0.34750044 0.34998378
 0.34602914 0.35063916 0.35581439 0.34875604 0.36256436 0.37680598
 0.38399831 0.38781618 0.39284572 0.40171805 0.40442752 0.40094651
 0.39156538 0.38764347 0.38877512 0.39060882 0.39998119 0.40979117
 0.40903994 0.41038891 0.40158058 0.40834968 0.41597774 0.46550415]","[0.42001859 0.33207785 0.30621242 0.30305007 0.31369262 0.32502014
 0.33757718 0.34038122 0.36142884 0.37534344 0.38608344 0.40156296
 0.41514864 0.42463194 0.43141738 0.45513211 0.42179831 0.41864119
 0.40535006 0.38155408 0.37132246 0.36832708 0.38929574 0.39595893
 0.41042786 0.39591908 0.39352168 0.39767104 0.4026271  0.4475817 ]","[0.41211134 0.32553163 0.29873891 0.29621094 0.30925085 0.32506443
 0.33978476 0.34997624 0.37539953 0.39627183 0.4237844  0.46752366
 0.51360748 0.55941758 0.61847318 0.68188128 0.69979782 0.72982778
 0.75290608 0.76423662 0.77482506 0.79820752 0.86192129 0.91628725
 0.97932098 1.0315731  1.09978198 1.18371693 1.25452131 1.3251772 ]",0.00459782,0.007003918,mean_squared_error_optimizers.Adam-lr=0.002
