0.0031370844791332882,"[1.60557266 1.59959423 1.59580887 1.58793279 1.57137915 1.552976
 1.52360361 1.4957303  1.46292135 1.42805935 1.39806459 1.36427275
 1.32554845 1.28479658 1.24795055 1.20710296 1.16181127 1.11588045
 1.07417698 1.02943756 0.97998264 0.9405233  0.9013931  0.86114795
 0.81928894 0.78844508 0.77203481 0.78155654 0.80598543 0.85816892]","[1.60913183 1.57177129 1.55473298 1.54270767 1.53253486 1.52003046
 1.49459972 1.47047467 1.46026507 1.43174999 1.39509474 1.35700871
 1.31936316 1.27383831 1.21211853 1.16584611 1.08917496 1.05054941
 1.0125057  0.96948485 0.92690509 0.87691665 0.847051   0.80669948
 0.77968999 0.73232509 0.70927233 0.72077733 0.75252114 0.8073167 ]","[1.41890938 1.32957062 1.26586877 1.21757813 1.17886108 1.14808142
 1.10711416 1.07102936 1.03325157 0.98840836 0.93074641 0.87788963
 0.8274101  0.77235081 0.69882964 0.65746959 0.60342202 0.58888112
 0.62528124 0.68416733 0.754474   0.84036008 0.94966046 1.03060441
 1.10358165 1.15443542 1.2083394  1.2674704  1.31860735 1.36210013]",0.008444826,0.0016288359,mean_squared_error_optimizers.Nadam-
0.002631963695399463,"[1.51427503 1.51221306 1.50505945 1.49541407 1.47352641 1.45247562
 1.42970667 1.40195929 1.37446268 1.34479367 1.32403257 1.30100173
 1.27506571 1.2433883  1.20865389 1.17111104 1.13757819 1.10033265
 1.06265395 1.02504518 0.99079304 0.95584856 0.92269678 0.88864952
 0.85462054 0.83017585 0.81385279 0.81895964 0.84958223 0.90320842]","[1.49285323 1.45292587 1.43409101 1.42281969 1.41446258 1.40524535
 1.38483311 1.3665697  1.36573466 1.3439326  1.3125954  1.28543794
 1.2566612  1.22007282 1.16863533 1.13109677 1.06449545 1.03530315
 1.00480563 0.96478474 0.92742674 0.88414877 0.85511536 0.82186326
 0.81290768 0.77876512 0.76671963 0.78226348 0.80964152 0.86036833]","[1.33650421 1.24771592 1.1867638  1.14363963 1.11140736 1.08855245
 1.05755682 1.03099973 1.00381826 0.96705188 0.915237   0.87294325
 0.83070877 0.78410667 0.72032246 0.68931201 0.644255   0.64153356
 0.68165475 0.73808613 0.80723013 0.88886587 0.98866206 1.06546431
 1.14220777 1.19225333 1.24386568 1.29911165 1.34246823 1.38215888]",0.009470994,0.0019960557,mean_squared_error_optimizers.Nadam-
0.0023721823676799733,"[1.27347029 1.2272616  1.18749912 1.15649454 1.12548508 1.08763288
 1.05946749 1.03067469 1.01050455 0.99773091 0.98750675 0.97654652
 0.96552433 0.9530138  0.93772349 0.92592032 0.91180302 0.90241494
 0.89767244 0.89491109 0.89766731 0.90240196 0.90723096 0.90820405
 0.91538442 0.92199385 0.92766708 0.9461327  0.97469255 1.01458379]","[1.27030317 1.18647412 1.1295963  1.08819933 1.05578178 1.02933239
 0.99971122 0.97890806 0.98142384 0.96899136 0.94902906 0.9368312
 0.92441085 0.90533763 0.878363   0.870069   0.82683822 0.82521067
 0.82871343 0.82514284 0.82243195 0.81676172 0.83257812 0.84421033
 0.87040488 0.8632029  0.87230219 0.90073797 0.9344252  0.97683377]","[1.19892663 1.09712967 1.02609475 0.97347994 0.93326769 0.90335322
 0.87074495 0.84605489 0.83092023 0.80761506 0.772866   0.74838066
 0.72442769 0.69600191 0.65576273 0.64568989 0.61043604 0.61849316
 0.66121122 0.71797769 0.78492666 0.86251375 0.96301688 1.03965492
 1.11524481 1.16476988 1.21837997 1.27887682 1.3285923  1.37314648]",0.008892391,0.0021689588,mean_squared_error_optimizers.Nadam-
0.001621484618789206,"[1.0804407  1.01421055 0.9549968  0.90741874 0.86251342 0.82695643
 0.80577683 0.78706333 0.78511312 0.7865799  0.79927479 0.81163783
 0.8209496  0.82634236 0.82741453 0.81623083 0.81139019 0.80868554
 0.79941837 0.80342556 0.81861139 0.83658783 0.84753048 0.85634003
 0.86034541 0.86817669 0.87001199 0.87913675 0.90066397 0.93957374]","[1.08475125 0.97395426 0.89406925 0.83042838 0.78628386 0.758244
 0.73720761 0.73222749 0.75570461 0.76478366 0.76135295 0.76702252
 0.773447   0.7716279  0.75996109 0.76301388 0.72857366 0.72670532
 0.73249503 0.7313156  0.7355521  0.74178892 0.76887491 0.78673439
 0.81584194 0.81063242 0.81424245 0.83857096 0.86787396 0.91100853]","[1.05719393 0.93652276 0.84845253 0.77653174 0.72881084 0.70254464
 0.6865045  0.68521191 0.7015191  0.70832449 0.69906089 0.69539908
 0.69063407 0.67829176 0.65540984 0.64852538 0.61141193 0.6031309
 0.62664467 0.66666461 0.7240861  0.79913959 0.89645288 0.97616796
 1.05877417 1.11451836 1.17132626 1.23602679 1.28955772 1.33911753]",0.00823861,0.00440112,mean_squared_error_optimizers.Nadam-
0.0013499412598709265,"[1.05502783 0.98026903 0.91421284 0.86323659 0.81547581 0.78073386
 0.76667913 0.75660332 0.75944881 0.77326418 0.79491824 0.81487466
 0.8318529  0.84538756 0.84667791 0.84261509 0.83752951 0.82377853
 0.8173272  0.81325347 0.82269217 0.83611256 0.84390216 0.8462168
 0.85707395 0.86611734 0.87295924 0.88671016 0.91955651 0.96433403]","[1.06888166 0.94089686 0.85040614 0.77924984 0.73202663 0.701036
 0.68109548 0.67544859 0.70507537 0.72367408 0.73580008 0.76022117
 0.78247516 0.79297417 0.79438868 0.80563088 0.77777425 0.76569033
 0.7577731  0.74245999 0.73618392 0.73503242 0.75228397 0.76389108
 0.78679758 0.78076556 0.7888103  0.81766798 0.84607183 0.89023649]","[1.05183934 0.91753175 0.8199235  0.74051129 0.68902083 0.65687911
 0.63830668 0.63493467 0.6570196  0.67063887 0.67451738 0.68512795
 0.69330108 0.69078753 0.6823304  0.68281411 0.64737366 0.62674813
 0.63503627 0.66037055 0.70967068 0.78190349 0.87299992 0.95478745
 1.03957089 1.09786186 1.15919411 1.22727686 1.28089221 1.33080386]",0.008063402,0.0052927565,mean_squared_error_optimizers.Nadam-
0.0012366715104629596,"[0.9519775  0.86856221 0.80338194 0.75438886 0.71280387 0.6860088
 0.66823342 0.6677452  0.67001659 0.67824023 0.70668138 0.72632988
 0.74803811 0.76202663 0.77102354 0.76683744 0.76244072 0.74343182
 0.72896434 0.71955077 0.72661345 0.73810116 0.75233641 0.76455639
 0.77476575 0.78270743 0.79033874 0.80039057 0.82157535 0.86584797]","[0.96975395 0.83377951 0.74125006 0.67299525 0.63457168 0.6126309
 0.60176098 0.60039941 0.6313147  0.64877922 0.65857564 0.67758149
 0.69671478 0.70805572 0.70815122 0.71378235 0.6845382  0.67685005
 0.66816111 0.65505471 0.6521453  0.65384861 0.69232047 0.70466254
 0.71557531 0.7091207  0.71183061 0.73650423 0.76481966 0.81181436]","[0.96178558 0.81829792 0.71550183 0.63675865 0.59479876 0.57373481
 0.56739139 0.57441125 0.60552912 0.62580182 0.63560328 0.64966948
 0.66182866 0.66324473 0.65642987 0.65119371 0.60997269 0.58988513
 0.58943314 0.60455595 0.64854748 0.72073009 0.83188808 0.91617211
 0.99562318 1.05895854 1.12247997 1.19265867 1.2498166  1.30223207]",0.007841902,0.00534804,mean_squared_error_optimizers.Nadam-
0.001106291448076566,"[0.95080931 0.8625962  0.79552126 0.74038879 0.69768725 0.67370257
 0.65265507 0.64370555 0.65561442 0.67046915 0.69367695 0.7202068
 0.73753861 0.75642586 0.76598264 0.77220994 0.76217452 0.74402902
 0.72818392 0.7240215  0.72809813 0.7323773  0.74450194 0.75415639
 0.76283382 0.76654835 0.77666922 0.79174869 0.81924578 0.86564574]","[0.96417848 0.81928184 0.72002239 0.6478521  0.60759024 0.5852674
 0.57550526 0.57674426 0.61149522 0.63331863 0.64934295 0.67613802
 0.70083266 0.7168493  0.71295077 0.71819002 0.6844274  0.67057661
 0.653674   0.6336199  0.62888374 0.63244801 0.67611083 0.6938357
 0.71693084 0.71768847 0.7299032  0.763533   0.7920711  0.83966327]","[0.95182719 0.80020016 0.69302536 0.61400071 0.57287989 0.55229947
 0.54712286 0.55358329 0.58750886 0.60930395 0.62311105 0.64195251
 0.65757206 0.66228733 0.65118318 0.64719383 0.60457432 0.58190212
 0.57610426 0.58884988 0.63398687 0.70657372 0.82550932 0.91078396
 0.99403348 1.05784069 1.12245304 1.19408545 1.24811856 1.29999884]",0.007625089,0.0057240673,mean_squared_error_optimizers.Nadam-
0.0010283428160473705,"[0.90783664 0.81291652 0.73174442 0.66483547 0.62584386 0.60801995
 0.60349448 0.60742022 0.61404271 0.6281936  0.66176641 0.68816297
 0.71331236 0.73589458 0.74069907 0.73912117 0.73478935 0.71523128
 0.71341265 0.70074748 0.70042234 0.71160011 0.71198667 0.71993828
 0.7283571  0.74082439 0.74984457 0.76227262 0.78724238 0.83127119]","[0.90393876 0.7565674  0.66157241 0.59449032 0.56175066 0.54705705
 0.54625572 0.55277399 0.5890104  0.61044292 0.62417181 0.64792679
 0.67259162 0.68775373 0.69979317 0.71588564 0.68747957 0.67287122
 0.65373701 0.63002043 0.61808999 0.6169599  0.65040011 0.66916166
 0.68521119 0.6824805  0.69450957 0.72985505 0.7587072  0.80612133]","[0.89449892 0.73827712 0.63653146 0.56603627 0.5348347  0.52283787
 0.5274165  0.54252602 0.58300379 0.61148333 0.6329185  0.66041046
 0.68723657 0.70256488 0.71520623 0.72425217 0.69255063 0.67355053
 0.66023268 0.65505495 0.67928907 0.73563522 0.836465   0.91822431
 0.99881243 1.06294576 1.13029485 1.20477406 1.26048327 1.31357166]",0.007535304,0.005741068,mean_squared_error_optimizers.Nadam-
0.0009210602381887536,"[0.86834395 0.75267374 0.67716332 0.62357042 0.58918082 0.56935739
 0.55880981 0.56917885 0.58062955 0.59203367 0.61180592 0.63587955
 0.65623959 0.67300196 0.6794746  0.68783294 0.67849089 0.66665794
 0.64838706 0.6340799  0.64184451 0.65463027 0.66674624 0.67993428
 0.68345986 0.68862716 0.69710166 0.71042765 0.73761926 0.78381429]","[0.87201827 0.72086286 0.62773475 0.56404766 0.53528841 0.52339023
 0.5223039  0.5280361  0.55796766 0.5748477  0.5850738  0.60721917
 0.63157766 0.64772043 0.65439215 0.66695048 0.63792313 0.62218142
 0.6045221  0.58057351 0.56913749 0.56922    0.60555292 0.62044615
 0.63584447 0.63475807 0.64834471 0.68548238 0.71966844 0.77136094]","[0.8623329  0.70345107 0.6061469  0.54113417 0.51446482 0.50383354
 0.50646174 0.51727224 0.54853727 0.57038828 0.58643658 0.60895958
 0.6329446  0.64619659 0.65427004 0.66085558 0.62614976 0.6037162
 0.59055219 0.58448997 0.61306442 0.67942087 0.78804237 0.87380347
 0.95577427 1.02243515 1.09118132 1.1672292  1.22697164 1.28263826]",0.007418098,0.0059432415,mean_squared_error_optimizers.Nadam-
0.0008677198344375939,"[0.85226179 0.73911561 0.6650231  0.62450456 0.60082498 0.58522129
 0.58281989 0.58214717 0.58192383 0.5972582  0.61694416 0.63755188
 0.66016924 0.67612574 0.67930958 0.68062502 0.67530313 0.67632835
 0.67139762 0.66140173 0.6669973  0.66832855 0.67325622 0.67414329
 0.67360175 0.67884807 0.68287669 0.70097186 0.73379621 0.78392117]","[0.85563961 0.70937938 0.62277805 0.56581808 0.54284522 0.53620345
 0.53978968 0.54511053 0.57412336 0.58979632 0.59948679 0.62109579
 0.64294699 0.65898836 0.66436752 0.67820878 0.65227878 0.63987201
 0.62491498 0.60674235 0.59927366 0.6003003  0.63028442 0.64701969
 0.66615524 0.66370088 0.67685478 0.71186395 0.74543059 0.79737557]","[0.84299703 0.68892613 0.59848147 0.53916472 0.51638228 0.50960306
 0.51414415 0.52018585 0.54504677 0.56074862 0.57303586 0.59362197
 0.61370061 0.6247328  0.62573194 0.63149061 0.59467526 0.56788609
 0.5550658  0.55600229 0.59683223 0.67448218 0.79739612 0.89074474
 0.97537199 1.04311988 1.11251306 1.18772415 1.24614602 1.30104092]",0.007211093,0.0062081055,mean_squared_error_optimizers.Nadam-
0.0008113141128948579,"[0.85787925 0.72980588 0.64253063 0.59846935 0.5788824  0.57782814
 0.57844525 0.58052564 0.58756604 0.59828702 0.63065603 0.64468863
 0.66638003 0.67255431 0.6834242  0.68764241 0.68061434 0.67428798
 0.65489452 0.64654385 0.6439871  0.65892657 0.66453131 0.67105771
 0.66745187 0.66762656 0.67140975 0.68974317 0.71474592 0.76162663]","[0.84504301 0.68211819 0.58495532 0.52475483 0.50219242 0.49978908
 0.50961716 0.51862901 0.54923691 0.56647572 0.5770619  0.59907222
 0.62481192 0.64684196 0.655554   0.67253137 0.6469336  0.63047934
 0.60811281 0.58203804 0.56609127 0.56097155 0.59045962 0.60240063
 0.61753254 0.61598323 0.62541139 0.65634668 0.68782732 0.73951166]","[0.83582091 0.6672372  0.56761353 0.50574679 0.4831124  0.48079848
 0.49232549 0.50413824 0.533017   0.55301622 0.56764704 0.58896503
 0.61191444 0.62777471 0.63281634 0.64035341 0.60683897 0.57880223
 0.55903427 0.55141058 0.58097084 0.65154634 0.77346224 0.86470581
 0.9473433  1.01947402 1.09058143 1.16689001 1.22683738 1.28328917]",0.007759004,0.0068997093,mean_squared_error_optimizers.Nadam-
0.0008442377049165468,"[0.83119731 0.71423327 0.64155615 0.5981123  0.57709591 0.56575116
 0.56147886 0.56553427 0.57303273 0.58527171 0.60838144 0.63492518
 0.64603915 0.66056983 0.67567612 0.68140806 0.68085771 0.6723832
 0.6584529  0.65059648 0.65212403 0.66299824 0.67178737 0.67359294
 0.66972472 0.66645957 0.67047218 0.67999407 0.70989631 0.75438116]","[0.82371649 0.66498441 0.56910259 0.50971096 0.48714025 0.4849492
 0.49582724 0.5109525  0.54547594 0.5633977  0.57374196 0.59170967
 0.61012881 0.62513351 0.63416218 0.64858389 0.62148779 0.6089106
 0.59039258 0.56305477 0.54652957 0.54221495 0.57085001 0.58677509
 0.60817902 0.60628581 0.61733372 0.64844198 0.68091869 0.73242215]","[0.80874561 0.64668248 0.55016265 0.48926382 0.46683688 0.465957
 0.47918045 0.49742078 0.5301411  0.55180578 0.56882589 0.59241468
 0.61337689 0.62921921 0.64459905 0.65869293 0.63258863 0.6107945
 0.59354621 0.5809069  0.60296769 0.6659793  0.78535086 0.87686269
 0.96185511 1.03458525 1.10799782 1.18520096 1.24624043 1.30263583]",0.007415862,0.0070616957,mean_squared_error_optimizers.Nadam-
0.0007667645758483558,"[0.77846248 0.6454152  0.56567633 0.51971204 0.49671539 0.49435724
 0.49833036 0.50455203 0.50520244 0.50678776 0.52758493 0.5559417
 0.57077928 0.59236919 0.59935222 0.59992268 0.59654336 0.58675663
 0.58317298 0.58729511 0.59324506 0.60964927 0.61504977 0.6181718
 0.62010771 0.62043057 0.61791547 0.62612969 0.65473562 0.6946583 ]","[0.80441753 0.64890915 0.55475644 0.49792188 0.47982358 0.47817326
 0.48411946 0.49102291 0.51831218 0.533676   0.54439208 0.56431055
 0.58700895 0.60224336 0.6081905  0.62419735 0.59434505 0.5780455
 0.55832169 0.53015481 0.51460709 0.5121878  0.54361779 0.55935121
 0.58389017 0.58195868 0.59137533 0.6207337  0.65027542 0.70187294]","[0.78755279 0.63001252 0.53613948 0.47937267 0.46289208 0.46367711
 0.47199035 0.48047697 0.50444666 0.52175707 0.53819569 0.56515287
 0.59282151 0.61169427 0.62789945 0.64335874 0.61938907 0.59733103
 0.57992295 0.56291011 0.58222017 0.64469302 0.75453923 0.84816056
 0.93849645 1.01274542 1.08606593 1.16457504 1.22459731 1.28142338]",0.0072321566,0.00749357,mean_squared_error_optimizers.Nadam-
0.0007275442384028186,"[0.83128021 0.70095016 0.60945283 0.57115386 0.55525793 0.55173291
 0.55635667 0.55431994 0.55236133 0.56240436 0.58273087 0.61503774
 0.63834456 0.64616603 0.6566809  0.65454533 0.65913655 0.65225601
 0.6458407  0.64153185 0.64609121 0.64719055 0.64614839 0.64705309
 0.64993605 0.64849131 0.65752429 0.6723867  0.7000833  0.75149749]","[0.77725488 0.63775942 0.55354008 0.5063419  0.49519485 0.5019165
 0.51563331 0.523094   0.55533111 0.5641888  0.57104792 0.58735919
 0.60742874 0.62469991 0.62705188 0.63960708 0.60871464 0.60038219
 0.58884735 0.56843674 0.55466869 0.55066768 0.58328352 0.59145486
 0.61375795 0.61379333 0.62679791 0.6592746  0.68915971 0.73967258]","[0.76293283 0.62162903 0.53863487 0.49388402 0.4847576  0.49346232
 0.50801576 0.51877192 0.54626119 0.55655602 0.56779973 0.58949085
 0.61543012 0.63870228 0.66339483 0.6862926  0.67073354 0.66015319
 0.65089708 0.63932481 0.65387379 0.70892545 0.81742535 0.89877542
 0.97768292 1.0477492  1.1191677  1.19550401 1.25399624 1.30937587]",0.007477479,0.007877812,mean_squared_error_optimizers.Nadam-
0.0006520532347882788,"[0.71513184 0.59523621 0.52253068 0.48493435 0.48071355 0.48461924
 0.4838778  0.48295821 0.48040552 0.48437569 0.51167952 0.53084957
 0.54679068 0.56226554 0.57394174 0.58011812 0.57661643 0.56957858
 0.56365721 0.55242802 0.55259999 0.56396867 0.56908485 0.5759787
 0.58087591 0.57398055 0.57669047 0.58789147 0.61137617 0.66163154]","[0.72613675 0.58717824 0.49700818 0.45473392 0.44823629 0.45617977
 0.4671434  0.47420387 0.50229133 0.51154981 0.51962365 0.53793032
 0.55755989 0.5724151  0.5689311  0.58222016 0.55146461 0.54268139
 0.52739648 0.50706032 0.49555895 0.49573562 0.52464278 0.53478562
 0.55367535 0.54807237 0.55361983 0.5792374  0.60652127 0.66014566]","[0.712648   0.57084112 0.47978781 0.43882414 0.43326885 0.4437072
 0.45526507 0.46326234 0.48405942 0.49063192 0.50115751 0.52245861
 0.54449121 0.56197604 0.57685943 0.59653053 0.57761495 0.5625927
 0.54766266 0.5371623  0.56295168 0.63414523 0.75551911 0.84823784
 0.93439441 1.0086384  1.08338572 1.1623537  1.22306989 1.28077415]",0.007134603,0.0076793376,mean_squared_error_optimizers.Nadam-
0.0006260608492884785,"[0.75734433 0.6494386  0.57048483 0.52986198 0.51233848 0.51210391
 0.5128671  0.51337589 0.51639655 0.52677263 0.55048864 0.57274894
 0.59490892 0.60474582 0.61391877 0.61901398 0.61175594 0.61065528
 0.59958528 0.59114196 0.59360706 0.60066406 0.60329297 0.60463225
 0.60705951 0.60445285 0.60623386 0.61972564 0.64381318 0.69705687]","[0.73534526 0.60690712 0.52713412 0.48320349 0.47176839 0.47558419
 0.48589999 0.49439294 0.5274376  0.54032597 0.55234847 0.57227307
 0.59238274 0.60888956 0.61250744 0.6256706  0.59894258 0.5933538
 0.58316982 0.56361969 0.54782759 0.54105859 0.57509829 0.58490099
 0.60506363 0.60305312 0.6155493  0.64670315 0.6784017  0.72750971]","[0.72297071 0.59272942 0.51179125 0.46832498 0.45697873 0.46219284
 0.47394687 0.48606674 0.51452919 0.52853374 0.54441579 0.57103799
 0.60069813 0.62842156 0.65666662 0.68568754 0.67773506 0.67278896
 0.66625816 0.65579005 0.6675539  0.71502582 0.81159705 0.89003
 0.96857563 1.03658887 1.10814281 1.18634977 1.24777422 1.30524215]",0.007291358,0.008195814,mean_squared_error_optimizers.Nadam-
0.0006693988411376874,"[0.77227479 0.65421293 0.58887864 0.54991115 0.53182554 0.53096482
 0.53318207 0.52965906 0.53024226 0.54302356 0.56980994 0.58870467
 0.61066205 0.62692124 0.62887322 0.6268637  0.62512456 0.61459693
 0.60026864 0.5849127  0.59510702 0.60521784 0.61252397 0.61701189
 0.62133197 0.61968207 0.614483   0.61424634 0.63052876 0.67066169]","[0.77047142 0.63624135 0.5444906  0.49838967 0.48622734 0.48919197
 0.49901992 0.50463737 0.53113037 0.54190303 0.5581347  0.58062597
 0.60529886 0.62529278 0.62781722 0.6392481  0.60710554 0.59334256
 0.58134657 0.56097577 0.55014406 0.55075627 0.5780997  0.58267383
 0.5953894  0.58297113 0.57566622 0.58653797 0.60414703 0.64831578]","[0.75847737 0.62427832 0.5315771  0.48512701 0.47197709 0.47431351
 0.48571616 0.49217957 0.51554115 0.52494159 0.54062013 0.56395522
 0.59059991 0.61185892 0.63028487 0.6518716  0.63637964 0.62802107
 0.62245979 0.61410121 0.63139064 0.68558237 0.79395426 0.87834992
 0.96164163 1.03459428 1.10856154 1.18736023 1.24799479 1.30505715]",0.0075545236,0.008351719,mean_squared_error_optimizers.Nadam-
0.0006091362219303846,"[0.7406184  0.62883788 0.54881543 0.51588995 0.50273422 0.49631907
 0.49478898 0.50415064 0.50698539 0.50961512 0.52895778 0.54770674
 0.56860684 0.57874098 0.57687408 0.57620981 0.57106455 0.56870237
 0.5558419  0.54771942 0.55264023 0.56679819 0.57665889 0.57770107
 0.57808175 0.58261026 0.5833822  0.59759173 0.62150044 0.66740859]","[0.70966271 0.57940846 0.49573145 0.45487775 0.44756083 0.45407512
 0.46484766 0.46882147 0.49923983 0.5085395  0.51839067 0.53447957
 0.55472621 0.57108306 0.57174714 0.58162455 0.54811862 0.53230797
 0.51269214 0.49170109 0.48518709 0.4887562  0.52273901 0.53454703
 0.55563127 0.55046106 0.55815572 0.584334   0.61009162 0.66113189]","[0.69596382 0.56590239 0.48226501 0.44187538 0.43539018 0.44176089
 0.45209802 0.45197669 0.47361784 0.47963328 0.48812229 0.50551582
 0.52686785 0.54519702 0.55949112 0.57771805 0.55817925 0.54846428
 0.54162691 0.53766349 0.56858296 0.63760252 0.76095039 0.85210718
 0.94087555 1.01638627 1.09407215 1.17656988 1.23986868 1.2996145 ]",0.0072905,0.0083875125,mean_squared_error_optimizers.Nadam-
0.0005901735484755287,"[0.70137583 0.58115643 0.51729851 0.48573778 0.47926588 0.47893055
 0.48470659 0.47896193 0.48344394 0.49296233 0.51575632 0.53545755
 0.55607614 0.55590849 0.54862119 0.54271321 0.53563099 0.53337792
 0.5184682  0.50946218 0.52288389 0.53663082 0.5382289  0.54620917
 0.55294455 0.54727584 0.54311771 0.54627238 0.56995776 0.62344399]","[0.69371037 0.55767626 0.47683074 0.43360111 0.43058933 0.43828543
 0.44900804 0.44895793 0.48157566 0.49198877 0.50152975 0.51933836
 0.5411818  0.55899444 0.55914845 0.56880185 0.53711602 0.52614312
 0.51143821 0.49384824 0.48913861 0.49432447 0.52027274 0.5276346
 0.54619243 0.53495032 0.53525751 0.55626181 0.58315388 0.63674218]","[0.68035945 0.54533927 0.46415075 0.42067023 0.41775468 0.42509013
 0.43467343 0.4307332  0.45442607 0.46239551 0.47103217 0.49118719
 0.51554588 0.53723919 0.55888939 0.58006453 0.56371387 0.55451378
 0.54232217 0.53290837 0.55628455 0.62085936 0.7431011  0.83583076
 0.92757998 1.00852384 1.08989024 1.1751273  1.24165433 1.30554176]",0.007267782,0.008437348,mean_squared_error_optimizers.Nadam-
0.0005687865359165395,"[0.68327595 0.56002605 0.48750631 0.45324351 0.45268895 0.45303184
 0.45961644 0.46468427 0.46495638 0.47404764 0.49448458 0.51879958
 0.53187842 0.53975676 0.5385515  0.53584047 0.53506301 0.52524502
 0.51820149 0.51536081 0.51946497 0.53431818 0.54733171 0.55351233
 0.55862749 0.55879586 0.55754094 0.56184807 0.58346447 0.63680145]","[0.68442721 0.55514667 0.46627136 0.42580096 0.42373652 0.43247932
 0.44641313 0.44692894 0.47679021 0.49195313 0.50715307 0.52603593
 0.54659689 0.56186399 0.55548203 0.56740453 0.5338385  0.52607909
 0.51058802 0.48659997 0.47915074 0.48337033 0.50734017 0.51843129
 0.54447693 0.5363949  0.53790856 0.55770319 0.58654664 0.63953085]","[0.67390201 0.54510485 0.45407375 0.41392725 0.41374933 0.42411523
 0.4397865  0.43828064 0.4619323  0.47419085 0.48861185 0.51123665
 0.53633363 0.55726104 0.57118717 0.59536525 0.58102781 0.58073539
 0.57452396 0.56188872 0.57964178 0.63598603 0.74952677 0.83567257
 0.92462647 1.00138868 1.08027025 1.16316344 1.2279091  1.2902731 ]",0.007102937,0.008521873,mean_squared_error_optimizers.Nadam-
0.0005175684690475464,"[0.64769196 0.52627848 0.4612898  0.42967703 0.42434716 0.428938
 0.43308203 0.42845437 0.43671977 0.44287628 0.45606724 0.47060736
 0.48596793 0.49357003 0.4968536  0.4973332  0.4940941  0.48482167
 0.46561862 0.46150225 0.46581478 0.47837697 0.48926323 0.49879737
 0.49655193 0.48937094 0.48758909 0.48742018 0.51393632 0.56295259]","[0.64468803 0.51742037 0.43434518 0.40238942 0.40362119 0.41464757
 0.42607182 0.4306785  0.45489916 0.46052295 0.46632523 0.48412516
 0.50688736 0.52589498 0.53168305 0.54676523 0.51551654 0.50546235
 0.48924183 0.46551966 0.45245223 0.45022256 0.485878   0.49087944
 0.50193973 0.49315193 0.49436092 0.51720631 0.54477763 0.59816106]","[0.63633829 0.50846392 0.42288061 0.39081588 0.39344246 0.40495906
 0.41848899 0.42208859 0.44423153 0.45062641 0.45690268 0.47838138
 0.50520294 0.52997728 0.5514887  0.57896565 0.56755101 0.56768563
 0.56376316 0.55584372 0.57228051 0.62762781 0.73891061 0.82509183
 0.9107873  0.98767346 1.06733396 1.15277076 1.22038521 1.28502316]",0.0071338164,0.008310892,mean_squared_error_optimizers.Nadam-
0.0004885677216031278,"[0.6513008  0.52103656 0.44809108 0.41641482 0.4110446  0.4122838
 0.42309551 0.42793734 0.43279605 0.43840954 0.45344452 0.48058315
 0.48768031 0.49640419 0.49939059 0.50087233 0.49946177 0.49015007
 0.47553392 0.46505704 0.47598979 0.48467964 0.49243562 0.49662895
 0.49871782 0.50204877 0.51203956 0.5213757  0.54707517 0.59944647]","[0.63642276 0.51192107 0.42852009 0.39646208 0.3946496  0.4031927
 0.41262247 0.4149292  0.44089322 0.44733258 0.45294902 0.47052855
 0.49119622 0.50784875 0.51020166 0.52209859 0.48908436 0.47775948
 0.45976794 0.43753887 0.42995242 0.43272913 0.46734089 0.47855185
 0.49615011 0.48766725 0.48689535 0.5062649  0.53227348 0.58466593]","[0.62833356 0.50452838 0.41942595 0.38700333 0.38559013 0.39453456
 0.40340764 0.40394317 0.42517284 0.43123663 0.43737782 0.45869871
 0.48389372 0.50722903 0.53114313 0.56074072 0.54890111 0.54717838
 0.54294508 0.53695922 0.56049626 0.62084533 0.73225232 0.82055234
 0.90952776 0.98627074 1.06524429 1.14992832 1.21776331 1.28256091]",0.007093286,0.008722996,mean_squared_error_optimizers.Nadam-
0.0005072400325055545,"[0.64850033 0.51984301 0.46024264 0.43827127 0.43351878 0.43362145
 0.43762878 0.43884478 0.44341242 0.44315069 0.46390046 0.49211434
 0.50179258 0.51092871 0.51405379 0.51149106 0.51125535 0.50312153
 0.50228175 0.49961295 0.50824858 0.51330922 0.52072207 0.52821438
 0.52955349 0.51858594 0.51651574 0.50622525 0.53260362 0.59613569]","[0.65708522 0.5239153  0.44796772 0.41453999 0.40994674 0.41259072
 0.42073943 0.42300798 0.45049245 0.45972998 0.46994243 0.48657298
 0.50613967 0.52042519 0.52003989 0.52943142 0.49757932 0.48881057
 0.47218135 0.45102521 0.44196949 0.44303729 0.47677985 0.48461512
 0.49557038 0.48223346 0.48255452 0.50261077 0.52999397 0.58761037]","[0.64940323 0.51589975 0.43854891 0.40508364 0.40149932 0.40356968
 0.41104084 0.410995   0.43402111 0.44357627 0.45599961 0.47859192
 0.50350632 0.52371965 0.54135315 0.56507931 0.55272779 0.55159629
 0.54420132 0.53556927 0.55567374 0.61580427 0.73178752 0.82285148
 0.91075621 0.99060323 1.07366482 1.16286647 1.23210843 1.29930337]",0.00730555,0.00899941,mean_squared_error_optimizers.Nadam-
0.00048186961507114273,"[0.65515313 0.53954286 0.4688576  0.44649616 0.44723954 0.45812936
 0.46915199 0.46744501 0.46519489 0.46017881 0.48109443 0.5123881
 0.52957058 0.54101993 0.54159848 0.5341202  0.52938648 0.52051238
 0.51451905 0.50179531 0.5084273  0.52001429 0.53362974 0.53496174
 0.53428775 0.5372831  0.53305862 0.53342871 0.55095514 0.59507466]","[0.63569258 0.49798989 0.42236822 0.39103222 0.39320391 0.40230536
 0.41546922 0.42170638 0.45190112 0.46384457 0.47926167 0.50229778
 0.52481621 0.53849221 0.5380569  0.54746177 0.51499766 0.51053641
 0.49858619 0.4781193  0.46791711 0.46686644 0.49728404 0.50251395
 0.51229013 0.50048414 0.50240975 0.52068286 0.54484567 0.59402289]","[0.62412643 0.4880954  0.41300243 0.38337964 0.38858734 0.39997294
 0.41357562 0.41872422 0.44522952 0.45728394 0.47290759 0.50024205
 0.53063257 0.55441664 0.57837566 0.60460414 0.5958891  0.60519875
 0.60884046 0.60622305 0.62287817 0.67107244 0.76991938 0.84742729
 0.9259318  0.99755647 1.07578132 1.16179029 1.23044374 1.29706479]",0.007377791,0.009140469,mean_squared_error_optimizers.Nadam-
0.00045331736549269406,"[0.62894527 0.51314004 0.45177719 0.42733079 0.42396281 0.43239031
 0.44354404 0.44015765 0.43527632 0.43116808 0.44744287 0.46713519
 0.48255283 0.48372759 0.4825118  0.48300882 0.47941307 0.47638695
 0.4663176  0.45807109 0.47396231 0.48970241 0.49867402 0.50208002
 0.50113577 0.49786427 0.49865346 0.49425102 0.5150266  0.56923717]","[0.61744377 0.49014828 0.42437813 0.39752743 0.40140742 0.41352871
 0.42708519 0.42303029 0.44451778 0.44815462 0.4606462  0.48310375
 0.50868699 0.5260257  0.52465782 0.54100649 0.50398714 0.49177665
 0.47179305 0.45238206 0.44925023 0.45738163 0.47760061 0.48505072
 0.49951473 0.48289171 0.47489644 0.48704056 0.51072662 0.56626894]","[0.60925518 0.48229706 0.41422538 0.38658746 0.3905737  0.40338548
 0.41801745 0.41250547 0.43168523 0.43520359 0.44886629 0.47581251
 0.50728739 0.52859736 0.54496718 0.56377292 0.5393695  0.52921433
 0.51491925 0.50612429 0.53595395 0.60542113 0.72740087 0.82106972
 0.91055164 0.990734   1.07354998 1.16278642 1.23320015 1.30260044]",0.0069550257,0.008706174,mean_squared_error_optimizers.Nadam-
0.0005058190532727167,"[0.6978465  0.57765137 0.51400303 0.48895715 0.48275777 0.4868324
 0.48572827 0.48615974 0.48072827 0.4741224  0.48234704 0.50916071
 0.52846254 0.52948369 0.52207221 0.52412771 0.51884371 0.50880887
 0.5072649  0.50103497 0.51029765 0.51915142 0.53641527 0.53381305
 0.53863362 0.53889737 0.52766276 0.52817229 0.55156491 0.60139179]","[0.66175292 0.53024117 0.45947768 0.42744492 0.42324317 0.43086396
 0.44298523 0.44147203 0.46292621 0.46501413 0.47106112 0.48846637
 0.51082866 0.52847169 0.53554544 0.54331378 0.50487557 0.49044516
 0.47422723 0.45251889 0.44726971 0.45508961 0.4978141  0.50845198
 0.52347463 0.51393024 0.50622046 0.51370117 0.53161133 0.58098567]","[0.65554734 0.52551927 0.45142712 0.41686255 0.41119192 0.41824846
 0.43140812 0.43085328 0.45065072 0.45231564 0.45501384 0.47111083
 0.49548329 0.51847133 0.54541687 0.57146497 0.55160414 0.53945232
 0.52660025 0.51473496 0.54029084 0.60845099 0.73015952 0.8258501
 0.91925108 1.00065625 1.08313414 1.16987762 1.23996562 1.30677419]",0.0074561676,0.009186325,mean_squared_error_optimizers.Nadam-
0.00044863472199843576,"[0.63793339 0.52719989 0.46474982 0.44372192 0.44011094 0.43751357
 0.43443971 0.4339265  0.42676357 0.43298611 0.45366317 0.47201129
 0.49031434 0.49951893 0.4987719  0.49784965 0.4843446  0.47829448
 0.46898121 0.45998541 0.4660741  0.47663892 0.4741468  0.49255692
 0.49254975 0.50119412 0.4922648  0.49415821 0.51969093 0.57165341]","[0.60762416 0.48294229 0.4164698  0.38860012 0.38937071 0.40274433
 0.41674532 0.41672994 0.43678695 0.43678919 0.44287136 0.4595485
 0.47985921 0.49325999 0.49302539 0.5059513  0.47236693 0.46079738
 0.44285103 0.41954756 0.41194939 0.41706198 0.44756324 0.45653823
 0.47689135 0.46885061 0.4665821  0.47889036 0.49835455 0.55004505]","[0.59989912 0.47552107 0.40780052 0.38153264 0.38349489 0.3973521
 0.41226903 0.41196601 0.42954823 0.42904177 0.43407911 0.45324293
 0.48012083 0.50221275 0.52708004 0.55524139 0.54361891 0.54419902
 0.53813015 0.53114668 0.55334177 0.6163423  0.73378573 0.8265775
 0.91673534 0.99633423 1.07635743 1.16292796 1.23158422 1.30054729]",0.007043833,0.0088160755,mean_squared_error_optimizers.Nadam-
0.00043713499993706744,"[0.6152954  0.49811985 0.43174134 0.41076234 0.41124345 0.41629601
 0.41632442 0.42247028 0.41397473 0.42157767 0.4367316  0.45873659
 0.479224   0.48586242 0.48772171 0.48095204 0.4769529  0.46339092
 0.44670197 0.43911053 0.4524302  0.46428288 0.47984964 0.49152415
 0.49720941 0.50403176 0.49459438 0.49163483 0.49959241 0.54599121]","[0.58333732 0.45646272 0.38917125 0.36090674 0.36830552 0.38781241
 0.40584939 0.4056693  0.42855799 0.43176824 0.43940709 0.45767491
 0.48136118 0.5007203  0.49671259 0.51175235 0.47386936 0.45813575
 0.43658226 0.41524739 0.41288311 0.42548019 0.46042063 0.4767433
 0.49662621 0.48744377 0.48055279 0.4852856  0.50470029 0.55699851]","[0.57770258 0.45168144 0.38274083 0.35396734 0.36098026 0.37953817
 0.39576665 0.39258367 0.41074612 0.41109319 0.40910942 0.41796269
 0.43305787 0.44636886 0.45022606 0.47699273 0.45643805 0.45072432
 0.44061353 0.44205311 0.48638374 0.57125996 0.70380409 0.80496479
 0.89855147 0.97956511 1.06315655 1.1528317  1.2263662  1.29838362]",0.0068107173,0.008620683,mean_squared_error_optimizers.Nadam-
0.0004340763742802665,"[0.59087863 0.47501096 0.4122291  0.40311596 0.40818393 0.41696816
 0.42416354 0.42638759 0.41966588 0.41783422 0.43540733 0.45271282
 0.45689505 0.46380966 0.46212146 0.46663221 0.45493557 0.44593274
 0.44118276 0.43110313 0.44930397 0.46042368 0.4677817  0.47973324
 0.48283407 0.48457942 0.48950705 0.49097764 0.50782243 0.56496213]","[0.58289267 0.45282113 0.38435371 0.36142983 0.36682984 0.37965569
 0.3931525  0.39619558 0.41873246 0.42062487 0.42312059 0.44103681
 0.46070723 0.47367408 0.47681942 0.49102425 0.45400682 0.44177534
 0.42732586 0.41040266 0.41120731 0.41937338 0.45517251 0.45968211
 0.47298216 0.46274767 0.46093769 0.47473976 0.49780995 0.55477741]","[0.57155954 0.44331062 0.37493984 0.35292288 0.35800128 0.37064796
 0.38451024 0.38847678 0.40944487 0.41101989 0.41171138 0.42977082
 0.45329909 0.47168805 0.48817774 0.51083511 0.4900957  0.48641721
 0.48203847 0.48315085 0.52166169 0.59838087 0.72143406 0.81607594
 0.90685491 0.98702645 1.06844699 1.15504067 1.22439263 1.29335103]",0.006952058,0.008873244,mean_squared_error_optimizers.Nadam-
0.00040854927191200357,"[0.60951518 0.48366645 0.41501714 0.39492112 0.39638285 0.41342555
 0.42083207 0.4301131  0.43046654 0.428725   0.44251582 0.46369556
 0.46605766 0.47660092 0.48103023 0.48701363 0.4814949  0.47529104
 0.47254625 0.46818739 0.47173737 0.47956628 0.48898713 0.49453967
 0.49744122 0.49912927 0.49807322 0.48859492 0.51217146 0.56111553]","[0.59016193 0.46226306 0.39433829 0.37063005 0.37357124 0.38242967
 0.39125593 0.3951186  0.42160661 0.43092134 0.43699155 0.45348399
 0.47508304 0.49033376 0.49242244 0.5081022  0.47346414 0.46110516
 0.44259797 0.4243671  0.42246378 0.43012056 0.45762386 0.46158119
 0.47099903 0.45628772 0.45151752 0.46462299 0.48486004 0.53803695]","[0.58364163 0.45326517 0.38315725 0.35960527 0.362623   0.37280652
 0.38192947 0.38566025 0.40829542 0.41627039 0.42105451 0.43770098
 0.46104222 0.4806838  0.49957908 0.52716916 0.51137749 0.50882128
 0.50209257 0.50094763 0.53451413 0.6063803  0.72280467 0.81670363
 0.90707536 0.98633927 1.06855461 1.15782395 1.22999226 1.30081516]",0.00697966,0.008782206,mean_squared_error_optimizers.Nadam-
0.0004116403030542036,"[0.61062132 0.48798141 0.42514807 0.40995744 0.40553567 0.41155373
 0.42343795 0.43007309 0.42582172 0.4344932  0.45047255 0.46570152
 0.47148424 0.48420876 0.48071611 0.47724949 0.47696488 0.46946804
 0.45110879 0.44609964 0.45568583 0.46850937 0.4760988  0.47639761
 0.48346622 0.48778594 0.48168332 0.48444996 0.49870044 0.54923801]","[0.57653694 0.44848325 0.38219723 0.35930964 0.3609152  0.36771191
 0.37751265 0.37700957 0.40639582 0.40814908 0.41743384 0.4397405
 0.46710112 0.48812651 0.49040008 0.50813508 0.47220897 0.46115907
 0.44135972 0.41791797 0.41162326 0.41809984 0.43444824 0.44706755
 0.46914285 0.4606291  0.46049028 0.47480396 0.49644926 0.55226023]","[0.57134865 0.442452   0.37365709 0.34925151 0.35077174 0.35851538
 0.36859126 0.36987417 0.39772354 0.40155973 0.41111237 0.43624594
 0.46995614 0.49679044 0.52031807 0.54943252 0.53226322 0.53133345
 0.52243514 0.51491766 0.53978479 0.60434458 0.71554716 0.80909676
 0.90380242 0.98538503 1.07029218 1.16203783 1.23425133 1.30613546]",0.0068498324,0.008769314,mean_squared_error_optimizers.Nadam-
0.0003962998344019676,"[0.59469617 0.46591518 0.40995092 0.39281933 0.39706797 0.39964845
 0.4043171  0.4015579  0.39421722 0.40439027 0.41660694 0.43253042
 0.43975169 0.4427265  0.44742657 0.44188312 0.44534308 0.43749361
 0.4318724  0.42491522 0.43047415 0.44220882 0.4494243  0.46237763
 0.46040997 0.46182998 0.45414815 0.45339119 0.46984828 0.52425243]","[0.55953154 0.43479565 0.3682572  0.34721721 0.35220624 0.36315348
 0.3727468  0.37228253 0.39995118 0.40426066 0.41295316 0.43018485
 0.44965206 0.46253034 0.46164536 0.47532478 0.44289199 0.43617884
 0.42388172 0.40528624 0.40151957 0.40570244 0.43901376 0.44850192
 0.46464208 0.45331395 0.45076289 0.46227791 0.47722289 0.5305139 ]","[0.55444174 0.42753797 0.3589798  0.33807412 0.34394549 0.35645239
 0.36593626 0.36531121 0.38757957 0.39027946 0.39550424 0.41327863
 0.43723338 0.45912219 0.48564834 0.51807874 0.51075917 0.52122326
 0.52502002 0.52712947 0.55591804 0.61913629 0.72867003 0.81500504
 0.90330342 0.9817498  1.06573935 1.15825717 1.2328598  1.30661333]",0.006832634,0.008733074,mean_squared_error_optimizers.Nadam-
0.0003910593311690415,"[0.590852   0.45897967 0.4062515  0.39357961 0.39245521 0.40016448
 0.40634622 0.41401791 0.40953204 0.40560926 0.4191789  0.43797846
 0.44895956 0.44623984 0.45107956 0.44988619 0.44730513 0.43675327
 0.43715217 0.41618536 0.42344728 0.43690572 0.45463933 0.46746349
 0.47583862 0.47404805 0.46421726 0.45527422 0.47201307 0.52642472]","[0.5503343  0.43056342 0.3715699  0.35049252 0.35213085 0.35977145
 0.36989601 0.37470347 0.39949841 0.40367167 0.40953117 0.4266046
 0.45139097 0.46874554 0.47309443 0.48632756 0.4505843  0.43771607
 0.41507365 0.39164355 0.39154346 0.4006626  0.42750338 0.43803618
 0.45444706 0.44571119 0.43835034 0.44357343 0.46046643 0.515703  ]","[0.54585117 0.42317361 0.3622214  0.34055246 0.34151555 0.35027377
 0.35846079 0.36104778 0.38079134 0.38392161 0.38627901 0.39948264
 0.42150007 0.44086525 0.46129547 0.48561711 0.46645614 0.46457441
 0.4552106  0.45344969 0.4931866  0.57020099 0.6990775  0.80222932
 0.89734806 0.97926266 1.06126807 1.14897259 1.22001226 1.2912349 ]",0.0066406485,0.008489189,mean_squared_error_optimizers.Nadam-
0.00038323065789882095,"[0.58256354 0.46721262 0.41161826 0.39370396 0.39118896 0.39380585
 0.4043276  0.40306468 0.39798319 0.39904852 0.40767867 0.42283526
 0.42733943 0.43272252 0.439817   0.44094423 0.4476441  0.4383039
 0.43722325 0.42858307 0.4290278  0.42799535 0.43997929 0.44167228
 0.45073736 0.46312755 0.46495715 0.47043737 0.49092051 0.5374299 ]","[0.56396579 0.44647429 0.3898197  0.37073793 0.37280952 0.37847321
 0.38762414 0.38800846 0.40964124 0.41275781 0.41978666 0.44077416
 0.46289906 0.47627371 0.46945548 0.47748004 0.44264409 0.43299586
 0.41843686 0.39796131 0.39662887 0.41048828 0.43637131 0.44851652
 0.47217504 0.46645762 0.46808797 0.47980267 0.4975129  0.5454849 ]","[0.56060876 0.44317721 0.38524564 0.36444677 0.36636436 0.3742168
 0.38416937 0.38525846 0.40384199 0.40514602 0.40972292 0.43125548
 0.45704266 0.4764471  0.48882349 0.51416158 0.49911447 0.50265767
 0.50322305 0.50471904 0.53708402 0.60631747 0.72709955 0.82401335
 0.91928888 1.00275167 1.0869855  1.1756076  1.24580949 1.31272773]",0.006672091,0.008420384,mean_squared_error_optimizers.Nadam-
0.0003964209009815628,"[0.54679107 0.43506932 0.38464918 0.36859221 0.36953781 0.37226618
 0.38457264 0.37961742 0.36792569 0.36621303 0.38609024 0.40503613
 0.41623337 0.42030681 0.42815879 0.4327558  0.43257316 0.42791155
 0.41533942 0.4086874  0.41836427 0.42950519 0.43456192 0.4458257
 0.43771585 0.43843397 0.43178612 0.42300943 0.4361161  0.49327331]","[0.53981873 0.42256316 0.36645346 0.35194351 0.35835848 0.36868864
 0.37808068 0.37249582 0.3938858  0.39603651 0.40429196 0.41954093
 0.43779572 0.44738782 0.45207215 0.4672481  0.43644223 0.42610605
 0.40605211 0.38068033 0.37693719 0.38601135 0.420147   0.43137891
 0.4469325  0.43801637 0.43445193 0.4398955  0.45370193 0.50907607]","[0.53525061 0.41736101 0.36042928 0.34662735 0.35425297 0.36578014
 0.37466387 0.36896473 0.38659614 0.38656467 0.39119417 0.40557996
 0.42686127 0.44549669 0.47292306 0.50036578 0.48371377 0.47942836
 0.47158556 0.46610306 0.49993158 0.57450911 0.70430532 0.80671848
 0.90211947 0.98631116 1.07138089 1.16107252 1.23304827 1.30335152]",0.0067192167,0.008683989,mean_squared_error_optimizers.Nadam-
0.00035712519959391406,"[0.55839613 0.44866541 0.39459641 0.37579028 0.38456176 0.39210561
 0.40593847 0.40494154 0.39715172 0.39424855 0.411197   0.43419135
 0.4475638  0.45404266 0.45850067 0.45685143 0.4433813  0.43025919
 0.42208303 0.40986123 0.43250308 0.44066668 0.44778512 0.4494764
 0.45161625 0.45238931 0.44565569 0.44725686 0.46343988 0.51874732]","[0.55427003 0.42993693 0.36857792 0.34861174 0.35238475 0.36163377
 0.37187669 0.37238074 0.39535406 0.40386391 0.42149317 0.44874149
 0.47225051 0.48203135 0.48381732 0.4902044  0.45211211 0.43574276
 0.41927875 0.4003877  0.39838769 0.40725492 0.42679899 0.43397016
 0.45084352 0.44023312 0.43628199 0.44622912 0.4666882  0.51994554]","[0.55291412 0.42633879 0.36139395 0.34018929 0.34424849 0.35489046
 0.36431567 0.36388485 0.38274133 0.39017472 0.40608202 0.43450681
 0.46112024 0.47917828 0.50408169 0.52560991 0.50526983 0.49639874
 0.48529321 0.47686511 0.50722359 0.57904849 0.69797521 0.7995741
 0.89999249 0.98511548 1.07169534 1.16375466 1.2371907  1.30880024]",0.0066291643,0.00850491,mean_squared_error_optimizers.Nadam-
0.00036002431491700314,"[0.58123245 0.45458472 0.39635662 0.37728853 0.37880662 0.38045392
 0.38853713 0.38736643 0.3894261  0.39332983 0.41905007 0.4319675
 0.43421679 0.43767066 0.44886078 0.4537607  0.45011519 0.44455079
 0.43532538 0.42875717 0.43325393 0.44980369 0.46326287 0.46579474
 0.47655385 0.46759212 0.46048801 0.45656212 0.4730251  0.51725019]","[0.54172802 0.41794309 0.35891269 0.3429988  0.3509509  0.36215653
 0.37420759 0.37638073 0.40377286 0.40757239 0.4133384  0.42846049
 0.44428407 0.45535689 0.45500449 0.46878707 0.43058341 0.42116156
 0.40653914 0.38415315 0.3804741  0.389825   0.40912393 0.41958657
 0.44237173 0.4328003  0.43230673 0.4401161  0.46277574 0.52028363]","[0.53801747 0.41380543 0.35347296 0.3368264  0.34376926 0.35374055
 0.36419957 0.36634537 0.39159714 0.39338717 0.3954275  0.40833312
 0.42506856 0.44045694 0.45925001 0.48309618 0.46285452 0.46308846
 0.45735919 0.45536723 0.49349049 0.57265893 0.69818521 0.80224986
 0.90568918 0.99249519 1.07900527 1.17013071 1.24425826 1.31630162]",0.0066275154,0.008561906,mean_squared_error_optimizers.Nadam-
0.00037029986766477427,"[0.56376892 0.45099271 0.39787454 0.39245346 0.38951525 0.3960297
 0.39584389 0.39391025 0.38556258 0.39613394 0.40923992 0.42292459
 0.43362957 0.4309766  0.42981956 0.43622001 0.44533893 0.44690998
 0.43357726 0.4291376  0.42709134 0.44082023 0.45044101 0.46511151
 0.47017402 0.46175329 0.45910419 0.45909956 0.46616662 0.51692659]","[0.52591679 0.40346049 0.35023265 0.34069807 0.35464415 0.37058988
 0.38045215 0.379382   0.40457201 0.41003338 0.41370215 0.42434233
 0.44171762 0.45655659 0.45457244 0.46892884 0.4346751  0.42900485
 0.41740926 0.40493514 0.40554942 0.41375947 0.43341848 0.44088813
 0.46337752 0.45497103 0.44969288 0.45377499 0.47102236 0.52790702]","[0.52325222 0.39922131 0.3437663  0.3330949  0.34627823 0.36336918
 0.37296416 0.37134678 0.39139947 0.39402332 0.39297556 0.39981054
 0.41501619 0.42983243 0.44076377 0.46602467 0.44625893 0.44293744
 0.43531157 0.438256   0.48141067 0.56506548 0.69570872 0.80236337
 0.90583047 0.99469746 1.08408311 1.17737315 1.25133558 1.32345619]",0.0065228892,0.008378722,mean_squared_error_optimizers.Nadam-
0.0003877432942778493,"[0.60227341 0.47394604 0.38801263 0.38125126 0.39738635 0.40141181
 0.41111068 0.40936663 0.39916426 0.39599575 0.4026507  0.4241176
 0.44173874 0.45381067 0.45273496 0.44315306 0.42794082 0.42282877
 0.41469325 0.41415494 0.4376105  0.45395512 0.45949403 0.45902461
 0.46265275 0.46327032 0.45067805 0.44353397 0.4631538  0.51920044]","[0.53402127 0.41121588 0.34987753 0.33230429 0.33883966 0.35113768
 0.36602655 0.36773767 0.38975618 0.38869206 0.39548718 0.41175383
 0.43127457 0.4497016  0.44631512 0.45521024 0.41704071 0.40985533
 0.39769549 0.38663095 0.38812778 0.39702318 0.41292339 0.41867455
 0.43370647 0.42531691 0.42165326 0.43215669 0.45247257 0.51042683]","[0.52928777 0.40616294 0.34323562 0.32453335 0.33170821 0.34464716
 0.3584693  0.3613769  0.37876542 0.37809535 0.38337402 0.40001403
 0.42173296 0.44115021 0.45406076 0.47594789 0.45658666 0.45896312
 0.45762596 0.46523049 0.50701215 0.58568759 0.70679287 0.80686095
 0.90528182 0.9906671  1.07412258 1.1620915  1.23277653 1.30364028]",0.0065802094,0.008483975,mean_squared_error_optimizers.Nadam-
0.00035923088842537254,"[0.57698168 0.46204189 0.40472094 0.37795472 0.38043685 0.38081411
 0.38615157 0.39751814 0.39975649 0.40201834 0.41496731 0.44013061
 0.4537823  0.45776334 0.46200979 0.46786826 0.46644532 0.45699923
 0.45248108 0.44364275 0.45196574 0.4627687  0.46988196 0.46789927
 0.47146181 0.4763258  0.47800916 0.48140823 0.49120086 0.5422976 ]","[0.54534301 0.41881314 0.36401512 0.35390859 0.36180314 0.37206634
 0.38063285 0.3779537  0.40139697 0.4071112  0.41376435 0.42984094
 0.4492507  0.45960417 0.45834159 0.4712329  0.4418843  0.43105154
 0.42092226 0.40387097 0.40184217 0.41334672 0.43058899 0.43734604
 0.45579181 0.44447933 0.4397576  0.44809292 0.46532199 0.51962672]","[0.54238012 0.41565893 0.36020483 0.34902563 0.35736488 0.36690962
 0.37306819 0.36853374 0.38811847 0.39226045 0.39369259 0.40513747
 0.42126503 0.43645571 0.45491787 0.4794134  0.46584406 0.46061723
 0.45372685 0.45235142 0.4938664  0.57781978 0.70446113 0.80929572
 0.91350459 1.00251986 1.09022025 1.18214829 1.25448277 1.32312432]",0.006456417,0.008321655,mean_squared_error_optimizers.Nadam-
0.0003421446828870103,"[0.54079001 0.42955593 0.37747477 0.36929701 0.37716277 0.38115905
 0.38702084 0.38046262 0.37892077 0.37832788 0.39554797 0.41435049
 0.41881869 0.4282163  0.43425205 0.43361508 0.44079869 0.43652437
 0.43446548 0.414204   0.41852105 0.42883578 0.43230756 0.4299349
 0.44025542 0.43846234 0.44002158 0.43847803 0.46922973 0.52302402]","[0.5295294  0.40480725 0.34452019 0.33045727 0.33841135 0.34797004
 0.36133716 0.37055472 0.39390429 0.39771503 0.40162991 0.41724025
 0.43567747 0.44500955 0.45269116 0.46152951 0.42577232 0.41826289
 0.40014896 0.37849977 0.37505786 0.37979939 0.40854486 0.41439586
 0.4301938  0.42296318 0.42316588 0.4377138  0.45954554 0.51747213]","[0.52447183 0.39979683 0.33846197 0.32346314 0.33057454 0.34024336
 0.35250114 0.36076937 0.38257307 0.38761246 0.39172892 0.40945193
 0.43209382 0.45044082 0.47412729 0.49644486 0.47529403 0.4757895
 0.46970764 0.46892618 0.50730554 0.58574626 0.70883086 0.80765119
 0.9059962  0.98820932 1.07213995 1.16252052 1.23586964 1.3076929 ]",0.0063385684,0.008139706,mean_squared_error_optimizers.Nadam-
0.000345161287424465,"[0.58930191 0.46981548 0.41819948 0.40882976 0.40549774 0.41091204
 0.42182852 0.42443469 0.40623696 0.40417077 0.42685594 0.43957859
 0.45540917 0.46583119 0.4694605  0.47112491 0.47537261 0.47546529
 0.46155409 0.44836085 0.44980191 0.45967317 0.475476   0.47980627
 0.48294601 0.47892935 0.47239357 0.46688421 0.47674535 0.53385811]","[0.55577337 0.43957612 0.3876589  0.37783919 0.38599327 0.38914607
 0.38995643 0.3824853  0.41330284 0.4226775  0.43141651 0.44904616
 0.46829224 0.48250433 0.47815038 0.4907479  0.45133735 0.43909088
 0.42816289 0.4105728  0.41168505 0.42318134 0.44371434 0.44612251
 0.46363935 0.45158345 0.4469913  0.45440292 0.47862969 0.53668399]","[0.55127968 0.43530521 0.38191994 0.37066348 0.37809681 0.38190856
 0.38243232 0.37617872 0.4052859  0.41554393 0.4206796  0.43579372
 0.45073945 0.46381657 0.47004757 0.4900892  0.46572484 0.46088712
 0.45544436 0.45596851 0.49899765 0.58431847 0.71354373 0.81697416
 0.91587128 1.00115938 1.08697897 1.17845573 1.25259118 1.32598246]",0.0063648596,0.008071049,mean_squared_error_optimizers.Nadam-
0.00035023771544607975,"[0.56041778 0.43450212 0.39395318 0.3905365  0.39857482 0.40557251
 0.41044955 0.41014871 0.40636368 0.40830249 0.4188431  0.43579911
 0.43448153 0.43914209 0.44145765 0.44687145 0.44808486 0.44643021
 0.44738148 0.44376187 0.44510629 0.43909036 0.44489915 0.4434722
 0.44702293 0.4512462  0.45205284 0.45423697 0.47429926 0.51812023]","[0.52474889 0.4088241  0.35772842 0.34621021 0.35459272 0.36345795
 0.37271915 0.37321972 0.39495864 0.39621184 0.40021526 0.41197389
 0.42425311 0.4335358  0.42961384 0.44990372 0.42112034 0.416245
 0.40357553 0.38678137 0.38465482 0.3917786  0.40983031 0.41761124
 0.43570038 0.426628   0.42394331 0.43467154 0.45442051 0.51072482]","[0.52057798 0.40380657 0.35137324 0.34015929 0.34928818 0.35901254
 0.36655422 0.36688865 0.38551602 0.38789967 0.39077742 0.4033448
 0.41925826 0.43809269 0.45634313 0.49261278 0.48477721 0.49121792
 0.48872743 0.48746662 0.52059513 0.59600048 0.7155011  0.81619787
 0.91510372 0.9982813  1.08187822 1.17155156 1.2438747  1.31345808]",0.0064033074,0.00822262,mean_squared_error_optimizers.Nadam-
0.00034423468145541847,"[0.52725001 0.41395536 0.37246739 0.37079204 0.37073077 0.37214358
 0.37335337 0.37650369 0.36279571 0.36610773 0.38568297 0.40450123
 0.41498665 0.42616636 0.41366039 0.41597027 0.41953331 0.41829187
 0.42117492 0.40761682 0.41466415 0.41903797 0.4308925  0.43476891
 0.43499955 0.4314881  0.42362729 0.41739003 0.43698253 0.49152649]","[0.50784487 0.39029526 0.34138972 0.330958   0.33453536 0.33777814
 0.34754455 0.35056673 0.38060013 0.38744758 0.39493456 0.40735883
 0.42703658 0.44043108 0.44849272 0.45277963 0.41444074 0.41109568
 0.40123509 0.38607271 0.38607117 0.39268163 0.41446443 0.41310578
 0.42872267 0.41428804 0.40807216 0.41303051 0.43284865 0.49068604]","[0.50216756 0.38616934 0.3361759  0.3259452  0.32924286 0.33246076
 0.34169997 0.3448562  0.37114664 0.37708863 0.38161709 0.39509361
 0.41860336 0.44065134 0.47087116 0.49352685 0.47540052 0.48065261
 0.47938044 0.47828231 0.5106347  0.58425341 0.7068385  0.80504785
 0.90370062 0.98768791 1.0719324  1.161566   1.23389584 1.30530223]",0.00626301,0.008087273,mean_squared_error_optimizers.Nadam-
0.0003117570357474809,"[0.53457364 0.41778266 0.37777402 0.37119554 0.38279536 0.39228738
 0.38393698 0.37139937 0.36202242 0.35716667 0.38057787 0.3935202
 0.39985717 0.40368801 0.40801943 0.40229925 0.3986537  0.39850615
 0.3924078  0.3865822  0.39296215 0.39919255 0.40716123 0.42065857
 0.41435678 0.4206633  0.41702351 0.41243803 0.42808656 0.47747671]","[0.50819329 0.38977022 0.33951975 0.3302022  0.34012068 0.3459722
 0.35499247 0.35312323 0.37532873 0.37502735 0.37747505 0.39201388
 0.40866242 0.4171438  0.41850509 0.42830383 0.39587555 0.39351758
 0.38223938 0.36564365 0.3668001  0.37798912 0.40273309 0.40833404
 0.42488177 0.41802141 0.41804912 0.42512915 0.43809898 0.48726798]","[0.50645295 0.38752845 0.33534048 0.32637176 0.33638087 0.34232369
 0.34923258 0.34699423 0.36515359 0.36384163 0.36584166 0.38338025
 0.40656684 0.42440322 0.44634348 0.46972941 0.45537361 0.46353202
 0.46135978 0.46057735 0.49710321 0.57324017 0.6933664  0.79683182
 0.90166264 0.99174799 1.08076273 1.17378408 1.24774465 1.31935807]",0.006141753,0.008000064,mean_squared_error_optimizers.Nadam-
0.0003239464391954243,"[0.52788279 0.414995   0.35992667 0.3579382  0.3650727  0.37281645
 0.37485661 0.36056986 0.35348222 0.3586982  0.37183292 0.38146109
 0.39668329 0.41059967 0.40828428 0.41085275 0.41661742 0.41547216
 0.40931302 0.39147906 0.39639122 0.40453903 0.40831351 0.40982859
 0.40950228 0.41462624 0.40925854 0.40892462 0.42623143 0.47904243]","[0.50243371 0.38308007 0.33759442 0.332089   0.33750692 0.33887738
 0.34478337 0.3450289  0.36935696 0.37446484 0.38075689 0.39553268
 0.41592556 0.43104375 0.43397988 0.45278664 0.41913642 0.41496917
 0.39896579 0.3771743  0.36960889 0.3733896  0.39142545 0.40388981
 0.4225313  0.41402323 0.41044974 0.41633528 0.43188076 0.48431025]","[0.49832317 0.37873282 0.33120043 0.3249802  0.33181387 0.3354484
 0.34098023 0.34052591 0.36120899 0.36493573 0.37042811 0.38755874
 0.41250108 0.43337072 0.45885436 0.48974896 0.47654018 0.48388392
 0.48042871 0.47736129 0.50819527 0.58182476 0.69964111 0.80046024
 0.90098261 0.98804517 1.07516531 1.16550133 1.23668958 1.30715363]",0.006237877,0.008037347,mean_squared_error_optimizers.Nadam-
0.000332892044292142,"[0.53696294 0.42700017 0.37592037 0.37179317 0.37369536 0.37050529
 0.37215936 0.36825585 0.37797965 0.38414963 0.39179541 0.41050855
 0.41599145 0.41986043 0.42087189 0.41558506 0.41304348 0.41357047
 0.40618016 0.39615822 0.40979326 0.41447983 0.41482144 0.42050068
 0.42624722 0.42735541 0.439035   0.44201636 0.45997139 0.51460985]","[0.52104103 0.40074398 0.35083992 0.33588141 0.3417116  0.344973
 0.34966539 0.3586866  0.39230993 0.40097061 0.4071044  0.41966262
 0.43744505 0.44617971 0.44622925 0.46095265 0.42378154 0.4176124
 0.40587966 0.38845764 0.38703364 0.39417929 0.40751691 0.41333804
 0.4339843  0.42570055 0.42393129 0.4332388  0.4484569  0.50311195]","[0.51643734 0.39576848 0.34376455 0.32835072 0.33433667 0.3385237
 0.34187125 0.35082768 0.38022896 0.38937849 0.39533442 0.40982314
 0.43033877 0.44669065 0.46674424 0.49000322 0.47317775 0.47619882
 0.471915   0.47000937 0.50439975 0.58189169 0.70228968 0.80345257
 0.90472849 0.99260788 1.08087798 1.17204746 1.24470883 1.31621157]",0.006196606,0.007962698,mean_squared_error_optimizers.Nadam-
0.0003258778847521171,"[0.53094005 0.41884867 0.37940307 0.36268402 0.3808692  0.37816665
 0.38007138 0.37680223 0.37085847 0.3627788  0.38258654 0.39495705
 0.40984027 0.41415613 0.41855332 0.42778126 0.42367973 0.42367545
 0.40925443 0.40357417 0.3968722  0.4106504  0.42327818 0.42029492
 0.41947017 0.42221082 0.4252003  0.42515504 0.44114968 0.49139396]","[0.51437166 0.3952472  0.34779793 0.33469034 0.33888457 0.34629143
 0.35168871 0.34904025 0.37534379 0.3759127  0.37990755 0.39748029
 0.41798628 0.43383202 0.42950362 0.44876524 0.41251926 0.405878
 0.39143173 0.37100479 0.37172929 0.38418742 0.39872808 0.40216901
 0.41432735 0.40345198 0.40198149 0.41591677 0.43803985 0.49741186]","[0.51194588 0.39290707 0.34442241 0.33127344 0.33439929 0.34217624
 0.34684726 0.34442828 0.36619305 0.36648591 0.36848216 0.38695815
 0.40792062 0.42372266 0.43701758 0.46840749 0.45198532 0.4583813
 0.45699688 0.45561629 0.49202033 0.57109043 0.69667557 0.79899635
 0.89681679 0.98211716 1.06915991 1.16041955 1.23455082 1.30630726]",0.006130616,0.007878851,mean_squared_error_optimizers.Nadam-
0.00031224290227207044,"[0.52135869 0.40849391 0.36416701 0.35528495 0.35995561 0.3737668
 0.37522082 0.38039912 0.37439342 0.37040823 0.38778237 0.39979963
 0.41419925 0.42761132 0.43125172 0.42487995 0.42074224 0.42506647
 0.42522147 0.41717787 0.42382955 0.43684147 0.44372424 0.45207303
 0.45690338 0.46615363 0.46507835 0.45863562 0.47939537 0.53312957]","[0.51443821 0.4022539  0.3603897  0.34998441 0.35177693 0.35575105
 0.3632684  0.36508132 0.39162993 0.39600593 0.40225856 0.41827291
 0.4381966  0.45729193 0.45386628 0.4642565  0.42525746 0.4195362
 0.4086185  0.39040336 0.38619375 0.39577148 0.41412802 0.42837127
 0.44879802 0.43796708 0.43243415 0.43773068 0.45135018 0.50574186]","[0.51280152 0.40093328 0.35857343 0.34756098 0.34879797 0.35405031
 0.36125834 0.36320934 0.38519401 0.38823268 0.39126763 0.40729248
 0.42890983 0.45054966 0.46565455 0.48944603 0.46790842 0.46913183
 0.46266603 0.45861126 0.49378386 0.57467702 0.70404223 0.81203027
 0.91622173 1.0051103  1.09257318 1.18364231 1.25760611 1.33059983]",0.006098557,0.007816968,mean_squared_error_optimizers.Nadam-
0.0003200594843365252,"[0.52269427 0.41005023 0.36390398 0.35730281 0.36597916 0.36417579
 0.37527919 0.37473784 0.36948991 0.36454715 0.38254099 0.39672782
 0.4213421  0.42629352 0.43330869 0.4244107  0.41803227 0.40983477
 0.40103605 0.39807429 0.39934566 0.41193328 0.41977887 0.43338705
 0.4389023  0.43678076 0.43144642 0.43406209 0.44552464 0.49010568]","[0.52276814 0.40067164 0.35325609 0.33993785 0.34316714 0.34981668
 0.36252317 0.36667096 0.38358239 0.38572953 0.39279126 0.41127492
 0.43216895 0.44590628 0.44351038 0.45546025 0.41705668 0.4130995
 0.40308037 0.38537724 0.38412337 0.39160623 0.40924067 0.41296789
 0.42674072 0.41925784 0.42023713 0.42683055 0.43104698 0.47931494]","[0.51737664 0.39617335 0.34944397 0.33546139 0.33622802 0.34235018
 0.3546518  0.35994913 0.37417597 0.37608144 0.38218838 0.40281906
 0.42613928 0.44550372 0.46023421 0.48328596 0.46099252 0.46236619
 0.45859178 0.45747802 0.49431737 0.5752571  0.70233696 0.80467954
 0.90235533 0.9904514  1.0806124  1.17462987 1.24767563 1.31905037]",0.006100553,0.0075402544,mean_squared_error_optimizers.Nadam-
0.00031269032007548957,"[0.50937432 0.39773319 0.36079892 0.35616685 0.3631558  0.36637006
 0.36661566 0.36760835 0.36165951 0.3540153  0.35738333 0.37219385
 0.37765197 0.38205478 0.376885   0.38184565 0.37765701 0.3774365
 0.37194853 0.36910607 0.38391739 0.39577871 0.39989267 0.40212856
 0.40696825 0.40743557 0.40822485 0.40960362 0.43123231 0.48771553]","[0.48802861 0.37219123 0.3278183  0.31691607 0.32210036 0.32748835
 0.3390684  0.34730915 0.37479956 0.37359361 0.37635973 0.39030252
 0.41109631 0.42781387 0.42169345 0.43842427 0.40028732 0.39760147
 0.39088657 0.37456424 0.37271187 0.37999722 0.39250997 0.39980704
 0.41961881 0.41148795 0.40711981 0.40759864 0.41454041 0.46670476]","[0.4864967  0.37013037 0.32556549 0.31447822 0.32004249 0.32495595
 0.33284291 0.34063575 0.36478706 0.36299059 0.36308031 0.37410127
 0.39135837 0.40859751 0.42031484 0.44946983 0.43057252 0.4345358
 0.43533565 0.43957856 0.48167998 0.56652852 0.69295301 0.79778154
 0.89959312 0.98971417 1.07986939 1.17333079 1.24767636 1.32065678]",0.005875175,0.0075220163,mean_squared_error_optimizers.Nadam-
0.0002943371693836525,"[0.51380196 0.39890449 0.36553856 0.35745041 0.35113899 0.36009529
 0.36325838 0.36324949 0.3533299  0.3525753  0.37159994 0.37284959
 0.37868019 0.38912367 0.39405854 0.39802001 0.39439846 0.39914883
 0.39412005 0.37251031 0.38554934 0.39778623 0.40453542 0.42035725
 0.42546444 0.43947728 0.43269383 0.42470486 0.435775   0.48333127]","[0.49273408 0.37988934 0.33110213 0.31567417 0.3239708  0.33056823
 0.33956967 0.34281138 0.36766491 0.36859208 0.37111986 0.38143266
 0.39538651 0.41036645 0.40086286 0.41765532 0.38233385 0.38048663
 0.37215303 0.35499381 0.35309031 0.36229716 0.38190118 0.38822428
 0.41007005 0.40751377 0.40975442 0.41659135 0.4298918  0.48306194]","[0.48836526 0.37611588 0.32620933 0.30917983 0.31754076 0.3269513
 0.33485492 0.33828904 0.35922513 0.35782646 0.35676424 0.36694153
 0.38193228 0.39742392 0.40947649 0.44142644 0.42347144 0.43066639
 0.42744689 0.42417038 0.46274285 0.54673019 0.67945578 0.7869209
 0.89160036 0.98333429 1.07300747 1.1639791  1.2350856  1.3057153 ]",0.005890538,0.007542516,mean_squared_error_optimizers.Nadam-
0.0003008873527481531,"[0.51771192 0.39458963 0.3459556  0.3457893  0.34232112 0.35063389
 0.35013287 0.35278483 0.3555944  0.34736618 0.36351622 0.37237539
 0.37167479 0.38033883 0.38653939 0.38576323 0.39259847 0.38579874
 0.379735   0.38099347 0.38414609 0.38341801 0.39056627 0.39316532
 0.39927673 0.40594938 0.40118605 0.40566597 0.41602004 0.47114105]","[0.47802486 0.36340544 0.31906407 0.30921945 0.32308155 0.3382136
 0.35312907 0.35218757 0.37222165 0.37503566 0.37511339 0.38420027
 0.39670759 0.40500381 0.40584785 0.42662805 0.39115988 0.38817329
 0.37759365 0.3610503  0.35875956 0.36679232 0.38361302 0.39059466
 0.41299781 0.40726557 0.40758434 0.41208362 0.42295084 0.47351918]","[0.4760076  0.36275715 0.31869267 0.30825295 0.32045858 0.33548455
 0.34732109 0.3459677  0.36379878 0.36686502 0.36363446 0.37119442
 0.38427098 0.39988637 0.4230178  0.45289656 0.43424853 0.440785
 0.43657595 0.43742531 0.4778231  0.56070968 0.68621478 0.79312418
 0.9022691  0.99274383 1.08278637 1.17452851 1.24638408 1.31637743]",0.0059228344,0.00754705,mean_squared_error_optimizers.Nadam-
0.0003143163573889372,"[0.52949693 0.41525868 0.38474745 0.38149104 0.38607226 0.38769924
 0.39085015 0.38697788 0.38497243 0.3745011  0.38285783 0.39590893
 0.4182791  0.42240477 0.43013869 0.4254834  0.4114801  0.41115698
 0.39920781 0.38835378 0.3913506  0.39782516 0.40669481 0.41091847
 0.42263266 0.41977314 0.42131695 0.43111893 0.43113134 0.48229256]","[0.5081154  0.38895391 0.34613729 0.34366573 0.35847419 0.35994576
 0.36364934 0.36548904 0.39603243 0.3963184  0.40071824 0.41574501
 0.44053638 0.45774318 0.4568276  0.46879307 0.43336596 0.41615918
 0.3957451  0.36769357 0.3603279  0.3704007  0.39435636 0.40605934
 0.4279937  0.41922049 0.41578027 0.42175207 0.437018   0.48847957]","[0.50685345 0.38807842 0.34427991 0.3404739  0.35482323 0.35821467
 0.36057835 0.36070097 0.38810043 0.38826542 0.3887778  0.40104154
 0.42458836 0.44649013 0.46684338 0.49501839 0.48193783 0.48353205
 0.47218705 0.46103925 0.49171111 0.57212043 0.6967868  0.80523757
 0.91206043 1.00029433 1.08734333 1.17624976 1.24757283 1.31709099]",0.005866437,0.0074363095,mean_squared_error_optimizers.Nadam-
0.0003118693026093145,"[0.49713117 0.3994661  0.35470194 0.35499888 0.35532387 0.36331499
 0.36418779 0.35664203 0.34990488 0.34907533 0.35387995 0.36948106
 0.37142939 0.38541726 0.39346247 0.39339329 0.39301198 0.38893574
 0.37360509 0.36909042 0.36817226 0.37375261 0.38235632 0.39714257
 0.40328337 0.40696848 0.40035043 0.39195027 0.39970216 0.44925826]","[0.49196222 0.37521097 0.32995684 0.32376424 0.33140949 0.33528849
 0.33923337 0.34218191 0.36589344 0.36629431 0.3626933  0.37559682
 0.39465482 0.41231334 0.4131346  0.42359555 0.39124586 0.38808478
 0.37914644 0.36181169 0.35759    0.36301513 0.38561613 0.39149035
 0.40699045 0.394685   0.38982674 0.39508778 0.40701528 0.46015159]","[0.48925944 0.37267775 0.32527846 0.31844653 0.32627447 0.33248912
 0.33613273 0.33641197 0.35525186 0.35539703 0.35070968 0.36286231
 0.38229298 0.40428912 0.4253431  0.45261612 0.43844491 0.44737883
 0.44674194 0.44498591 0.48083862 0.56119804 0.69010055 0.79823483
 0.90386811 0.99332913 1.0807065  1.16962962 1.24068777 1.31124513]",0.0056848223,0.0072618825,mean_squared_error_optimizers.Nadam-
0.00030486780581607793,"[0.49201003 0.37319332 0.33687198 0.33922563 0.35151604 0.35994351
 0.36072951 0.3600751  0.35729508 0.35038848 0.36686609 0.37750686
 0.38070299 0.37624499 0.37795106 0.38089077 0.37462874 0.37745786
 0.36848917 0.35860676 0.36417964 0.37223203 0.3783018  0.39147508
 0.3959193  0.39686916 0.39617374 0.39048954 0.40294957 0.45510959]","[0.51337006 0.38334232 0.33764564 0.32899841 0.33952224 0.34917431
 0.35689096 0.35183853 0.37391321 0.37662729 0.38104709 0.3954108
 0.41302674 0.42233048 0.42309369 0.43908386 0.41055328 0.40661512
 0.39179565 0.37432613 0.37385203 0.38290835 0.40083415 0.4056253
 0.42166022 0.40786866 0.4033256  0.41163197 0.42794281 0.48332472]","[0.51060434 0.38099982 0.33513013 0.32755568 0.33783427 0.348141
 0.35433374 0.34774572 0.36444669 0.36602907 0.36496779 0.37595625
 0.39108468 0.40498813 0.42462886 0.44873087 0.43723239 0.4475169
 0.44300435 0.44084981 0.481178   0.56722256 0.69980533 0.80629228
 0.90575472 0.98932616 1.07434503 1.16531032 1.24036431 1.31432157]",0.0056919716,0.0072840257,mean_squared_error_optimizers.Nadam-
0.0002971097831808341,"[0.49368227 0.39070693 0.34498016 0.34145021 0.34129618 0.35391678
 0.35645151 0.35905011 0.34304932 0.33796461 0.35728687 0.37198571
 0.37728095 0.38307903 0.38740197 0.38656848 0.39154022 0.37674161
 0.37343962 0.35994157 0.37022451 0.37062723 0.38174542 0.38221175
 0.39092309 0.38813498 0.38903224 0.39416082 0.40191265 0.45550915]","[0.47627212 0.36349353 0.31649876 0.31082199 0.32364465 0.33018804
 0.33841165 0.34178352 0.36065505 0.36094328 0.36465557 0.38234
 0.40315477 0.41293845 0.41025301 0.42248099 0.38830514 0.38254739
 0.36768151 0.34582506 0.34079253 0.34748977 0.3692958  0.37666395
 0.3954484  0.38604563 0.38599671 0.39170206 0.40496762 0.45664323]","[0.47012304 0.35877658 0.31148294 0.30460558 0.31775161 0.32521474
 0.33012764 0.33183511 0.34799086 0.34702675 0.34658808 0.36323707
 0.38613646 0.40314247 0.41947191 0.44134336 0.42544986 0.43113327
 0.42482875 0.42008202 0.45967063 0.54902466 0.68248914 0.79167637
 0.89637945 0.98548564 1.07348916 1.16462041 1.23803304 1.31090888]",0.005780839,0.0074022063,mean_squared_error_optimizers.Nadam-
0.0003012949461893489,"[0.49367742 0.38291037 0.34891169 0.35603046 0.36224725 0.35865871
 0.35435246 0.35230121 0.35462814 0.3543296  0.3694415  0.38295711
 0.38412482 0.39067451 0.39366237 0.38364785 0.38656842 0.38404921
 0.39290061 0.38784197 0.38618524 0.38391426 0.39390235 0.39434674
 0.40977196 0.40659978 0.39901254 0.39808651 0.40916132 0.46099224]","[0.47904587 0.35674939 0.31476215 0.31049257 0.32604807 0.33540121
 0.34083571 0.33511574 0.35468038 0.3566772  0.36107522 0.37634699
 0.38955545 0.39926424 0.40041208 0.41957621 0.38483782 0.38297737
 0.37496095 0.35638572 0.35031515 0.3522417  0.37021481 0.37839403
 0.40217869 0.39462634 0.38637173 0.38404745 0.39897856 0.45106042]","[0.47664202 0.35426041 0.31134037 0.30603996 0.32022664 0.33058765
 0.33379938 0.32861455 0.34562898 0.34855276 0.3531836  0.3679123
 0.38167076 0.39821102 0.42467647 0.46062255 0.44976236 0.46244172
 0.46288042 0.45787983 0.48562174 0.55735843 0.68038772 0.78621646
 0.89806557 0.989855   1.07796752 1.16703549 1.23789848 1.30722993]",0.005832877,0.0074422117,mean_squared_error_optimizers.Nadam-
0.0002904962686200937,"[0.48816313 0.37912913 0.34104383 0.3384568  0.34334683 0.34496631
 0.35551262 0.34725773 0.34382514 0.3334909  0.34896155 0.36116912
 0.36916605 0.37797897 0.38591331 0.37564509 0.37660285 0.36884236
 0.36240327 0.35440372 0.36323223 0.36990245 0.37551591 0.38491114
 0.4021389  0.3949409  0.39926887 0.39672092 0.40055602 0.45406706]","[0.4854673  0.35799601 0.31576633 0.31012321 0.32184065 0.33116368
 0.33990063 0.33640073 0.36190582 0.36761451 0.36592469 0.37785992
 0.39252832 0.40991148 0.40158531 0.41694302 0.38222712 0.37972465
 0.37026464 0.35603306 0.35300983 0.35846765 0.37146966 0.3789356
 0.39888648 0.38956436 0.38516155 0.38891711 0.40139697 0.45598703]","[0.47961036 0.3549448  0.31210567 0.30553764 0.31686579 0.32708187
 0.33375763 0.3300663  0.35256698 0.35830663 0.35824124 0.37225479
 0.38811918 0.40256987 0.41550996 0.44840138 0.43433133 0.44867862
 0.44952742 0.45004241 0.48473941 0.56255614 0.6903278  0.79531047
 0.9014308  0.98857895 1.07505243 1.16498917 1.23889551 1.31285434]",0.005649108,0.007150696,mean_squared_error_optimizers.Nadam-
0.00028021310510424277,"[0.50046278 0.39670075 0.3579825  0.35584933 0.36886064 0.37577252
 0.37718161 0.37389102 0.37279882 0.36616839 0.38763703 0.38752412
 0.39064356 0.38628237 0.38629876 0.38811122 0.39360509 0.38779421
 0.38008317 0.37603174 0.37775248 0.37893292 0.37843615 0.38120021
 0.39158108 0.40340507 0.40115942 0.39125602 0.40660794 0.46160643]","[0.47537569 0.36178648 0.32334535 0.32162423 0.33313492 0.34076821
 0.35011406 0.34985953 0.37171684 0.3734707  0.38073158 0.3928724
 0.40711284 0.42049463 0.42376186 0.43384163 0.39943409 0.38898997
 0.3791804  0.36104984 0.35807393 0.36464204 0.38536782 0.39258572
 0.41596541 0.40727295 0.40233193 0.40468711 0.4125961  0.46450497]","[0.47070281 0.35840335 0.31920101 0.31614605 0.32766459 0.33629483
 0.34492707 0.34363771 0.36081569 0.36229682 0.36729134 0.37800556
 0.3888126  0.39953934 0.41749196 0.44288264 0.42111676 0.42246745
 0.41547941 0.41281655 0.45977828 0.54886061 0.68795254 0.79892078
 0.91024469 1.00143767 1.09020161 1.17864632 1.2467293  1.314345  ]",0.005565293,0.0070828605,mean_squared_error_optimizers.Nadam-
0.0002887313018242518,"[0.48088334 0.36677294 0.33966111 0.34137603 0.3455557  0.34954444
 0.34511154 0.34435019 0.3388081  0.33873312 0.35085576 0.37454411
 0.37501399 0.3791931  0.37711627 0.37586117 0.37404381 0.36746433
 0.36261012 0.36366466 0.3736045  0.38015233 0.38400829 0.39629681
 0.39532551 0.39164108 0.39238879 0.38706078 0.40401823 0.45445959]","[0.48601987 0.36333715 0.32765068 0.32435628 0.33041695 0.33476916
 0.34080468 0.34156039 0.36609198 0.36915219 0.37020895 0.38150387
 0.39343006 0.40171274 0.39859624 0.41463504 0.38253732 0.37640734
 0.36326378 0.34520487 0.34073714 0.34702134 0.36316895 0.36726321
 0.38545148 0.37954535 0.38043586 0.38468486 0.39273251 0.44527819]","[0.48089997 0.35958195 0.32312874 0.3192333  0.32403814 0.32887322
 0.33385383 0.33416848 0.35650246 0.35880335 0.35541434 0.36404058
 0.37480034 0.38662949 0.40188314 0.43122735 0.41406085 0.42054038
 0.41168981 0.40697797 0.44973303 0.5394403  0.67634017 0.787864
 0.89829171 0.98920639 1.07883065 1.16896427 1.24125606 1.31276604]",0.0056585455,0.007213028,mean_squared_error_optimizers.Nadam-
0.0002937985250609927,"[0.47719674 0.36551646 0.33163513 0.33230059 0.34742063 0.35305169
 0.34822233 0.34417429 0.34144689 0.33854687 0.34687425 0.36054725
 0.36631242 0.3636064  0.37152645 0.38122889 0.38121554 0.38028776
 0.37990697 0.36997293 0.36865481 0.36674789 0.37101506 0.37809725
 0.37595125 0.37612353 0.37793685 0.37246782 0.38391723 0.43619982]","[0.46438155 0.34670064 0.3047702  0.30046303 0.30522767 0.30703841
 0.32056138 0.32192937 0.35351826 0.35746954 0.35703384 0.36484595
 0.37881382 0.39345133 0.39037943 0.40913856 0.37667554 0.37170503
 0.35998412 0.33928695 0.33520984 0.34261355 0.3631104  0.36763798
 0.38140195 0.371243   0.36839246 0.37279448 0.38401319 0.43767708]","[0.45994191 0.34277098 0.29963596 0.29440963 0.29888908 0.30298549
 0.31629947 0.31700772 0.34457683 0.34804359 0.34559178 0.35124065
 0.36124832 0.37318274 0.38346541 0.41452667 0.40051174 0.40846512
 0.40421003 0.40192393 0.44831692 0.54018191 0.67950018 0.79103967
 0.89785502 0.98995116 1.0811256  1.17228895 1.24409401 1.31304757]",0.0054928022,0.0069600893,mean_squared_error_optimizers.Nadam-
0.00030702109988002725,"[0.48105402 0.36425755 0.33579022 0.33958168 0.34614298 0.34979871
 0.35856298 0.36347693 0.36392665 0.35214911 0.35404478 0.36375946
 0.36785711 0.36986336 0.36407376 0.37186178 0.37536827 0.36902887
 0.35808614 0.35230407 0.34294611 0.34870909 0.35724597 0.35937862
 0.36575046 0.37114239 0.37080958 0.36681586 0.38130732 0.44221981]","[0.46644863 0.3487504  0.30879206 0.30312455 0.31083771 0.31739331
 0.32792019 0.33710141 0.36008325 0.3614578  0.36012827 0.3708835
 0.38821334 0.3966489  0.39588022 0.4101489  0.38342082 0.37192814
 0.35680893 0.334142   0.3289683  0.33538819 0.35871497 0.36727627
 0.38556254 0.37827658 0.37725126 0.38314615 0.39070504 0.44220243]","[0.46066312 0.34460455 0.30362309 0.29842016 0.30667206 0.31617732
 0.32476671 0.33259232 0.35108142 0.35205002 0.34759897 0.35585024
 0.37313937 0.39065716 0.41318228 0.4444047  0.43515271 0.43801817
 0.43049834 0.42474385 0.46392256 0.54995923 0.68156661 0.79505234
 0.90655877 0.99739161 1.08775765 1.17850433 1.24760381 1.31566003]",0.005455953,0.0069188206,mean_squared_error_optimizers.Nadam-
0.0002731638853244173,"[0.47866877 0.38136514 0.33731957 0.33692245 0.34480252 0.35517421
 0.35625033 0.35741288 0.35767048 0.35133854 0.35497818 0.3541367
 0.35588782 0.35843249 0.36472131 0.36952737 0.36656766 0.36318199
 0.35674872 0.34890735 0.35427196 0.36000382 0.36619829 0.3732764
 0.38026469 0.38929874 0.393602   0.39398495 0.40927224 0.47012553]","[0.47794126 0.36051928 0.32161956 0.31370996 0.32340199 0.33262934
 0.34460922 0.34741406 0.36733093 0.36319741 0.36349486 0.37505716
 0.39155266 0.40608262 0.41074956 0.42244049 0.382376   0.37028828
 0.35924047 0.34176846 0.3413533  0.35334644 0.37388132 0.38129606
 0.39897223 0.38655474 0.38391512 0.39372912 0.41264174 0.46820764]","[0.47266785 0.35699389 0.31648146 0.30745514 0.31725818 0.32819262
 0.33804461 0.34085731 0.358358   0.35595044 0.35641195 0.36817167
 0.38321579 0.39875308 0.41718233 0.43565957 0.40501311 0.40331413
 0.39733939 0.39885894 0.45045228 0.54429462 0.6767561  0.78956616
 0.90176234 0.98986492 1.07867339 1.17133534 1.24785523 1.32272121]",0.005399259,0.00691135,mean_squared_error_optimizers.Nadam-
0.00028132725400306906,"[0.50281241 0.39349848 0.35966411 0.36295896 0.36616233 0.36464357
 0.36476372 0.35762103 0.35038402 0.34534824 0.35026668 0.35672983
 0.3593007  0.36307714 0.37813547 0.38107628 0.3824584  0.38057737
 0.37783506 0.37585119 0.367426   0.37869293 0.38587439 0.38744374
 0.38759042 0.38795601 0.38341142 0.38667073 0.40184675 0.45755521]","[0.46940154 0.36282483 0.333172   0.334139   0.34225756 0.3443611
 0.34477532 0.34229531 0.35796748 0.35779405 0.36165429 0.37533149
 0.39232269 0.40646096 0.41535118 0.43761928 0.40130857 0.38777107
 0.37168456 0.3500856  0.34583646 0.35274865 0.3744387  0.38209737
 0.39953781 0.39196361 0.39387983 0.4005604  0.40940034 0.45815826]","[0.46600712 0.36016599 0.32947782 0.3300286  0.33822796 0.34259997
 0.34182971 0.33949726 0.35154496 0.35065106 0.35140869 0.36494461
 0.38472807 0.40842686 0.44360472 0.47994643 0.46120006 0.45907256
 0.45032087 0.44556443 0.48211534 0.56334644 0.6894197  0.79497558
 0.89886179 0.98459571 1.07242302 1.1633126  1.23581641 1.30699253]",0.005406155,0.006871617,mean_squared_error_optimizers.Nadam-
0.00027461571593691286,"[0.47650813 0.35942295 0.31358846 0.31890412 0.32810497 0.33731183
 0.32454817 0.32478982 0.32361299 0.32192526 0.33148217 0.34681621
 0.35638428 0.35861259 0.36089592 0.37186441 0.3695688  0.37327481
 0.36381289 0.34589486 0.34282992 0.34348126 0.35746153 0.378206
 0.3767469  0.37620485 0.38315209 0.38754095 0.39851859 0.45000441]","[0.46402316 0.34573292 0.31016064 0.30571175 0.31479215 0.3151596
 0.32213581 0.32241696 0.34723176 0.35643912 0.36116269 0.37026996
 0.38469586 0.3978396  0.3973179  0.41631531 0.38306329 0.36974874
 0.35680336 0.33239788 0.32564548 0.33425733 0.35620641 0.36398925
 0.38292477 0.37490704 0.3718419  0.37688895 0.39186518 0.45211267]","[0.46100931 0.34408642 0.30663907 0.30023995 0.30862345 0.3114778
 0.31782323 0.31691217 0.33711941 0.3450681  0.34819578 0.35898849
 0.37400379 0.39065899 0.40442451 0.42730847 0.40213674 0.39739925
 0.38702967 0.38206652 0.43180928 0.52979216 0.66865866 0.7823251
 0.88925036 0.97917157 1.06628512 1.15483533 1.22718253 1.29827783]",0.0051859384,0.006524853,mean_squared_error_optimizers.Nadam-
0.0002820596602590134,"[0.48266247 0.36753453 0.33484682 0.33853865 0.34160107 0.34891319
 0.35674816 0.35613037 0.35750711 0.35345073 0.36078559 0.37836412
 0.38790154 0.39489651 0.39568541 0.40027181 0.38986717 0.39143293
 0.39383088 0.39057904 0.37956418 0.38107866 0.38718447 0.38926819
 0.40502793 0.41274063 0.41007875 0.40945323 0.41048537 0.46727313]","[0.46450069 0.34794    0.30938561 0.30760518 0.3203827  0.33222032
 0.34340143 0.34594432 0.36210885 0.36561331 0.36792382 0.37764734
 0.3907104  0.39996931 0.40230603 0.41415422 0.38645744 0.38668506
 0.37652511 0.35465228 0.34773895 0.35259145 0.36901703 0.3737705
 0.38795391 0.38005825 0.38042769 0.38658647 0.39999634 0.45480261]","[0.4592153  0.34388559 0.30468588 0.30310183 0.31606434 0.32909901
 0.33800141 0.33797662 0.35049034 0.35526205 0.35545279 0.36502574
 0.37898014 0.39465814 0.420023   0.44222962 0.43112254 0.44555671
 0.44516604 0.44080261 0.47549293 0.55592367 0.6840124  0.79290861
 0.8988786  0.98837186 1.07759876 1.16911361 1.24252939 1.31396779]",0.0053932928,0.006791505,mean_squared_error_optimizers.Nadam-
0.00026103213999886067,"[0.46406644 0.34266745 0.31527722 0.30924018 0.32053649 0.32435306
 0.33287219 0.32694633 0.32015072 0.29990691 0.31948621 0.33752923
 0.34104433 0.35231196 0.360794   0.3693503  0.3697348  0.36580548
 0.36411872 0.35419153 0.35876655 0.35270675 0.35366971 0.36777859
 0.36754448 0.38433946 0.39319971 0.39811709 0.41312581 0.45672752]","[0.45135711 0.34271157 0.30487774 0.29621609 0.30262032 0.30689945
 0.31404358 0.3145562  0.33598737 0.33442667 0.33778645 0.34850997
 0.3616954  0.37271539 0.37064378 0.39071437 0.36144405 0.35470007
 0.34536417 0.32824165 0.32730615 0.33810683 0.35819567 0.36583554
 0.38831104 0.38543863 0.38576759 0.39433125 0.40047085 0.45168765]","[0.44643775 0.3397897  0.30187496 0.29285832 0.3001256  0.30576704
 0.30913086 0.30712164 0.32509691 0.32472637 0.32460528 0.33384519
 0.34689568 0.36086023 0.37401988 0.40410664 0.38717852 0.39408747
 0.3895444  0.38533921 0.43191851 0.53033012 0.67044372 0.78762156
 0.89803152 0.99228563 1.08083982 1.17099762 1.23964164 1.30507903]",0.0052067097,0.0065429145,mean_squared_error_optimizers.Nadam-
0.00026168787417312465,"[0.43628986 0.34366823 0.30865439 0.30441742 0.32013248 0.32813777
 0.33177062 0.32665507 0.3230995  0.31746371 0.32646795 0.33868535
 0.33928802 0.34887717 0.35164158 0.34037102 0.34210889 0.34108135
 0.33430801 0.32127795 0.31952376 0.32111128 0.33945958 0.34104646
 0.34994492 0.36120884 0.36431744 0.36276992 0.37807851 0.4318713 ]","[0.46207505 0.3383212  0.29721828 0.29087287 0.30175198 0.30710748
 0.31481433 0.31735226 0.33948734 0.33853528 0.34044029 0.35228186
 0.36794327 0.38238598 0.38699557 0.40408708 0.37129846 0.36768069
 0.35815064 0.33720511 0.32800466 0.328832   0.35075672 0.35837188
 0.37835429 0.3725078  0.37204544 0.37678731 0.38749112 0.43974834]","[0.45752081 0.33503831 0.29302916 0.28617155 0.29786319 0.30376598
 0.30890822 0.31106012 0.33077839 0.33284673 0.33215231 0.34399147
 0.3604537  0.38350305 0.40972565 0.43909795 0.4195755  0.42510027
 0.42051504 0.4165839  0.45650791 0.54280797 0.67997213 0.79381661
 0.90262711 0.99381481 1.08246454 1.17119939 1.24193992 1.3129086 ]",0.005180984,0.006571527,mean_squared_error_optimizers.Nadam-
0.0002543311777214209,"[0.47356252 0.36630744 0.33102206 0.33644459 0.33758206 0.3441687
 0.34732046 0.33272659 0.32270011 0.32640283 0.3392083  0.35863809
 0.37545548 0.37188268 0.37337331 0.37875587 0.37554916 0.37648562
 0.36788327 0.35870645 0.35130637 0.36747866 0.36733609 0.37405178
 0.37493334 0.37683861 0.37737186 0.37118666 0.38383577 0.43826544]","[0.44855759 0.3359583  0.30552819 0.30733651 0.31286562 0.31770077
 0.32802897 0.32539617 0.34812189 0.34628416 0.35158201 0.36617815
 0.38372234 0.39218346 0.3889635  0.40194217 0.36787344 0.36197869
 0.35190517 0.33393647 0.33027589 0.34156687 0.35857568 0.36609761
 0.38586873 0.3785326  0.37653877 0.38003902 0.39354907 0.44488425]","[0.4445694  0.33291604 0.30128138 0.30313877 0.30914747 0.31299973
 0.31991242 0.31623247 0.33638021 0.33618447 0.33970819 0.35341754
 0.37182503 0.38756566 0.40644813 0.42714274 0.40407253 0.40539314
 0.39870089 0.39745353 0.4442975  0.53939512 0.67399431 0.78478221
 0.8904584  0.97827123 1.06528686 1.15561459 1.22911653 1.30031463]",0.005244231,0.006595559,mean_squared_error_optimizers.Nadam-
0.00027000269084237515,"[0.47929635 0.37236784 0.33544983 0.33876434 0.35337491 0.35854801
 0.35888531 0.35092825 0.35701467 0.34954214 0.34464752 0.35432398
 0.36443135 0.37638081 0.37259993 0.37724513 0.37155765 0.37368313
 0.3675959  0.35798592 0.3515567  0.3648115  0.3696217  0.38736565
 0.39519474 0.40293914 0.40473092 0.40429509 0.42060101 0.49035306]","[0.45490504 0.34047597 0.30602355 0.30597574 0.31697193 0.31872969
 0.32833264 0.33269106 0.35817215 0.35142573 0.35177062 0.36596655
 0.38317542 0.39963812 0.40256279 0.42301747 0.37753938 0.36074006
 0.34688675 0.32910828 0.3274672  0.33838321 0.35425278 0.35843123
 0.38005251 0.3737208  0.37274636 0.38255363 0.40174693 0.46345143]","[0.44928579 0.33527179 0.3005473  0.29935194 0.31065828 0.31316181
 0.32082125 0.32410732 0.34758099 0.34314603 0.34143876 0.35409781
 0.36984197 0.3881445  0.40683236 0.43424659 0.40294326 0.39634962
 0.38722203 0.38734518 0.43968099 0.53887911 0.67814612 0.79156343
 0.90178338 0.99282956 1.0825561  1.17445218 1.25048479 1.32660089]",0.005332182,0.0066845217,mean_squared_error_optimizers.Nadam-
0.0002697596195891189,"[0.47426937 0.37044995 0.34145118 0.34035081 0.3442798  0.34823541
 0.34816797 0.35433839 0.34759302 0.34380117 0.35002002 0.3578312
 0.36344181 0.37013348 0.37058132 0.3760997  0.36465412 0.36580948
 0.35873549 0.35564922 0.36158424 0.362267   0.37241525 0.37869436
 0.3871575  0.39916112 0.40619012 0.40998635 0.41651117 0.46882803]","[0.46808812 0.34739487 0.31812429 0.31769006 0.32499713 0.32499325
 0.33103476 0.32757387 0.34687132 0.34651619 0.34416528 0.35869127
 0.37633912 0.38769548 0.38254307 0.39332763 0.36611145 0.36483488
 0.35315955 0.33084862 0.32716519 0.336169   0.35129559 0.35599931
 0.37972123 0.37365062 0.37280049 0.37953398 0.38992538 0.44230926]","[0.46259696 0.34339165 0.31339414 0.31195687 0.31898251 0.31975782
 0.3240675  0.31980576 0.3360562  0.33576841 0.33154228 0.34491762
 0.36245358 0.37833466 0.39495127 0.42162996 0.40986194 0.41762916
 0.41176291 0.4072469  0.44880009 0.53858411 0.67346736 0.78488054
 0.89133344 0.9821947  1.0716432  1.16265372 1.23576519 1.3079139 ]",0.0052130288,0.0065702,mean_squared_error_optimizers.Nadam-
0.00027218363917199897,"[0.43686844 0.33595168 0.30715051 0.30894054 0.31942199 0.32553478
 0.32948094 0.3207139  0.31264073 0.31649873 0.33695219 0.3441164
 0.34846205 0.35948273 0.36444297 0.3727342  0.36589188 0.3660656
 0.35693498 0.35417809 0.36521227 0.37872063 0.38118315 0.38827215
 0.3888165  0.39317383 0.38400168 0.37719286 0.38400003 0.43843021]","[0.44240402 0.33054331 0.30902667 0.30484546 0.30770939 0.3117285
 0.31881705 0.31858684 0.3378234  0.3352395  0.34223349 0.3620388
 0.38398986 0.39828738 0.39554854 0.40439706 0.3663083  0.36007313
 0.35223704 0.33562297 0.33416371 0.34732786 0.36682264 0.36900134
 0.38608487 0.37503783 0.3654741  0.36353736 0.37662746 0.43483861]","[0.43903619 0.32786741 0.3055208  0.30129245 0.30441298 0.30848187
 0.31256736 0.31167016 0.32692681 0.32373839 0.32583403 0.3402416
 0.35650541 0.36576551 0.36918124 0.3829872  0.35345748 0.35304798
 0.34595918 0.3482092  0.41015534 0.51882191 0.6646449  0.78110098
 0.89035406 0.98020771 1.06763203 1.15779036 1.22997805 1.29959368]",0.0051368275,0.0064921654,mean_squared_error_optimizers.Nadam-
0.00024864763361013805,"[0.44867849 0.35287618 0.32125019 0.31632013 0.32157365 0.31864958
 0.32203327 0.32550552 0.32440049 0.32278674 0.33505163 0.34245106
 0.35198807 0.35200605 0.35471803 0.3612334  0.35884032 0.36379206
 0.35290616 0.34675847 0.35166137 0.35908631 0.3678603  0.36974672
 0.38990936 0.38329684 0.38324154 0.38356956 0.39594826 0.45330152]","[0.43627402 0.32176514 0.28876782 0.28688722 0.29533661 0.29779887
 0.30611991 0.31469001 0.3397043  0.34453036 0.34417487 0.35522057
 0.37083285 0.38136482 0.38147287 0.39194412 0.35702098 0.3550877
 0.34319876 0.32346311 0.32059711 0.32654582 0.34170281 0.34932597
 0.37221905 0.37000008 0.37316797 0.38030289 0.39596876 0.45630554]","[0.43241404 0.31942638 0.28530266 0.28249396 0.29090801 0.2950899
 0.30113921 0.30780977 0.32947794 0.33558213 0.33524495 0.34760594
 0.36505928 0.38229592 0.40475794 0.42652052 0.40301643 0.4046997
 0.39785548 0.39563349 0.442636   0.53451866 0.6699773  0.78319231
 0.89158828 0.98128104 1.06919321 1.15896622 1.23145052 1.30340913]",0.0051360973,0.006453093,mean_squared_error_optimizers.Nadam-
0.00026624897335811206,"[0.46085715 0.35542268 0.32838814 0.33211433 0.3421595  0.34777396
 0.34867355 0.35070153 0.35358703 0.33939805 0.35713374 0.36219918
 0.37545819 0.37993255 0.37993258 0.37706695 0.37736968 0.37915032
 0.38301082 0.37131705 0.38021003 0.37603673 0.37767036 0.38499808
 0.37807102 0.38091893 0.38309647 0.38251963 0.39639675 0.45197154]","[0.43816236 0.32033986 0.28776083 0.29299861 0.30743537 0.3144868
 0.31891408 0.32224925 0.34555464 0.34267654 0.34505046 0.35383823
 0.36328322 0.36741751 0.37570561 0.39287121 0.36376827 0.36237651
 0.35510599 0.33696229 0.33470634 0.33979337 0.36352416 0.36892341
 0.38804329 0.38179996 0.379961   0.37971148 0.38322633 0.43096638]","[0.43177225 0.31612851 0.28259821 0.2861311  0.30027349 0.30912561
 0.31369047 0.31627598 0.33628381 0.3336248  0.3363517  0.34948334
 0.36334317 0.37851893 0.4098353  0.44545898 0.43014185 0.43958567
 0.43961201 0.43621873 0.47315955 0.55248769 0.68097971 0.78960404
 0.89833416 0.98876745 1.07707987 1.16533889 1.23445472 1.30381339]",0.0052341414,0.0065750326,mean_squared_error_optimizers.Nadam-
0.0002691571685136296,"[0.45761015 0.3569322  0.33224075 0.33877518 0.34895639 0.35133445
 0.34487119 0.33617469 0.33107738 0.33337347 0.34297384 0.34598196
 0.34768472 0.35979834 0.36113553 0.36693974 0.36755649 0.36483597
 0.35047151 0.34390713 0.34611768 0.35182417 0.36320293 0.37901917
 0.38370713 0.38057654 0.37951258 0.3725998  0.39029689 0.4550392 ]","[0.44780346 0.33408175 0.30615523 0.30756919 0.32321959 0.32852183
 0.32782955 0.3199328  0.34411185 0.34448372 0.34635953 0.35500793
 0.37046825 0.38654553 0.38477665 0.39839458 0.36543695 0.35419266
 0.34185412 0.32284216 0.32330421 0.33699709 0.35831045 0.36473353
 0.38362892 0.3741712  0.37002709 0.37546639 0.39156814 0.44867776]","[0.44334155 0.33196695 0.30277769 0.30242776 0.31677443 0.32306078
 0.32088993 0.31428799 0.33468911 0.33406318 0.33408824 0.34391634
 0.35994015 0.37835043 0.39447424 0.42175907 0.4052155  0.40738317
 0.40025325 0.39419715 0.43809429 0.53379204 0.67392723 0.78925911
 0.89484361 0.98480707 1.07209022 1.1616845  1.23419935 1.30670164]",0.005065286,0.0062970114,mean_squared_error_optimizers.Nadam-
0.0002542179407319054,"[0.46008816 0.35988421 0.32922849 0.33961796 0.3463558  0.34734579
 0.3425854  0.32873607 0.31863626 0.32713606 0.34193767 0.35003304
 0.36674884 0.37162398 0.36380542 0.36194489 0.37254652 0.3784039
 0.3769276  0.37126465 0.37143935 0.37101205 0.37846591 0.39027645
 0.38989779 0.39166304 0.38546109 0.39186774 0.40884443 0.46196308]","[0.44712674 0.32806513 0.29334106 0.29065113 0.29982366 0.30605572
 0.31265527 0.31644066 0.33613614 0.33365562 0.33553844 0.35319453
 0.36751775 0.37461473 0.37281564 0.38955449 0.36316356 0.36130318
 0.35598747 0.33717536 0.33115544 0.33308377 0.35623692 0.361842
 0.37824783 0.3672076  0.36071512 0.36132973 0.37375143 0.43019672]","[0.44335937 0.32470967 0.28915516 0.28599317 0.29466642 0.30279349
 0.30739508 0.30983305 0.32405013 0.32065097 0.32306348 0.34322522
 0.36119017 0.37657447 0.40190927 0.43455316 0.42810469 0.44432246
 0.45289205 0.45310548 0.48350518 0.55878575 0.68427058 0.79082539
 0.89305334 0.98183947 1.07015558 1.16026591 1.23285234 1.3040982 ]",0.0050992034,0.0063646156,mean_squared_error_optimizers.Nadam-
0.0002477418506750837,"[0.45040396 0.33981957 0.3167077  0.31556543 0.32526499 0.32306926
 0.32535926 0.32030649 0.31938162 0.30674109 0.32895156 0.34699462
 0.35888179 0.36226582 0.36260039 0.35253586 0.35347467 0.35861184
 0.34631708 0.33873533 0.34935401 0.3589863  0.35440281 0.36774073
 0.37208595 0.38170475 0.38446603 0.37958497 0.38713993 0.45144225]","[0.43888438 0.32974988 0.29526003 0.28909433 0.29773595 0.30271683
 0.3121657  0.31508273 0.3340587  0.33091793 0.33522027 0.35144361
 0.36843497 0.37901405 0.3718772  0.38487661 0.35080183 0.34590601
 0.33615239 0.31753289 0.31556351 0.32567348 0.33886548 0.34625558
 0.36709628 0.36274369 0.36154671 0.36268825 0.37386188 0.43126533]","[0.43588441 0.32816994 0.29262933 0.28608632 0.29327267 0.30031006
 0.30881127 0.31133241 0.32490154 0.32138817 0.32531884 0.34109219
 0.35719797 0.37166697 0.38712301 0.40273723 0.3817595  0.38941547
 0.38902195 0.38904478 0.43626565 0.5300102  0.6655035  0.77903342
 0.8865193  0.97499769 1.06237069 1.150534   1.2209943  1.289944  ]",0.0050029485,0.0062823687,mean_squared_error_optimizers.Nadam-
0.00026395972643513234,"[0.4414312  0.34327254 0.31616248 0.32508905 0.32800807 0.33041344
 0.334889   0.33544853 0.32252723 0.31721791 0.32960838 0.33981662
 0.34777159 0.35591051 0.36179102 0.36490965 0.35738184 0.35901588
 0.35178122 0.33843643 0.34157309 0.34816162 0.35981206 0.36699205
 0.37051601 0.37776463 0.3649985  0.36476038 0.37514067 0.43729575]","[0.44277404 0.32841874 0.2929696  0.2936434  0.3019705  0.3091334
 0.31729122 0.30949205 0.32952087 0.33134527 0.33664864 0.35126097
 0.36716666 0.37815021 0.37831512 0.38610207 0.35631702 0.35692402
 0.34546607 0.32728751 0.32588798 0.33522908 0.34755295 0.35197756
 0.37189754 0.36411239 0.36085411 0.3611782  0.37202512 0.43159514]","[0.43767979 0.32463864 0.28875509 0.28949124 0.29780284 0.30618278
 0.31141689 0.30495215 0.32206617 0.32334493 0.32660795 0.34042749
 0.35734412 0.37347509 0.39347021 0.40368119 0.38065464 0.38547617
 0.3773467  0.3755246  0.4275569  0.52804766 0.66890927 0.78535665
 0.8918505  0.98229542 1.06899463 1.15600807 1.22640059 1.29642651]",0.004943916,0.0061836652,mean_squared_error_optimizers.Nadam-
0.0002484654079695853,"[0.43863607 0.34664565 0.3224583  0.33234703 0.33963057 0.33175247
 0.33881302 0.34012503 0.33514723 0.33054944 0.3445414  0.35074671
 0.35538841 0.35842842 0.36670257 0.36629911 0.36552871 0.36929769
 0.35964172 0.35112235 0.35993097 0.35723562 0.35383402 0.35039478
 0.35823962 0.36519388 0.36543036 0.35964135 0.37030524 0.41820643]","[0.43007072 0.32478743 0.30067104 0.30021593 0.30316891 0.30432105
 0.31368035 0.31514182 0.34289294 0.33972469 0.33942411 0.34950737
 0.36357398 0.38020899 0.37869755 0.39430499 0.36171162 0.34976338
 0.33994104 0.32431521 0.31710167 0.32243348 0.33365115 0.3391575
 0.36354992 0.35580372 0.35283246 0.35852561 0.37277814 0.43154323]","[0.42759127 0.32155841 0.29714948 0.29753394 0.2992408  0.30172754
 0.30875819 0.30971122 0.33440799 0.33061109 0.32946181 0.34107438
 0.35547407 0.37370746 0.39381887 0.42280066 0.40813651 0.41320994
 0.40776106 0.40505247 0.44554682 0.53597468 0.67144784 0.78425925
 0.89441984 0.9837481  1.07012644 1.15754742 1.22741036 1.2979528 ]",0.004851676,0.00599661,mean_squared_error_optimizers.Nadam-
