-0.9381821235666672,0.3136796468040029,"[2.43939371 3.1125879  3.38907462 3.42242205 3.53369268 3.5411163
 3.59308772 3.61950261 3.61655501 3.61596445 3.61667795 3.62071533
 3.62197457 3.63036619 3.64289349 3.66203847 3.67792899 3.69242063
 3.72999681 3.75405264]","[2.74075278 3.09389646 3.39962712 3.54637713 3.66143604 3.71205529
 3.74491068 3.75743774 3.77047565 3.76038336 3.76692928 3.74504232
 3.73954876 3.71779596 3.7204419  3.73387205 3.7267466  3.74244068
 3.78239338 3.8139669 ]",cosine_proximity_optimizers.Nadam-lr=0.003
-0.9550625476837158,0.2819154816765755,"[2.25553414 2.69277441 3.05700903 3.07536533 3.10268992 3.14425787
 3.12832292 3.11555477 3.10008707 3.08996282 3.11233215 3.11473508
 3.15796952 3.16674523 3.1906194  3.20528054 3.21944023 3.24775593
 3.30872973 3.34051947]","[2.16338931 2.4811817  2.66860977 2.78180663 2.80022048 2.82524847
 2.81028554 2.79494834 2.80488494 2.79336157 2.78004978 2.77095496
 2.7379249  2.73920856 2.75050558 2.77626085 2.78197781 2.80704593
 2.83513117 2.87303078]",cosine_proximity_optimizers.Nadam-lr=0.003
-0.9605971449216207,0.22324647776141127,"[1.60111279 1.82386389 2.04439681 2.26823232 2.3110486  2.43967813
 2.54733593 2.53639199 2.56618491 2.66645292 2.70603196 2.77305908
 2.78011215 2.71613353 2.71538945 2.72600756 2.70541789 2.73497801
 2.76761259 2.80030724]","[1.51454622 1.77373354 1.93103546 2.06573733 2.13695327 2.14913697
 2.18137995 2.20958655 2.2650869  2.29654363 2.28789342 2.28286299
 2.28338477 2.28651131 2.29436947 2.31866202 2.31722433 2.3360728
 2.35789275 2.39102525]",cosine_proximity_optimizers.Nadam-lr=0.003
-0.969146701335907,0.16654612636145372,"[1.22540351 1.32572461 1.3681247  1.45472017 1.60072484 1.6475506
 1.63868725 1.6760883  1.73480489 1.77556781 1.7908035  1.82767669
 1.88051375 1.92918024 1.98403142 2.02514284 2.02497546 2.00234486
 1.98236653 1.99630164]","[1.08313782 1.14578496 1.29621841 1.40484474 1.47181265 1.52592332
 1.57172227 1.65081123 1.71344006 1.77238833 1.78967559 1.80632552
 1.82552257 1.84554644 1.90265159 1.93935724 1.90946533 1.92864582
 1.95085538 1.98092471]",cosine_proximity_optimizers.Nadam-lr=0.003
-0.97606467628479,0.1454503562383125,"[0.87195398 0.88815346 0.97126764 1.06314249 1.15704875 1.25496647
 1.33126615 1.39896146 1.50445873 1.5255944  1.59598035 1.67076282
 1.7728643  1.84920135 1.88611003 1.94688898 1.96361097 1.98382323
 2.00389124 2.03403289]","[0.87801457 0.8333873  0.89321124 0.97705362 1.04302273 1.10635494
 1.25485538 1.31520891 1.44774402 1.54666861 1.63551401 1.72332303
 1.77812841 1.85797259 1.90612153 1.95635278 1.96766689 1.95939478
 1.9816495  1.94988243]",cosine_proximity_optimizers.Nadam-lr=0.003
-0.9806518007914226,0.12005748024125688,"[0.76441196 0.72102058 0.74108438 0.79065769 0.85994566 0.97207721
 1.05053779 1.13095047 1.24543827 1.32307669 1.38305893 1.40949488
 1.51826195 1.63399229 1.64704438 1.68832031 1.7684088  1.7792752
 1.7574799  1.79846807]","[0.76365345 0.64969307 0.60952294 0.6196629  0.67420128 0.73611219
 0.84920388 1.04302373 1.1382755  1.21372968 1.28335848 1.35528927
 1.46668865 1.52316889 1.56461189 1.61163176 1.60502129 1.58501275
 1.55631778 1.5840196 ]",cosine_proximity_optimizers.Nadam-lr=0.003
-0.9831827778816223,0.11705508684802043,"[0.89962382 0.7902155  0.7764654  0.81553903 0.87266688 0.93636409
 1.0045291  1.06987034 1.13459078 1.21113088 1.28696687 1.36520819
 1.48463475 1.55247341 1.63905054 1.67565608 1.73949348 1.76929314
 1.764707   1.79058324]","[0.72458946 0.60836812 0.57069234 0.58632229 0.64450116 0.71028944
 0.78681055 0.90749188 1.10244437 1.27310069 1.35794839 1.44073605
 1.55821361 1.62455629 1.67303438 1.7629708  1.76827207 1.74225057
 1.71851342 1.74756236]",cosine_proximity_optimizers.Nadam-lr=0.003
-0.9855113747914632,0.10214639106211543,"[0.6632467  0.55346025 0.512651   0.53434264 0.583677   0.64355667
 0.754501   0.84011989 0.88917977 0.98923188 1.12453718 1.19121059
 1.24999724 1.29831189 1.38001748 1.40824352 1.43481349 1.45498144
 1.47598817 1.49771955]","[0.72565944 0.57676247 0.50140216 0.49030248 0.52419641 0.57216573
 0.64031036 0.75359113 0.8646671  1.00849057 1.19406201 1.33083827
 1.46068009 1.54044706 1.58943808 1.60960647 1.60995434 1.62417991
 1.63542317 1.66251176]",cosine_proximity_optimizers.Nadam-lr=0.003
-0.9865698461532593,0.10741380780693423,"[0.92588224 0.83716774 0.80597136 0.78996411 0.81401869 0.89809703
 0.9557717  1.073936   1.16184911 1.25016635 1.34353505 1.44048392
 1.50281246 1.5149411  1.64861999 1.73554688 1.76194803 1.80069402
 1.80533938 1.76689195]","[0.7606121  0.60754266 0.51341002 0.47937581 0.49541044 0.53466483
 0.59789141 0.67067165 0.83264215 0.98200545 1.12929721 1.30885448
 1.39799261 1.43659862 1.48861084 1.5413257  1.54795468 1.56038386
 1.56813412 1.59334018]",cosine_proximity_optimizers.Nadam-lr=0.003
-0.9876362711588542,0.09830603849359355,"[0.83161361 0.6868761  0.60158922 0.58228402 0.54279504 0.57710114
 0.63828104 0.73487652 0.82302831 0.93395548 1.04773989 1.16638222
 1.27615621 1.43224862 1.4416141  1.56466354 1.54947965 1.56261193
 1.61367324 1.51667087]","[0.80895632 0.64352562 0.52723677 0.46771155 0.45406329 0.46834526
 0.51878405 0.59037415 0.71454664 0.87366468 0.98434519 1.12115726
 1.24912868 1.32425488 1.40782194 1.51009993 1.50939452 1.51833144
 1.52391982 1.50562532]",cosine_proximity_optimizers.Nadam-lr=0.003
-0.9885454104741415,0.09747781475701432,"[0.83957872 0.7215387  0.63764307 0.59572469 0.59818267 0.62568045
 0.69007846 0.75227866 0.81655938 0.97327395 1.09762102 1.16337672
 1.20520937 1.2528359  1.26890374 1.30034454 1.31983593 1.39575355
 1.40934933 1.46411026]","[0.8451496  0.69106111 0.58157406 0.51662081 0.4891077  0.48401785
 0.51185632 0.5675899  0.67948267 0.82931045 0.9306618  1.02201177
 1.10399522 1.21608419 1.27483639 1.41731721 1.43285431 1.45364401
 1.46592246 1.49310476]",cosine_proximity_optimizers.Nadam-lr=0.003
-0.9894162360827128,0.08810394515789234,"[0.90698328 0.7404348  0.64140433 0.57940114 0.54179513 0.53869993
 0.57592121 0.65466122 0.79606198 0.8459521  0.97321359 1.05405873
 1.06372938 1.11027229 1.10820782 1.14715789 1.18128723 1.26032285
 1.26626407 1.28100847]","[0.89656179 0.74189074 0.62741511 0.54845506 0.49436955 0.45529452
 0.45252845 0.4970022  0.6021679  0.7096189  0.85422313 0.94072634
 1.01562517 1.11817788 1.20825546 1.26525693 1.31274929 1.32750588
 1.33482232 1.35280463]",cosine_proximity_optimizers.Nadam-lr=0.003
-0.9903657274246216,0.0889895978862893,"[0.91756238 0.78481285 0.6766597  0.60369127 0.56270917 0.58046346
 0.5888177  0.65052321 0.7069299  0.7921882  0.8804019  0.95286702
 1.01173821 1.06992391 1.16653735 1.21854728 1.26482769 1.35759857
 1.24288644 1.2914401 ]","[0.8725258  0.72027352 0.60634222 0.52570978 0.47030367 0.4368717
 0.45067868 0.50711522 0.62338488 0.72922954 0.82878376 0.95186775
 1.02160363 1.07773767 1.15976745 1.25447296 1.25381426 1.29939253
 1.29513179 1.26557254]",cosine_proximity_optimizers.Nadam-lr=0.003
-0.9908576615651449,0.08121442034036212,"[0.92730437 0.76711908 0.67365512 0.56956022 0.50404563 0.44125576
 0.43064274 0.49628941 0.60823794 0.69512322 0.81309081 0.91839289
 0.98558997 1.0365447  1.1185945  1.20314768 1.19856853 1.21359947
 1.17046478 1.20363286]","[0.96948563 0.83780838 0.7414127  0.66625501 0.59165815 0.51459929
 0.45445888 0.44620108 0.50825908 0.59761055 0.68570939 0.76971575
 0.89207508 0.96640268 1.01208105 1.07899874 1.13033451 1.18454152
 1.18684542 1.24144033]",cosine_proximity_optimizers.Nadam-lr=0.003
-0.991294426282247,0.07741759575311946,"[0.94033225 0.81616234 0.71709331 0.62865237 0.53625977 0.45057901
 0.40567056 0.41109721 0.46888411 0.5650494  0.65950839 0.73690955
 0.80700335 0.85781221 0.89861015 0.96264033 1.00594399 0.9961974
 1.06340945 1.06855064]","[0.95286724 0.82491182 0.72941959 0.65085039 0.5690595  0.4838433
 0.42836666 0.43076981 0.50848651 0.60741444 0.69722574 0.77834826
 0.89458476 0.95153381 0.99649991 1.08412825 1.08714646 1.09452226
 1.18202016 1.19510723]",cosine_proximity_optimizers.Nadam-lr=0.003
-0.992005295753479,0.08141159359580627,"[1.00078507 0.892961   0.80557182 0.70987591 0.61749568 0.52742616
 0.45679893 0.46513362 0.53366623 0.61416615 0.74203405 0.82269949
 0.88660232 0.9394753  0.97664581 1.06256786 1.09600123 1.11832769
 1.08663064 1.09588775]","[0.92897695 0.80101081 0.70580921 0.62674695 0.54839666 0.4711376
 0.42542348 0.43474099 0.5258838  0.63773262 0.74042924 0.87243858
 0.94707222 1.00394611 1.05275145 1.10048383 1.14014275 1.14797726
 1.15340135 1.17434538]",cosine_proximity_optimizers.Nadam-lr=0.003
-0.9922483046849568,0.08013759236956812,"[0.87167665 0.82170164 0.67785131 0.59454002 0.52375066 0.46326389
 0.45175673 0.48393549 0.58465342 0.65138375 0.73600961 0.81718106
 0.88043389 0.92144428 0.96092922 0.99012952 1.01845326 1.0474706
 1.12039668 1.18192035]","[0.96663205 0.83875708 0.74200979 0.65672601 0.56475266 0.47691
 0.4303963  0.44646839 0.53902477 0.64668714 0.74609738 0.87284672
 0.94529195 1.00334019 1.09269059 1.19072778 1.19270777 1.2513006
 1.26482966 1.24850093]",cosine_proximity_optimizers.Nadam-lr=0.003
-0.9924591897328695,0.0791526322952416,"[0.95861243 0.84567365 0.7668545  0.69409583 0.62113795 0.53796817
 0.51759805 0.54208138 0.60289741 0.68356559 0.73596825 0.81837151
 0.87719131 0.91892765 0.96303619 1.00601793 1.04237524 1.08384337
 1.09838889 1.10612089]","[0.9203719  0.79498179 0.70235924 0.62503114 0.54839714 0.4823576
 0.45607994 0.4764715  0.55709978 0.64861226 0.73572796 0.81314358
 0.88268915 0.93992487 1.03199881 1.08474901 1.09059969 1.11134231
 1.1251802  1.14969962]",cosine_proximity_optimizers.Nadam-lr=0.003
-0.9929364781379699,0.0766153570585586,"[1.0378396  0.93123427 0.85083258 0.75483151 0.63765756 0.52994424
 0.46593065 0.46445841 0.51286889 0.64017771 0.70967551 0.80634602
 0.84895018 0.90612014 0.9333369  0.97153524 0.95077308 0.98523137
 0.99884655 1.02723905]","[1.04656638 0.92693949 0.82553937 0.7220589  0.60602872 0.49032178
 0.41121707 0.40390661 0.47176654 0.5577982  0.64013151 0.71282907
 0.77477672 0.8251158  0.91034936 0.96174783 0.96889019 1.02813327
 1.04592598 1.07265747]",cosine_proximity_optimizers.Nadam-lr=0.003
-0.9929799200693766,0.0751039501637179,"[0.9967807  0.90546592 0.82553404 0.72681431 0.62631233 0.517549
 0.43369598 0.45582197 0.46203607 0.54806881 0.65359052 0.7378867
 0.792382   0.83151356 0.86783717 0.90907444 0.96683875 0.97093217
 0.9774108  0.99341426]","[1.07014577 0.95567653 0.85936279 0.75699479 0.64098362 0.52430767
 0.43055678 0.39786582 0.44818927 0.54474371 0.63619273 0.71487097
 0.7746173  0.81486313 0.88908458 0.92296147 0.95768384 0.96412639
 1.01495506 1.04254988]",cosine_proximity_optimizers.Nadam-lr=0.003
-0.993446576277415,0.07392477569630368,"[1.03437085 0.94875776 0.86721962 0.76110752 0.63608712 0.49621522
 0.42742923 0.43482081 0.58123104 0.61300858 0.71885155 0.79757934
 0.85788769 0.90360987 0.93813434 0.97242442 0.98507814 1.00027816
 1.01089559 1.02740508]","[0.99786305 0.88549026 0.79202866 0.69322909 0.57897621 0.46623619
 0.3933248  0.39353855 0.47329264 0.57565111 0.66763592 0.74066394
 0.79856468 0.84215306 0.90986246 0.94753649 0.93505774 0.98025562
 1.03171824 1.0647174 ]",cosine_proximity_optimizers.Nadam-lr=0.003
-0.9938983996709188,0.07119950793614666,"[1.06641863 0.98783251 0.91174477 0.81911184 0.68941213 0.5778919
 0.48817036 0.4902872  0.48872611 0.550612   0.62643669 0.70078709
 0.75122717 0.75300199 0.78317558 0.81012428 0.83794185 0.83231049
 0.83913467 0.85493186]","[1.09386517 0.98804975 0.89999596 0.80485868 0.69252666 0.56896561
 0.45152199 0.37678169 0.39470859 0.46366539 0.54068127 0.6124878
 0.67364504 0.71958368 0.75505622 0.79020849 0.77888457 0.82417824
 0.83361642 0.90989874]",cosine_proximity_optimizers.Nadam-lr=0.003
-0.9937442789077758,0.07654104987817353,"[1.28338638 1.20475944 1.12787994 0.98646021 0.86220125 0.73975411
 0.65468297 0.59559755 0.59522989 0.64453999 0.71781707 0.74662914
 0.79951053 0.86596713 0.87642597 0.88702215 0.8691351  0.88189285
 0.94779464 0.9785469 ]","[1.04172362 0.94542171 0.86518369 0.77177948 0.65655973 0.53095124
 0.42097184 0.36710046 0.40700937 0.49139014 0.57207649 0.64132641
 0.6947606  0.73573936 0.77051037 0.84193583 0.83305696 0.83745401
 0.89247608 0.97375479]",cosine_proximity_optimizers.Nadam-lr=0.003
-0.9940828158060709,0.0725569863284285,"[1.01530322 0.93726876 0.86037691 0.76657476 0.64622935 0.52003747
 0.40844061 0.39701737 0.46405224 0.55535597 0.65067857 0.71278396
 0.80203119 0.8030257  0.82893575 0.85008613 0.86780819 0.90258756
 0.91371537 0.94319746]","[1.02168377 0.91610156 0.82754051 0.7318467  0.62043488 0.50167756
 0.4031528  0.36697385 0.4199992  0.51492801 0.60331156 0.67645266
 0.73383317 0.77776176 0.86018693 0.90117512 0.89462468 0.9004198
 0.91147945 0.94283738]",cosine_proximity_optimizers.Nadam-lr=0.003
-0.9940081877708435,0.07779883072067569,"[1.12795785 1.03080481 0.95235253 0.83238695 0.70970418 0.5683085
 0.53017258 0.49854426 0.57348489 0.67850243 0.73737012 0.85527051
 0.93764975 0.99612944 1.02984902 0.96128466 0.98066487 1.00038066
 1.02966045 1.04537595]","[1.05904597 0.95130225 0.8504929  0.73368419 0.60260382 0.47745001
 0.39680848 0.38798956 0.46952015 0.57223101 0.65727653 0.72533941
 0.77752907 0.81815598 0.89862258 0.93740585 0.92791357 0.97708752
 0.99181611 1.07087783]",cosine_proximity_optimizers.Nadam-lr=0.003
-0.9944860898653666,0.0711519459752809,"[1.24102375 1.15067622 1.05523787 0.94910649 0.80744192 0.65894969
 0.52852473 0.44329614 0.45059791 0.45700519 0.5469976  0.55700757
 0.57851408 0.65820485 0.70545598 0.7493313  0.80306071 0.76997786
 0.81948226 0.79797941]","[1.12544053 1.03760602 0.9566245  0.85544476 0.72918421 0.58792175
 0.45298261 0.36555136 0.37715836 0.44578773 0.51844974 0.58673966
 0.63833425 0.67684567 0.69310007 0.72506725 0.70572968 0.70830899
 0.71736189 0.75467177]",cosine_proximity_optimizers.Nadam-lr=0.003
-0.9946049087842306,0.07492932300002228,"[1.27741836 1.15852478 1.08711261 0.98429939 0.87958105 0.71354476
 0.59785884 0.51523091 0.55241409 0.63788091 0.70530356 0.71457922
 0.75611167 0.78252795 0.7971953  0.80820301 0.86708425 0.88902672
 0.85084294 0.86713816]","[1.11076428 1.02212686 0.93972588 0.83771361 0.71446276 0.57973969
 0.45421777 0.3710982  0.38192056 0.44520521 0.51947105 0.58814929
 0.64105858 0.67502572 0.69860623 0.72999707 0.71409081 0.70766998
 0.71602563 0.75020121]",cosine_proximity_optimizers.Nadam-lr=0.003
-0.9947022522290547,0.07285889492748353,"[1.25005953 1.18415603 1.10291936 0.98929054 0.84919877 0.71035217
 0.58580574 0.50926283 0.50931223 0.57023088 0.61284328 0.69615999
 0.72590105 0.74414334 0.77333293 0.7991501  0.81484664 0.83829671
 0.81176361 0.84012292]","[1.10447542 1.01732683 0.92703514 0.81163232 0.6753863  0.53294179
 0.40961985 0.34816291 0.38966337 0.46631672 0.5333593  0.58671333
 0.6227092  0.64499609 0.66148505 0.69106692 0.67806217 0.68668936
 0.70470888 0.74598812]",cosine_proximity_optimizers.Nadam-lr=0.003
-0.9948162159919739,0.0761596795258544,"[1.42454514 1.38663548 1.31273207 1.18356179 1.01669882 0.87084498
 0.72655589 0.64462156 0.64846467 0.64285869 0.69110805 0.73111869
 0.75021447 0.79233485 0.81364012 0.82869229 0.87166989 0.8828312
 0.8724095  0.8796961 ]","[1.19813655 1.10920337 1.01825581 0.90737034 0.78060477 0.64504549
 0.50661121 0.39141886 0.35814055 0.39534249 0.45129984 0.51056823
 0.55941739 0.59246176 0.61844375 0.65448004 0.64009583 0.64365977
 0.65391905 0.68660178]",cosine_proximity_optimizers.Nadam-lr=0.003
-0.994980991045634,0.07078143564836645,"[1.25803348 1.20075991 1.14125205 1.03231779 0.885816   0.77690976
 0.64753699 0.56514884 0.52357204 0.56985324 0.58945171 0.6291756
 0.66457237 0.68561108 0.69983848 0.71234533 0.78257859 0.73900413
 0.75814773 0.78616121]","[1.14571857 1.05778765 0.96781179 0.85480376 0.72264972 0.58277871
 0.45259505 0.37187295 0.38816078 0.45236587 0.51467255 0.56689521
 0.60607602 0.63449053 0.66977695 0.70266258 0.69296306 0.69853315
 0.70932223 0.74246502]",cosine_proximity_optimizers.Nadam-lr=0.003
-0.9948482817014058,0.06628730100823108,"[1.13181375 1.08056186 1.00880119 0.89564265 0.76207374 0.63035748
 0.51131579 0.45161791 0.46923778 0.53698471 0.57438896 0.62866753
 0.63568358 0.63914731 0.69935752 0.72472864 0.73061954 0.74713529
 0.78192872 0.86487319]","[1.15297157 1.0668927  0.97204683 0.85555969 0.7253304  0.59425381
 0.46515026 0.36321256 0.35024551 0.40416748 0.47285754 0.53279603
 0.57760366 0.61006922 0.64891905 0.6803826  0.66303453 0.66367368
 0.67120447 0.70537827]",cosine_proximity_optimizers.Nadam-lr=0.003
-0.9951454346974691,0.07941758149440022,"[1.61179958 1.56557515 1.48786783 1.36496257 1.19989858 1.04712999
 0.93018565 0.7890773  0.73719745 0.75581039 0.80376947 0.78836417
 0.82303663 0.89156986 0.93763623 0.93232817 0.95030056 0.90479075
 0.85923323 0.88805582]","[1.19556162 1.10892133 1.00703788 0.8810666  0.74088394 0.59706993
 0.4590075  0.35349973 0.33225348 0.37055847 0.42487899 0.47678394
 0.51881752 0.55137585 0.5732591  0.60606758 0.59197142 0.58715262
 0.59281129 0.62373791]",cosine_proximity_optimizers.Nadam-lr=0.003
-0.9890018391609192,0.6861274254371981,"[4.13165249 4.74510421 5.49246186 6.21521512 6.49381444 6.79421567
 6.99694738 7.09798159 7.16223554 7.24344073 7.30852307 7.37164061
 7.44789277 7.54165227 7.59325926 7.68144804 7.71032241 7.75999551
 7.78800477 7.84488522]","[4.8747587  5.26580511 5.89965918 6.45501354 6.93185268 7.26476671
 7.51592048 7.72652459 7.83256254 7.88859526 7.99407387 8.0628927
 8.08202535 8.12829444 8.21613093 8.30856118 8.32150847 8.37625618
 8.42040736 8.47198341]",cosine_proximity_optimizers.Nadam-lr=0.003
-0.9864845868746439,0.08737246246483747,"[0.72520003 0.60582642 0.46817076 0.3704173  0.39334129 0.47598317
 0.59078488 0.72392847 0.82254279 0.91396856 0.97003842 1.0001335
 1.01797534 1.03760317 1.05934127 1.07714217 1.09792787 1.1295921
 1.20753101 1.24192848]","[0.6312073  0.50408181 0.40619465 0.38459978 0.46094986 0.59637748
 0.76608615 1.08405784 1.27326897 1.41048629 1.47007345 1.50265338
 1.52085139 1.53256584 1.4527249  1.4613184  1.43448278 1.4326958
 1.4863981  1.5204278 ]",cosine_proximity_optimizers.Nadam-lr=0.003
-0.99462313524882,0.07626203794529446,"[1.2770989  1.16000832 1.02344102 0.89514633 0.74969574 0.67687157
 0.60048174 0.65308846 0.68138443 0.74097922 0.78047044 0.81981028
 0.86795791 0.86700901 0.92869274 0.93581587 0.94817988 0.96956966
 1.01488238 1.00811838]","[0.87591285 0.77074634 0.6448715  0.50221208 0.38766605 0.35138146
 0.40656267 0.50169852 0.61836263 0.70715743 0.76867458 0.80639529
 0.83063529 0.88994181 0.89177379 0.90873562 0.89000093 0.89378337
 0.90816267 0.99319832]",cosine_proximity_optimizers.Nadam-lr=0.003
-0.9952828855514526,0.06632773850377136,"[1.24247386 1.15607015 1.00876888 0.85836657 0.70369599 0.61802384
 0.5579782  0.53113925 0.58512347 0.548105   0.58345349 0.6166715
 0.69219001 0.70860927 0.71080783 0.7285259  0.74322807 0.75870207
 0.77556556 0.80080541]","[0.98633789 0.89050261 0.77739513 0.64203378 0.4994398  0.38189147
 0.34631786 0.38181258 0.46029396 0.54065125 0.59718721 0.63590389
 0.66276391 0.68257804 0.69127678 0.71672004 0.70224544 0.70537924
 0.7167925  0.74495239]",cosine_proximity_optimizers.Nadam-lr=0.003
-0.9957550824483236,0.0585255186222011,"[1.11449681 1.03658519 0.93344216 0.81941011 0.67315801 0.52444572
 0.41097752 0.34102171 0.3633477  0.37712836 0.41457413 0.4392384
 0.46279834 0.46132544 0.4716438  0.51931233 0.49780334 0.51849077
 0.52233975 0.55684179]","[1.05084659 0.96058996 0.85153951 0.72035916 0.58006743 0.44468731
 0.34950456 0.32240283 0.36727809 0.42999459 0.48082462 0.52014295
 0.54908972 0.56967328 0.57338341 0.59510736 0.56727461 0.56447167
 0.57228302 0.60587806]",cosine_proximity_optimizers.Nadam-lr=0.003
-0.9956839952468872,0.0620612606667158,"[1.23728163 1.19675421 1.1027792  0.95085845 0.81389759 0.67424338
 0.56079745 0.52310045 0.43342585 0.44390176 0.46883744 0.47357042
 0.49330219 0.5142722  0.51511467 0.52707104 0.58891698 0.5597671
 0.57596141 0.60449705]","[1.12475209 1.03380348 0.91874514 0.78405734 0.64384001 0.50888104
 0.39313322 0.3310667  0.34971849 0.4059451  0.46007427 0.50575788
 0.53927276 0.56231316 0.57599869 0.60185632 0.58927549 0.59662692
 0.60643855 0.63498636]",cosine_proximity_optimizers.Nadam-lr=0.003
-0.9957513624827067,0.0663471358162763,"[1.32013089 1.26125951 1.16727593 1.05028217 0.91565153 0.77126388
 0.64594954 0.58123731 0.57780096 0.61136008 0.6185658  0.64430788
 0.66599124 0.70038713 0.72896107 0.75904188 0.70385726 0.65167358
 0.6998768  0.72682466]","[1.12249489 1.03193989 0.9182854  0.78580385 0.64691099 0.50985186
 0.39094242 0.33018731 0.35043171 0.4059839  0.4570426  0.49421874
 0.51646672 0.52974434 0.54246628 0.56399816 0.55002624 0.55226395
 0.55983561 0.5890528 ]",cosine_proximity_optimizers.Nadam-lr=0.003
-0.995902454217275,0.06599548762461697,"[1.32601885 1.2646001  1.15754981 1.02269595 0.90275667 0.72349248
 0.58183812 0.50917254 0.48127394 0.49142747 0.51832134 0.53830064
 0.49096356 0.4993041  0.50839318 0.52284275 0.56397099 0.56127998
 0.56768717 0.59573891]","[1.15027952 1.05781434 0.94286774 0.80821454 0.66703206 0.5286201
 0.41084407 0.34816586 0.36164801 0.4036889  0.44185202 0.47352325
 0.49925292 0.51789582 0.52376881 0.54764758 0.53109616 0.52866412
 0.53417548 0.56496951]",cosine_proximity_optimizers.Nadam-lr=0.003
-0.9958661729494731,0.06333826497475756,"[1.34747391 1.2891479  1.19023077 1.06232755 0.92052702 0.76213562
 0.61948495 0.54844612 0.49581579 0.52923155 0.59549827 0.61757504
 0.57509432 0.58141056 0.59228791 0.58712066 0.61766627 0.65281969
 0.68380776 0.66002931]","[1.20114962 1.11727215 1.01167968 0.88161461 0.73071621 0.57130402
 0.42598961 0.33891571 0.33569848 0.37573627 0.41565172 0.44600519
 0.46927902 0.48418838 0.50527634 0.52511908 0.508148   0.50479094
 0.51022463 0.54132045]",cosine_proximity_optimizers.Nadam-lr=0.003
-0.9958364807764689,0.06275839091855974,"[1.22100594 1.14323125 1.03950154 0.91013991 0.77187928 0.62308397
 0.54452436 0.46233439 0.50241051 0.54633733 0.58657528 0.62080719
 0.65005578 0.65411046 0.66577503 0.68060505 0.69614038 0.76301053
 0.72032362 0.75087098]","[1.16917065 1.07387642 0.95369422 0.81583691 0.67017493 0.5262318
 0.40260659 0.33681288 0.34997197 0.39745219 0.44473374 0.4789809
 0.50212618 0.51934869 0.53610742 0.5606719  0.54950104 0.54907102
 0.56275065 0.60321374]",cosine_proximity_optimizers.Nadam-lr=0.003
-0.9958663889567058,0.062005320767257295,"[1.2955191  1.25961135 1.16503129 1.0398999  0.89754528 0.73387398
 0.57956559 0.45996015 0.41327939 0.42448117 0.46359293 0.4875782
 0.51005352 0.53028214 0.54772644 0.56021022 0.57787112 0.59022058
 0.59395508 0.57663917]","[1.19569861 1.11513458 1.01275001 0.88696393 0.74299904 0.58953544
 0.44334584 0.3392574  0.31915274 0.34955036 0.38956918 0.42539204
 0.4512794  0.47025489 0.48948969 0.50719177 0.49656468 0.50083263
 0.51663271 0.55303359]",cosine_proximity_optimizers.Nadam-lr=0.003
-0.9957070713043212,0.0652700761378533,"[1.43123349 1.34486455 1.23874542 1.11664627 0.98063213 0.82116588
 0.66925247 0.56975173 0.52197579 0.54214641 0.5593366  0.58141451
 0.59064529 0.57236376 0.59587654 0.56861495 0.53411917 0.56421364
 0.53117528 0.52231599]","[1.24440873 1.15478405 1.04210732 0.91243205 0.77340478 0.63411163
 0.50550882 0.40628554 0.36252721 0.3685421  0.40214072 0.4386033
 0.46133646 0.473437   0.48109426 0.5015628  0.49150001 0.49793247
 0.51784699 0.55819006]",cosine_proximity_optimizers.Nadam-lr=0.003
-0.9957434345881144,0.06138652416277365,"[1.36794148 1.31504053 1.25187641 1.13339981 1.0166968  0.83698021
 0.74236884 0.62118513 0.49113397 0.47494771 0.45130735 0.46772866
 0.44849209 0.45815924 0.46926339 0.48570737 0.48921111 0.48495753
 0.48984935 0.51086427]","[1.28537833 1.19943779 1.09280873 0.96919431 0.83337146 0.69276104
 0.55383111 0.42773246 0.34430257 0.32189536 0.33964623 0.36985052
 0.39549688 0.41289918 0.42605403 0.44761793 0.43838301 0.44361606
 0.45692868 0.49465486]",cosine_proximity_optimizers.Nadam-lr=0.003
-0.9960616456667583,0.057230679580019414,"[1.25307936 1.17516062 1.08191385 0.93668634 0.79641151 0.64852782
 0.53635275 0.42615568 0.37566453 0.33944824 0.35658418 0.41337099
 0.39306204 0.39164874 0.4594897  0.42910651 0.4396659  0.44993353
 0.46071777 0.48690582]","[1.23466605 1.14089043 1.02046053 0.883412   0.7393469  0.59464082
 0.45852397 0.35324827 0.3233312  0.34152197 0.37565775 0.408262
 0.43188386 0.45067868 0.46360668 0.49249762 0.48763885 0.49017044
 0.49246694 0.51119947]",cosine_proximity_optimizers.Nadam-lr=0.003
-0.9960498946507772,0.06465289733765876,"[1.35632402 1.29262815 1.17172684 1.06028426 0.93119983 0.75105141
 0.58252129 0.45743186 0.41739992 0.46825707 0.49991713 0.52825676
 0.56256252 0.57238683 0.5573036  0.58055702 0.62323917 0.56818099
 0.58630759 0.64288648]","[1.2356295  1.15268126 1.04689829 0.92434036 0.78824839 0.64458383
 0.50102205 0.3891217  0.35673329 0.37856357 0.41346732 0.44011308
 0.45802197 0.46721774 0.4802749  0.49551341 0.48830818 0.49080601
 0.50065579 0.52994454]",cosine_proximity_optimizers.Nadam-lr=0.003
-0.9959479751586914,0.060370828721218905,"[1.36758019 1.31244363 1.21604611 1.07233736 0.87573918 0.72029516
 0.56164094 0.43501486 0.39473528 0.3485451  0.38616059 0.40791881
 0.40408209 0.41271326 0.37943222 0.38792888 0.40188134 0.41599736
 0.440128   0.47428352]","[1.27834624 1.19795126 1.08221531 0.93682788 0.77625625 0.62073912
 0.48225769 0.37536266 0.33442038 0.34413938 0.37462976 0.40517749
 0.42616776 0.44035156 0.44804105 0.47374721 0.45923297 0.460773
 0.47275333 0.5042749 ]",cosine_proximity_optimizers.Nadam-lr=0.003
-0.9960359392166138,0.07031636792014118,"[1.49780684 1.44693935 1.35704724 1.22523701 1.07118859 0.9300355
 0.74284261 0.71024284 0.61300025 0.61030172 0.68620738 0.6304884
 0.63645961 0.72845684 0.65506443 0.68333867 0.74426472 0.73110691
 0.74020969 0.74285251]","[1.2969401  1.21320186 1.09898056 0.96098425 0.81480661 0.67114954
 0.53172996 0.41082773 0.34750821 0.34663009 0.3713475  0.39759598
 0.41677498 0.4279162  0.44377122 0.46663974 0.45170058 0.45420083
 0.46262553 0.49710488]",cosine_proximity_optimizers.Nadam-lr=0.003
-0.9961272962888081,0.07354487827604914,"[1.54365437 1.50721888 1.40178325 1.30141412 1.14941254 0.99901755
 0.89208945 0.7639681  0.68154751 0.6122673  0.61331258 0.58298197
 0.58593659 0.58578276 0.5946049  0.61030119 0.68627011 0.70474014
 0.80183791 0.72642356]","[1.29086578 1.20146444 1.08246409 0.94997182 0.81190737 0.66874238
 0.52448568 0.40263162 0.34131109 0.32976827 0.34766592 0.37395432
 0.39652517 0.41377936 0.421885   0.44182186 0.43433748 0.43360448
 0.4403488  0.47274813]",cosine_proximity_optimizers.Nadam-lr=0.003
-0.9910266518592834,0.1762641118448967,"[0.79836145 0.76323093 0.87829977 1.06051138 1.24453063 1.46173685
 1.86730463 2.12285543 2.31404054 2.39940062 2.42053882 2.46668452
 2.41029486 2.44764918 2.56082476 2.54430172 2.5690206  2.67495996
 2.68091785 2.77752159]","[0.56986367 0.62417765 0.80984466 1.02863391 1.44283872 1.66965267
 1.91382055 2.16836669 2.31625733 2.45287175 2.54928957 2.69868939
 2.76951841 2.8266479  2.82526811 2.8438448  2.83112373 2.83765255
 2.86799853 2.83400348]",cosine_proximity_optimizers.Nadam-lr=0.003
-0.9948978878657023,0.06449855345955256,"[1.18269453 1.0707673  0.92620081 0.77063124 0.61609328 0.50694431
 0.44683653 0.45070751 0.5174928  0.62385397 0.68644965 0.71923232
 0.75310424 0.71186586 0.70868742 0.72646112 0.7475738  0.76204281
 0.81582796 0.82429192]","[1.00229493 0.88896111 0.74264661 0.58760113 0.44312413 0.34304075
 0.33206529 0.39116921 0.47507224 0.551608   0.60894634 0.65471394
 0.68826065 0.7156217  0.73226523 0.76150912 0.75021441 0.75146274
 0.75702785 0.77978177]",cosine_proximity_optimizers.Nadam-lr=0.003
-0.9959603966077168,0.06713596182949433,"[1.4599859  1.41952139 1.28167925 1.1338973  0.94016856 0.82440928
 0.7111948  0.64087361 0.59673517 0.71622042 0.74458525 0.76093692
 0.77351091 0.74890833 0.77230115 0.75581091 0.73892332 0.74526951
 0.70585741 0.7361663 ]","[1.08176679 0.98118545 0.84813645 0.6980195  0.54298841 0.4150567
 0.35782919 0.37094955 0.4208743  0.4734242  0.51129008 0.53270457
 0.54756982 0.55995596 0.578682   0.60721923 0.59542225 0.59549334
 0.60391104 0.63325841]",cosine_proximity_optimizers.Nadam-lr=0.003
-0.9964127070109049,0.054184095534826025,"[1.18067434 1.11126593 0.99102838 0.83990735 0.68027117 0.52616306
 0.39777094 0.36071624 0.34185219 0.35092773 0.39021424 0.39454032
 0.4044179  0.42011152 0.41101839 0.4078441  0.41289691 0.42188282
 0.42613988 0.44633455]","[1.18229775 1.08093492 0.94958766 0.80138919 0.64759328 0.50539324
 0.3920718  0.33044981 0.32601066 0.35250436 0.38445161 0.41295433
 0.43697052 0.45730029 0.46927715 0.50473351 0.49631252 0.49706285
 0.50325093 0.52440892]",cosine_proximity_optimizers.Nadam-lr=0.003
-0.9964856066703797,0.06476730107448557,"[1.39747849 1.33514856 1.2427378  1.11091455 0.96660276 0.83235356
 0.68067154 0.57305333 0.51278192 0.45100864 0.45992186 0.45746521
 0.45087209 0.45203381 0.45075904 0.45033007 0.50067655 0.47213445
 0.47995931 0.49448481]","[1.19813215 1.10073569 0.97612427 0.83938346 0.69337807 0.54785851
 0.41661345 0.33521088 0.3282856  0.35441003 0.38756887 0.41443599
 0.43323256 0.4449002  0.45883342 0.47884397 0.46985469 0.47611221
 0.48194142 0.51140042]",cosine_proximity_optimizers.Nadam-lr=0.003
-0.9966728653907776,0.05230461134915291,"[1.17745242 1.11355348 1.02085153 0.90234656 0.74954859 0.58741322
 0.43671853 0.32724079 0.26778439 0.24769856 0.26206921 0.28350345
 0.30208774 0.32004899 0.33260278 0.34636247 0.36179518 0.36185591
 0.3709194  0.39586246]","[1.27814714 1.19157291 1.07864717 0.94490685 0.79734862 0.65204086
 0.51454579 0.39809487 0.3281693  0.31341295 0.33831692 0.36753668
 0.38496808 0.39372182 0.40035384 0.42177366 0.41633968 0.4239296
 0.43412845 0.46146102]",cosine_proximity_optimizers.Nadam-lr=0.003
-0.9966531890233358,0.05783437453837178,"[1.45195232 1.38892279 1.24634865 1.095045   0.97105388 0.79040975
 0.65179735 0.49377899 0.42896416 0.37092225 0.34155885 0.34012387
 0.34767315 0.34907917 0.3583719  0.37290893 0.43281626 0.41522537
 0.43105917 0.45255227]","[1.2958503  1.20019674 1.08050348 0.95101778 0.81661802 0.68296815
 0.54908001 0.42939797 0.35510415 0.330725   0.33843663 0.3577811
 0.36804963 0.37311309 0.37931624 0.40483955 0.39668412 0.40047402
 0.40777271 0.44148731]",cosine_proximity_optimizers.Nadam-lr=0.003
-0.9964595551490784,0.06797050183667674,"[1.45885056 1.39701386 1.30567926 1.19434591 1.0622821  0.92794897
 0.79721313 0.70544572 0.66061906 0.62277657 0.6205435  0.628077
 0.6247981  0.63046117 0.64391037 0.64861752 0.67455084 0.69924874
 0.71607215 0.74694842]","[1.26642355 1.169688   1.05445512 0.92478238 0.78497133 0.64661702
 0.51507193 0.40618087 0.350667   0.34168287 0.35845933 0.38270362
 0.39968353 0.41218918 0.4217189  0.445854   0.43137754 0.43033234
 0.43822027 0.46353948]",cosine_proximity_optimizers.Nadam-lr=0.003
-0.9966192558606466,0.05381683157693853,"[1.26447248 1.19696702 1.1185285  0.98629773 0.83557469 0.6886151
 0.52228982 0.39782181 0.32838468 0.24442007 0.25079614 0.26623393
 0.27271635 0.28022502 0.29413657 0.30482824 0.3669615  0.38771299
 0.39332149 0.39369364]","[1.28544979 1.19558435 1.08250365 0.94677486 0.79412219 0.64374545
 0.505337   0.39498599 0.34283474 0.33814172 0.35818549 0.37644166
 0.38832646 0.39835724 0.41023279 0.43278411 0.42019629 0.42559544
 0.43495626 0.46210667]",cosine_proximity_optimizers.Nadam-lr=0.003
-0.9965648248990376,0.05708073124901212,"[1.33088647 1.24966464 1.1488376  1.01605078 0.8465349  0.67594584
 0.51766724 0.38418899 0.31288166 0.2766134  0.30569479 0.35164177
 0.31908187 0.31442991 0.37050602 0.37138234 0.37412538 0.37209631
 0.39551866 0.41041073]","[1.31053812 1.21656391 1.10832938 0.98366143 0.83978981 0.68783971
 0.54151525 0.4157402  0.34383546 0.31757409 0.32779732 0.35103098
 0.36868563 0.37829052 0.39014608 0.4175889  0.41430833 0.4154031
 0.42780426 0.45120846]",cosine_proximity_optimizers.Nadam-lr=0.003
-0.99652689854304,0.06040141579602654,"[1.3334553  1.27028    1.19781193 1.07663698 0.92461993 0.78345005
 0.64229013 0.54092829 0.50370869 0.49131365 0.49518983 0.51287083
 0.52231637 0.50646306 0.49932982 0.51641675 0.54369657 0.54642367
 0.52244969 0.6029993 ]","[1.29167216 1.19776094 1.07873534 0.94078959 0.78582661 0.62777046
 0.48086141 0.36837374 0.3262948  0.32529235 0.35062215 0.3776516
 0.39333456 0.40287924 0.41946292 0.43988473 0.43752166 0.44396435
 0.45087421 0.47662992]",cosine_proximity_optimizers.Nadam-lr=0.003
