0.022679999629656472,"[1.55010568 1.56790642 1.57756275 1.58005904 1.56309981 1.52365888
 1.49718489 1.48698727 1.44542321 1.41429501 1.37723511 1.34906996
 1.30841114 1.25424513 1.18458458 1.21615801 1.15382029 1.08437239
 0.93712626 0.8030595  0.67931165 0.52727394 0.42533344 0.37580431
 0.37979682]","[1.60967741 1.6053585  1.60677014 1.59095422 1.57822504 1.54903538
 1.51209001 1.47360349 1.42894107 1.36216361 1.31022883 1.29604705
 1.22599637 1.17817261 1.11078532 1.04309773 0.97984713 0.90173375
 0.80999685 0.65597706 0.54747828 0.43223361 0.33784994 0.27936012
 0.32626101]","[1.34137725 1.31071208 1.29267422 1.26325545 1.21957469 1.1480069
 1.07408685 0.99258889 0.89844957 0.76979786 0.66112113 0.52367972
 0.3838708  0.32239547 0.361252   0.47270993 0.60493221 0.75046402
 0.85722102 0.94899156 1.02161364 1.0944541  1.1705585  1.2304105
 1.28685751]",0.009611927,0.0022113246,mean_absolute_error_optimizers.Adam-
0.018674677232901254,"[1.74132976 1.7051571  1.72560125 1.66074718 1.64321319 1.6198815
 1.59973583 1.56530298 1.51319438 1.4800062  1.3868059  1.34039933
 1.30332298 1.27336822 1.23073938 1.18774746 1.13637704 1.03096391
 0.95674223 0.91566975 0.80163682 0.71827215 0.57071523 0.48470391
 0.50792156]","[1.59320915 1.58789489 1.61357468 1.56855206 1.55349981 1.52384366
 1.48767801 1.45087123 1.40789418 1.34425036 1.29413796 1.28296562
 1.21855481 1.1736012  1.10857731 1.04298224 0.9813538  0.90516849
 0.81537788 0.66223639 0.54888678 0.42660558 0.32097019 0.23817417
 0.27502205]","[1.31341815 1.29027913 1.27480103 1.24660525 1.20294949 1.13332375
 1.06245441 0.984846   0.89508719 0.77019948 0.66117315 0.52238365
 0.36995195 0.28978872 0.31587837 0.4301443  0.57046254 0.71759661
 0.82724395 0.92006763 0.99668386 1.06980376 1.14706278 1.20766536
 1.26474225]",0.0094321,0.0019680895,mean_absolute_error_optimizers.Adam-
0.01803825645148754,"[1.56836506 1.57136955 1.5858776  1.57132366 1.55087917 1.54021451
 1.48883335 1.4416895  1.41518541 1.35013618 1.32106148 1.29142509
 1.22408578 1.17404611 1.11913558 1.04752533 0.97410865 0.92930745
 0.8352711  0.69548362 0.58688859 0.51557673 0.37979596 0.31024015
 0.34737335]","[1.56722531 1.55755892 1.55183018 1.52854089 1.50968239 1.4785322
 1.44153104 1.40476501 1.36246268 1.29940821 1.2517996  1.24435527
 1.18264937 1.14218314 1.08282935 1.02204733 0.96540573 0.89463702
 0.80884235 0.65895972 0.55050988 0.43422099 0.33627762 0.26165462
 0.29080909]","[1.30144783 1.26960991 1.24905913 1.21757563 1.17434864 1.10642999
 1.03751984 0.9626668  0.87517334 0.75444903 0.65126906 0.51862538
 0.37677144 0.31001482 0.34300387 0.45230671 0.58916697 0.73290867
 0.83739523 0.92662208 0.9989565  1.07002701 1.1458449  1.20660027
 1.26359337]",0.009654428,0.0022127545,mean_absolute_error_optimizers.Adam-
0.017313250437378882,"[1.24994559 1.19046365 1.16502932 1.1828051  1.15267837 1.11113542
 1.1156179  1.10978369 1.01981177 0.95805058 0.929245   0.89780613
 0.84531371 0.82400296 0.78844733 0.75415904 0.65015633 0.64482857
 0.59910673 0.57543451 0.56985    0.5645151  0.61515479 0.65268665
 0.69499076]","[1.32311933 1.29188568 1.27028292 1.26212509 1.23067521 1.18546427
 1.14255783 1.10115322 1.05184655 0.98960425 0.94318833 0.86380123
 0.82074052 0.78244319 0.7342678  0.69057929 0.63901386 0.60410659
 0.57330911 0.56885346 0.54707939 0.55350801 0.58796319 0.627645
 0.68777809]","[1.18271738 1.13760427 1.10632735 1.07314664 1.02179963 0.94765188
 0.87479818 0.80028752 0.71783733 0.61721955 0.544179   0.44740619
 0.38635924 0.39346608 0.45212444 0.54727906 0.6564583  0.78146636
 0.87800552 0.97080888 1.0341342  1.09939183 1.1689438  1.22447383
 1.27651682]",0.0054883915,0.0017596086,mean_absolute_error_optimizers.Adam-
0.015550892894466718,"[1.23031457 1.21558148 1.1347522  1.08717451 1.04423197 0.99776496
 0.95923714 0.94538369 0.85540688 0.84016729 0.75298321 0.73506646
 0.71202655 0.6827863  0.61618172 0.61740737 0.62429175 0.69838792
 0.71688433 0.70696107 0.73959261 0.79257625 0.83027495 0.88116218
 0.92086799]","[1.17152268 1.11921231 1.07950181 1.05409884 1.01270102 0.95276645
 0.89881349 0.84774986 0.79072785 0.72074758 0.67870291 0.60986484
 0.57642937 0.55671767 0.53883291 0.53191566 0.53040868 0.56048433
 0.59427266 0.64982033 0.68464984 0.73562164 0.79749965 0.85308504
 0.91077885]","[1.12506689 1.071067   1.02995408 0.99013878 0.93618118 0.85995419
 0.78649113 0.71354966 0.63476679 0.54015003 0.486291   0.41803678
 0.39145716 0.41960379 0.48373923 0.57239638 0.67282382 0.79423546
 0.88833733 0.97917074 1.04102917 1.10503768 1.17345724 1.22886858
 1.28033309]",0.0040446147,0.0026745363,mean_absolute_error_optimizers.Adam-
0.014763956325749556,"[1.22383296 1.18613078 1.15079577 1.10412393 1.05804515 1.00089517
 0.94400468 0.87486655 0.80414906 0.7854068  0.73046303 0.67756149
 0.67320095 0.64893137 0.60918148 0.6395558  0.70051625 0.65557561
 0.72465884 0.76124688 0.80142732 0.84617287 0.89228803 0.94657855
 1.001784  ]","[1.14145195 1.08578279 1.0416208  1.01034461 0.96503487 0.90158178
 0.8444397  0.79051307 0.73237606 0.66139791 0.62383289 0.56120471
 0.53629357 0.52464254 0.5179698  0.52349365 0.5366583  0.58481979
 0.62889659 0.68924661 0.72863113 0.78120821 0.84254697 0.89591324
 0.95073379]","[1.12028851 1.06520262 1.02120359 0.97895753 0.92394143 0.84730492
 0.77370226 0.70111006 0.62521997 0.53381462 0.48763935 0.42882871
 0.41045242 0.44152402 0.50331985 0.58761073 0.68637823 0.80870718
 0.90151344 0.98993435 1.05172145 1.11499446 1.1819346  1.23480848
 1.28425103]",0.0039234543,0.0028305673,mean_absolute_error_optimizers.Adam-
0.014301356424887975,"[1.21892584 1.14593411 1.09318063 1.04644092 1.0047943  0.96386755
 0.92635181 0.91029766 0.80244752 0.76842029 0.75969335 0.74109129
 0.72740048 0.72055027 0.76611434 0.76954281 0.7761843  0.82006954
 0.85229244 0.86430206 0.91993592 0.93245064 0.99800031 1.05644061
 1.10040813]","[1.0985053  1.04001858 0.99163917 0.95628466 0.9081491  0.84304097
 0.78635166 0.73325723 0.67616549 0.60742281 0.5784334  0.52219745
 0.50563427 0.50075763 0.49811731 0.50687589 0.52003553 0.57311388
 0.61559964 0.66888916 0.70257243 0.74921738 0.80483008 0.85299429
 0.90353429]","[1.09266707 1.03470349 0.98588866 0.94201659 0.88724772 0.81263815
 0.74204828 0.67255649 0.59856958 0.50966843 0.46836142 0.4116969
 0.3950104  0.42306779 0.47900048 0.56046831 0.6567221  0.78021035
 0.87233339 0.95830415 1.02127037 1.08604412 1.15544594 1.21074262
 1.26181093]",0.0045209397,0.0037043947,mean_absolute_error_optimizers.Adam-
0.013822622664272786,"[0.95219019 0.90437152 0.8652691  0.82491813 0.77158104 0.72886236
 0.69912809 0.65635032 0.62343522 0.58242857 0.57772928 0.57204465
 0.54498367 0.52098323 0.56023121 0.56681833 0.58557901 0.61533379
 0.60645479 0.66046869 0.67339975 0.69678416 0.71784097 0.73758144
 0.79744356]","[1.03919996 0.97063991 0.91447725 0.87473513 0.82568128 0.75901054
 0.70643159 0.6591317  0.61221096 0.55833752 0.55054403 0.51280671
 0.51411319 0.52022866 0.51942473 0.52443243 0.53142102 0.57491814
 0.60529074 0.64351434 0.66212739 0.69343027 0.73801823 0.77876971
 0.82565297]","[1.03955809 0.96960841 0.91069719 0.86162651 0.80670766 0.73451619
 0.6722635  0.61389669 0.55513785 0.48477747 0.46656648 0.42853168
 0.42390665 0.44980342 0.49595281 0.56648118 0.65538426 0.77411357
 0.86473609 0.95224463 1.01850953 1.08631218 1.15843294 1.21651907
 1.26953998]",0.003884066,0.0038144225,mean_absolute_error_optimizers.Adam-
0.013206415638327598,"[1.10199364 1.0263526  0.92481433 0.87869105 0.81344206 0.81751598
 0.74046317 0.64593761 0.60237912 0.60363226 0.61508752 0.59560229
 0.59401824 0.59275368 0.61010117 0.66053822 0.67384403 0.68016128
 0.7343526  0.78858243 0.79903379 0.76060695 0.80544001 0.85169775
 0.8957026 ]","[0.97522937 0.89411317 0.82595791 0.77776514 0.72315331 0.65610266
 0.60540743 0.56423243 0.52926525 0.49775512 0.52100339 0.51284377
 0.53870839 0.55626315 0.56042578 0.56462195 0.5600875  0.59425867
 0.60888553 0.62704709 0.62227761 0.6344741  0.6644837  0.6958925
 0.74372824]","[0.975497   0.89016315 0.81586603 0.75596765 0.6949267  0.62447823
 0.56973637 0.52734899 0.49076195 0.45187904 0.46798284 0.45788443
 0.47141486 0.49482908 0.52883216 0.58516602 0.65946587 0.77480824
 0.86190914 0.94673865 1.01301115 1.08339882 1.15928243 1.22035953
 1.27788032]",0.004874726,0.0051007927,mean_absolute_error_optimizers.Adam-
0.012422429422537486,"[0.96326296 0.88405592 0.85972266 0.79722013 0.70778698 0.65049768
 0.60997949 0.58926716 0.6203961  0.61273411 0.68485388 0.6526669
 0.62134863 0.64690016 0.65365338 0.66016289 0.66858784 0.70313878
 0.73908001 0.74270412 0.73109961 0.7346669  0.74188492 0.74096657
 0.72812617]","[0.91795377 0.82813514 0.75195082 0.69954315 0.64385621 0.58120561
 0.54006861 0.51052658 0.49016419 0.47733249 0.51585348 0.5162006
 0.54666986 0.56679203 0.5692388  0.56829724 0.55717671 0.57865036
 0.58074935 0.58566016 0.5649045  0.56073812 0.576506   0.59521265
 0.63899451]","[0.91737232 0.81895683 0.73191745 0.66485657 0.60146386 0.53922354
 0.50172962 0.47968936 0.46646988 0.45216303 0.4826092  0.47497737
 0.48536927 0.50052539 0.52420172 0.57317826 0.64513538 0.76489462
 0.85652952 0.94508735 1.01595791 1.09038631 1.16956217 1.23309158
 1.29147346]",0.00473844,0.005366234,mean_absolute_error_optimizers.Adam-
0.0116796158477664,"[0.91684738 0.81491792 0.72785393 0.64555936 0.56831308 0.53036332
 0.51035907 0.47730047 0.47820489 0.48401533 0.51799112 0.53355858
 0.55422256 0.57515074 0.57831724 0.58763336 0.59900496 0.61252402
 0.59861367 0.59573201 0.57980048 0.55708873 0.54041901 0.53352658
 0.59534363]","[0.8644169  0.76477531 0.67926472 0.62295791 0.56601657 0.51206567
 0.48097282 0.46591419 0.4616951  0.4634227  0.51478922 0.52462176
 0.55899396 0.57791097 0.57879123 0.57349931 0.55617863 0.56744701
 0.55978303 0.55407847 0.52394599 0.51110196 0.52049844 0.5365216
 0.58293378]","[0.86209322 0.7488127  0.6477686  0.57562891 0.51143567 0.46181423
 0.44347134 0.44431198 0.45132178 0.45659229 0.50070273 0.50112584
 0.5107228  0.51735342 0.52905421 0.56609759 0.62973722 0.74429045
 0.8327969  0.9205786  0.99164565 1.06710276 1.14791666 1.21255999
 1.27325252]",0.0049238503,0.005732245,mean_absolute_error_optimizers.Adam-
0.011042121929426989,"[0.6948467  0.64223222 0.57911592 0.53954191 0.44803846 0.43431251
 0.43490232 0.42910719 0.40855477 0.36800139 0.40894086 0.42910584
 0.46399793 0.46904321 0.46564412 0.46854414 0.46770938 0.47191662
 0.48375204 0.41884052 0.41409075 0.39798719 0.37910932 0.42166921
 0.41620828]","[0.81500323 0.71366513 0.62548111 0.56778944 0.51419026 0.47152877
 0.45456876 0.45278159 0.4614599  0.47115474 0.52400508 0.53130386
 0.56117747 0.5782485  0.57654448 0.56877107 0.55106302 0.55525561
 0.54088578 0.53213773 0.50210186 0.4866875  0.49113007 0.50386728
 0.55019026]","[0.81411225 0.69600579 0.59134809 0.5164512  0.45648679 0.42191077
 0.42212021 0.43713273 0.4568612  0.47231069 0.51904387 0.51800596
 0.52150839 0.52118441 0.52347591 0.55141402 0.61351269 0.72562643
 0.81572256 0.90571795 0.9801978  1.05702969 1.13823462 1.20251646
 1.26276915]",0.004212036,0.005014529,mean_absolute_error_optimizers.Adam-
0.010583318260808786,"[0.8145072  0.72137793 0.60255543 0.52638798 0.4612655  0.44522583
 0.39764651 0.40485463 0.45036742 0.41422152 0.48549131 0.50187951
 0.51424116 0.51870236 0.51883867 0.52373171 0.52115152 0.50546746
 0.4800418  0.46144097 0.46159579 0.40565306 0.46605384 0.47681231
 0.55622437]","[0.77588576 0.66623719 0.57083334 0.51340615 0.46066737 0.43305481
 0.43468897 0.44778024 0.46561043 0.47943676 0.53320449 0.53478758
 0.56172591 0.57410695 0.56786733 0.55559548 0.53388064 0.53926249
 0.52279768 0.51237151 0.48575079 0.47536499 0.48507948 0.50094652
 0.55040901]","[0.7764186  0.65273712 0.54484922 0.47370957 0.41675387 0.39890566
 0.41506826 0.44342024 0.47364189 0.50023867 0.55370098 0.55819014
 0.56980015 0.57266502 0.57226072 0.59003004 0.64084586 0.74496417
 0.82821842 0.91359268 0.98579633 1.06043286 1.1404714  1.20410861
 1.26476633]",0.0045584952,0.0056441803,mean_absolute_error_optimizers.Adam-
0.010234281897544861,"[0.67137437 0.56831045 0.4946799  0.41722263 0.37034684 0.38812498
 0.40988543 0.40691429 0.41841172 0.47058705 0.49717863 0.53692903
 0.56012641 0.56000233 0.56464568 0.5682861  0.56496509 0.5450089
 0.51322669 0.51605047 0.51562637 0.50717002 0.49850464 0.50938554
 0.53856903]","[0.74294696 0.63440012 0.53440851 0.47787645 0.43214138 0.42116105
 0.43940112 0.46212618 0.48347686 0.49521129 0.54083472 0.53261654
 0.54910395 0.55328953 0.5410457  0.52505801 0.50212544 0.50803307
 0.49028968 0.4789923  0.45197341 0.44525198 0.46028431 0.47923367
 0.53150553]","[0.74390664 0.62113785 0.51063604 0.44185786 0.39278932 0.39132441
 0.42237944 0.46011018 0.49827494 0.53251941 0.59067777 0.600695
 0.612715   0.61335365 0.60383058 0.60738037 0.64252952 0.73472115
 0.81211216 0.89537281 0.96739156 1.0450528  1.128701   1.19470928
 1.25665758]",0.0055835154,0.006614621,mean_absolute_error_optimizers.Adam-
0.009801578546563784,"[0.66282057 0.57329115 0.49741373 0.42380447 0.37673379 0.37988144
 0.39867598 0.42244018 0.43389669 0.44449997 0.47171354 0.49482239
 0.50863104 0.50038787 0.50065713 0.51480113 0.51281993 0.5112529
 0.53218607 0.51085767 0.52194008 0.5247633  0.52193741 0.55332541
 0.62406636]","[0.71254058 0.5972912  0.49332742 0.43776195 0.40097663 0.40256803
 0.43006449 0.45766578 0.47727505 0.48250176 0.52376923 0.50749291
 0.51770728 0.51788084 0.50584723 0.49509632 0.47866338 0.48627452
 0.46974803 0.45981064 0.43537704 0.43245892 0.45002634 0.47483683
 0.53370692]","[0.71431201 0.58715019 0.47755255 0.4131677  0.37197101 0.37727679
 0.40974744 0.44599419 0.47956212 0.51015949 0.56830346 0.57961728
 0.59405472 0.59693504 0.59029042 0.59901552 0.63983903 0.73471619
 0.81425102 0.89976402 0.9743774  1.05363246 1.13787612 1.20379674
 1.265515  ]",0.0056939507,0.0069582276,mean_absolute_error_optimizers.Adam-
0.009576239726195732,"[0.90755889 0.7734512  0.6614139  0.57413273 0.52231556 0.57389897
 0.63203926 0.66929225 0.65223538 0.6699119  0.64387126 0.6545138
 0.61414044 0.60116924 0.57273275 0.60083822 0.60140985 0.62906352
 0.60910194 0.57869295 0.56511662 0.5625302  0.53593902 0.53194205
 0.58990444]","[0.69092641 0.57548982 0.46922052 0.4143439  0.38008972 0.39074472
 0.42649114 0.45749217 0.47837387 0.48032986 0.518497   0.49495136
 0.49986553 0.49635355 0.48357352 0.47518036 0.46538777 0.4713405
 0.45449631 0.44377469 0.41966548 0.41366829 0.42925365 0.45216543
 0.5130391 ]","[0.6903575  0.56086061 0.44986985 0.38602631 0.34845295 0.36504338
 0.40737078 0.45020223 0.48936794 0.5266572  0.58899677 0.60231906
 0.61700599 0.61524195 0.59977556 0.59733009 0.63313975 0.72529839
 0.80440516 0.88828846 0.96574765 1.04701505 1.13209177 1.19874844
 1.26086022]",0.0065825796,0.007354017,mean_absolute_error_optimizers.Adam-
0.009230212535709144,"[0.63645796 0.54038699 0.44627269 0.36671831 0.34486119 0.35331637
 0.37812856 0.40109282 0.42347747 0.44031403 0.47786979 0.47561216
 0.47618856 0.4795737  0.53284001 0.63091458 0.52094247 0.51666488
 0.49663522 0.4560053  0.43469697 0.47400678 0.47798939 0.45933588
 0.5103119 ]","[0.67464443 0.55927805 0.4534592  0.39964427 0.3709835  0.38894225
 0.42752467 0.45762496 0.47580081 0.47243256 0.50791077 0.48376628
 0.49023288 0.48801277 0.47707061 0.46922941 0.45782046 0.46701524
 0.44901226 0.43747105 0.416715   0.41671851 0.4356961  0.45903903
 0.51673435]","[0.67235505 0.543196   0.43502643 0.3748026  0.34355392 0.36579351
 0.40994831 0.45299786 0.49316334 0.53088516 0.5980876  0.61773868
 0.64130729 0.64795046 0.63836368 0.63559128 0.66393216 0.74774335
 0.81517649 0.89256747 0.96568333 1.04626939 1.13263848 1.20095717
 1.26459802]",0.005871839,0.007181154,mean_absolute_error_optimizers.Adam-
0.009016159313420454,"[0.65141388 0.58677867 0.51245507 0.44481327 0.38882673 0.41057388
 0.45821005 0.4781899  0.48699614 0.50644344 0.48206751 0.52320719
 0.51502931 0.48226455 0.47276043 0.48821885 0.49011743 0.46365542
 0.44527651 0.42943563 0.42566149 0.5264784  0.5156676  0.54885596
 0.55201024]","[0.6615957  0.54825519 0.44112418 0.39034563 0.36783144 0.39100343
 0.43109714 0.46131563 0.47580034 0.46759599 0.49345741 0.46407833
 0.46491657 0.46061813 0.45357135 0.45363932 0.44871629 0.46523146
 0.45028002 0.43662724 0.41217402 0.40954647 0.42525714 0.44925293
 0.50996041]","[0.65784462 0.53128164 0.42388751 0.36815556 0.34145438 0.36506545
 0.40660751 0.44402019 0.47654991 0.51014821 0.57289093 0.59414145
 0.61956903 0.62897109 0.6238283  0.62749135 0.66132967 0.74400128
 0.8164764  0.89852022 0.97230078 1.05243409 1.13712656 1.20410271
 1.26776392]",0.005361975,0.0066425605,mean_absolute_error_optimizers.Adam-
0.008878472602615754,"[0.82992388 0.72491581 0.64661409 0.56557246 0.55306643 0.59382202
 0.62474016 0.63177508 0.63167305 0.62502023 0.64616021 0.61242653
 0.64196569 0.62030562 0.62180563 0.63738727 0.61623602 0.61839811
 0.61245259 0.59522602 0.59816476 0.61895028 0.66916167 0.68130741
 0.73780253]","[0.63802961 0.52397837 0.41648454 0.37024773 0.35492757 0.3839496
 0.42744898 0.45718142 0.46983705 0.4589909  0.48160931 0.44834571
 0.44882911 0.44617228 0.43933214 0.44032868 0.43645233 0.45158879
 0.43477183 0.41886326 0.39429128 0.39021353 0.40742319 0.43543265
 0.49881567]","[0.63473186 0.50818083 0.40106509 0.35015511 0.33068578 0.35947375
 0.40468941 0.44280536 0.47593589 0.51004336 0.57689148 0.59891531
 0.62886461 0.63932314 0.62947599 0.62573142 0.65314944 0.73318635
 0.80488478 0.887777   0.96461481 1.0468421  1.13488622 1.20400247
 1.26891329]",0.0065950686,0.0083355205,mean_absolute_error_optimizers.Adam-
0.008618299501637618,"[0.77978674 0.61957764 0.50801304 0.44468808 0.41762839 0.46201399
 0.50967186 0.50161725 0.49602846 0.49673905 0.50811373 0.50353506
 0.47282826 0.46842932 0.47510088 0.47885734 0.48089398 0.48456492
 0.47025526 0.42131903 0.42609921 0.43368668 0.46361325 0.47026208
 0.51499793]","[0.62565931 0.50957974 0.40179689 0.35583293 0.34312333 0.37570424
 0.42206591 0.45201841 0.46356077 0.45524698 0.48081272 0.45082945
 0.45474434 0.45230935 0.44650162 0.44588976 0.43962187 0.45002964
 0.43134481 0.41560126 0.39545293 0.40396754 0.43180978 0.46632568
 0.53155332]","[0.62390872 0.49660492 0.38907997 0.340748   0.32853085 0.36497441
 0.4174948  0.46166562 0.49952884 0.54314189 0.61849617 0.6510772
 0.6894201  0.70587592 0.70032498 0.69179822 0.70563712 0.77218925
 0.82993948 0.90104406 0.97232367 1.05270934 1.13926066 1.20832841
 1.27329496]",0.005968355,0.007160933,mean_absolute_error_optimizers.Adam-
0.00837042630588015,"[0.79718616 0.75120086 0.67706976 0.61497871 0.57314455 0.60572379
 0.61657276 0.64231004 0.66837131 0.65179676 0.70588066 0.63972521
 0.60639837 0.56280502 0.55793053 0.56592175 0.58490826 0.59790486
 0.64903058 0.58838949 0.57084894 0.6057276  0.65563665 0.65651707
 0.72428109]","[0.61196653 0.49892107 0.38994947 0.34920195 0.34424697 0.37893333
 0.42268141 0.44992128 0.45741309 0.4414682  0.46045265 0.42365063
 0.42364618 0.42055565 0.41618186 0.41950556 0.41625623 0.42582721
 0.40402965 0.38671623 0.36548526 0.37278355 0.40455643 0.44464397
 0.51540156]","[0.60763934 0.485063   0.37889976 0.33940711 0.3356456  0.37106028
 0.41553993 0.44991041 0.47787046 0.51155238 0.58181944 0.61331388
 0.65134174 0.66822351 0.6618956  0.65442475 0.67401896 0.74678658
 0.8104801  0.8855722  0.95957691 1.04047386 1.12779825 1.1969844
 1.26223546]",0.0053634895,0.0067131855,mean_absolute_error_optimizers.Adam-
0.008226583595077197,"[0.74556666 0.62255234 0.54838744 0.44946922 0.43690732 0.39795485
 0.4570099  0.48827879 0.49206    0.52287549 0.52953431 0.51786272
 0.55340033 0.61009454 0.6105142  0.62771972 0.62398144 0.57025596
 0.5619246  0.50743269 0.50902157 0.52092763 0.5450487  0.60552588
 0.64939057]","[0.5962489  0.48359406 0.37334704 0.33158747 0.32902792 0.36886546
 0.41598327 0.44653651 0.45747694 0.44457721 0.4641742  0.42711046
 0.42616609 0.4232342  0.42325914 0.4311261  0.43065734 0.43540844
 0.40710102 0.38358576 0.35780036 0.36432236 0.39962517 0.44956041
 0.52939786]","[0.59172111 0.46847227 0.36114566 0.32026095 0.31650145 0.35402149
 0.39669493 0.42617124 0.44773626 0.47489478 0.54176186 0.56901766
 0.60133788 0.60939336 0.59500745 0.58738117 0.61766251 0.7043225
 0.78384084 0.87028935 0.95085442 1.03352465 1.12035979 1.18867065
 1.25410878]",0.0071060937,0.008949199,mean_absolute_error_optimizers.Adam-
0.00810270624856154,"[0.62117465 0.54587387 0.43483842 0.38009028 0.38361383 0.410297
 0.45471236 0.48556783 0.51905465 0.5105785  0.51338945 0.46993789
 0.49466993 0.46999947 0.40896529 0.43850736 0.46702392 0.43685259
 0.41359205 0.36927582 0.396273   0.37636224 0.47831849 0.54421828
 0.66081532]","[0.57600939 0.46708401 0.35969917 0.32383818 0.32274152 0.36113428
 0.40434441 0.430969   0.43832867 0.42412383 0.44452086 0.41019478
 0.41188128 0.41008085 0.40803754 0.41233616 0.40667674 0.41054885
 0.38285921 0.35946881 0.34437424 0.36791397 0.41798505 0.47688229
 0.55906636]","[0.57395508 0.4557617  0.35076614 0.31651614 0.31792706 0.35713847
 0.40088994 0.43263307 0.45836622 0.49273676 0.56532483 0.59904243
 0.64125318 0.65817916 0.650143   0.64198535 0.66047889 0.73308493
 0.79988693 0.87903858 0.95263165 1.0329673  1.12001582 1.19028658
 1.25691723]",0.0066891694,0.008565704,mean_absolute_error_optimizers.Adam-
0.007904443764438232,"[0.60973644 0.47170691 0.46339275 0.42671534 0.4277229  0.47133433
 0.54968463 0.5554595  0.50316235 0.46769734 0.45770398 0.4511669
 0.4464424  0.46183059 0.43189058 0.45188237 0.45422704 0.44891139
 0.41990205 0.41636777 0.46374032 0.43221879 0.51076624 0.49659493
 0.564591  ]","[0.56215396 0.45518766 0.35202308 0.32385199 0.32737446 0.36333664
 0.40437831 0.43064326 0.43737133 0.42212045 0.43939825 0.40382648
 0.4076397  0.40607003 0.40344138 0.40919945 0.40357186 0.40758127
 0.37919998 0.35618272 0.33980784 0.36493254 0.41662438 0.47458396
 0.55794105]","[0.56205429 0.44652077 0.34462421 0.31730117 0.3238026  0.36218091
 0.40497774 0.43648201 0.46073902 0.4934697  0.56642028 0.59958468
 0.64280745 0.65988145 0.65150123 0.64460856 0.66363031 0.74228253
 0.80885233 0.88477117 0.95722927 1.03605521 1.12131026 1.18934326
 1.25534612]",0.0054197223,0.006571805,mean_absolute_error_optimizers.Adam-
0.00781082243223985,"[0.48507459 0.41073392 0.3336437  0.30882243 0.3105019  0.35150277
 0.37549031 0.3935392  0.397881   0.40128945 0.39446781 0.39033576
 0.39362599 0.39994204 0.4062418  0.47309222 0.47044271 0.46296099
 0.44171496 0.41079077 0.40386974 0.41253387 0.48434764 0.59972227
 0.58347357]","[0.54444923 0.43866207 0.33547572 0.31048155 0.31870556 0.35684347
 0.39703578 0.42251496 0.42841236 0.40813386 0.42639027 0.3894867
 0.39225991 0.38910757 0.3878155  0.394386   0.39110183 0.39343449
 0.36368315 0.33993321 0.32653803 0.35572401 0.4096456  0.47205205
 0.55851954]","[0.54583136 0.43232631 0.33060086 0.30782659 0.32062708 0.36127399
 0.40365444 0.43483783 0.45867061 0.48836357 0.56342184 0.60162264
 0.64610088 0.66605561 0.65867014 0.64613525 0.66231197 0.73567807
 0.80121275 0.87543311 0.95055668 1.03205085 1.11892091 1.18898698
 1.2556648 ]",0.005515757,0.007182687,mean_absolute_error_optimizers.Adam-
0.007716544420768817,"[0.52008787 0.43031908 0.31366831 0.25507353 0.26815633 0.31158793
 0.34737231 0.36686348 0.40137014 0.37942269 0.37108009 0.37355564
 0.36639516 0.36748162 0.40108762 0.40595508 0.39776816 0.38661953
 0.35787411 0.30350236 0.30387311 0.3206193  0.35027728 0.39829263
 0.4737119 ]","[0.53453018 0.42968445 0.33099381 0.30796718 0.32016697 0.36076573
 0.40244403 0.42888708 0.4361411  0.41453598 0.42997363 0.38963734
 0.39011534 0.38606303 0.38421268 0.39272308 0.39037877 0.39687553
 0.3686606  0.34301838 0.32631025 0.34821327 0.39648553 0.45869406
 0.54620534]","[0.53339154 0.4227106  0.32551142 0.30425133 0.31941368 0.36040809
 0.40095283 0.42818591 0.44877359 0.47580612 0.54966894 0.58587786
 0.63638358 0.66016419 0.65612628 0.6462847  0.66374956 0.73962973
 0.8064256  0.88421902 0.96177547 1.04284663 1.1271535  1.19469709
 1.25917002]",0.0064383117,0.008154457,mean_absolute_error_optimizers.Adam-
0.007437859111775955,"[0.67539432 0.57543215 0.52101731 0.50524049 0.52572196 0.57309282
 0.62128013 0.647694   0.63075637 0.5855495  0.53673159 0.52660403
 0.52702714 0.52904419 0.51315251 0.52026353 0.54949768 0.57185816
 0.54147712 0.46935425 0.39493768 0.40905675 0.45113171 0.54950112
 0.57122908]","[0.52410412 0.42349365 0.32711015 0.31262058 0.32477797 0.36181908
 0.40194611 0.42715788 0.4320607  0.41514957 0.43306689 0.397393
 0.39619394 0.39131017 0.38847571 0.39531984 0.39336372 0.40110431
 0.37098618 0.34209551 0.32484437 0.35052234 0.40260638 0.46422461
 0.54909413]","[0.52520777 0.41976393 0.32621802 0.31552957 0.33281082 0.37152912
 0.41353056 0.44363376 0.46572376 0.498852   0.57602024 0.62217419
 0.67905045 0.71143435 0.7142912  0.70424946 0.71404365 0.77499609
 0.83001909 0.89317184 0.96421869 1.04358682 1.13024295 1.19902403
 1.26484324]",0.007388306,0.009434838,mean_absolute_error_optimizers.Adam-
0.007318212576210499,"[0.59748112 0.51002087 0.41733855 0.38639028 0.38153393 0.41542464
 0.46826681 0.5238131  0.49309119 0.50015528 0.46728146 0.47824225
 0.46340149 0.44024368 0.47916663 0.50218244 0.51549792 0.51969448
 0.45264934 0.45158747 0.44091756 0.53912056 0.59663354 0.6460312
 0.74670908]","[0.50057881 0.39567316 0.30030114 0.28954101 0.30704071 0.34428914
 0.38588502 0.41252291 0.41867586 0.40824171 0.42673066 0.39387162
 0.39199708 0.3857784  0.38099942 0.39032425 0.38759647 0.39822505
 0.36622562 0.33373283 0.3135408  0.33556206 0.3869117  0.4530053
 0.54504286]","[0.50274811 0.39500558 0.30093919 0.29165588 0.31198464 0.34986736
 0.39201046 0.42084072 0.44040349 0.47355743 0.55068299 0.59365664
 0.6494747  0.67495244 0.66893513 0.65450793 0.66208356 0.72759715
 0.79364187 0.87365536 0.95107751 1.03438955 1.12162559 1.19043455
 1.25720381]",0.0067726243,0.008278344,mean_absolute_error_optimizers.Adam-
0.007201201705882947,"[0.51902181 0.39948326 0.31403743 0.28745574 0.29559032 0.37419855
 0.40045522 0.42648457 0.43959601 0.42902057 0.43210021 0.4380726
 0.44363457 0.43296998 0.43671014 0.41720844 0.4262585  0.4127997
 0.37164954 0.33230935 0.37534832 0.40216023 0.44691434 0.50536849
 0.5952891 ]","[0.49110255 0.38904222 0.29930029 0.29276804 0.30770566 0.34264917
 0.38125667 0.40801593 0.41705187 0.40194206 0.42204748 0.38550713
 0.383434   0.37966709 0.37688472 0.38615295 0.38537952 0.392267
 0.36064722 0.32752568 0.30818286 0.33226666 0.38745872 0.45630293
 0.54990246]","[0.49581646 0.38944511 0.29889308 0.29356726 0.31170417 0.34839032
 0.38729479 0.41346111 0.43354855 0.46106842 0.53742378 0.5753295
 0.62501765 0.64758613 0.63902924 0.6238217  0.63992771 0.71849315
 0.79154496 0.8711574  0.95015987 1.03239366 1.11831818 1.18721908
 1.25380747]",0.0064748735,0.008627826,mean_absolute_error_optimizers.Adam-
0.007151166072736184,"[0.50514462 0.43732722 0.38607773 0.30993101 0.28613682 0.31929797
 0.432257   0.43932751 0.51140456 0.4906053  0.4785961  0.47628712
 0.44793212 0.43990187 0.43286189 0.43980059 0.44903861 0.43842543
 0.40283169 0.37482176 0.32709279 0.34845008 0.41622232 0.47773775
 0.55300567]","[0.47575968 0.37411285 0.28824479 0.2886929  0.31054476 0.34706155
 0.38494613 0.41157075 0.42053563 0.40345368 0.4224797  0.38457751
 0.3823811  0.3740278  0.37023053 0.37958185 0.37797931 0.38712885
 0.35526987 0.32361004 0.30625376 0.33602434 0.39191921 0.45777794
 0.54801507]","[0.4772365  0.37224724 0.2861743  0.28998733 0.31708029 0.35737571
 0.39821798 0.42642891 0.44852435 0.47939968 0.55691376 0.5976174
 0.65205804 0.68185478 0.68320199 0.67209166 0.68210613 0.7533194
 0.81506946 0.88468452 0.95877749 1.0395673  1.12541815 1.19354216
 1.25932282]",0.005671731,0.0071900194,mean_absolute_error_optimizers.Adam-
0.007007378873725732,"[0.47800708 0.40669931 0.32456418 0.29891623 0.35099606 0.39485091
 0.43088123 0.45815871 0.47154127 0.57582977 0.52082474 0.58812651
 0.52775977 0.45253063 0.42232236 0.48308809 0.42803364 0.40330184
 0.39279913 0.36347757 0.38354214 0.36437827 0.43481915 0.49366269
 0.5859716 ]","[0.47601002 0.37492148 0.29122307 0.29216488 0.31063466 0.34514102
 0.38357543 0.41017599 0.41899137 0.40581681 0.42477253 0.38881573
 0.38566302 0.37728293 0.37115465 0.37896034 0.37859513 0.39217996
 0.36444983 0.33617574 0.31413737 0.33695202 0.38480386 0.4458394
 0.53406077]","[0.47385778 0.37040032 0.28639622 0.29245932 0.32066223 0.36281122
 0.40842828 0.44129552 0.46595494 0.4974246  0.57533979 0.61931514
 0.67549006 0.71032207 0.71501854 0.70319814 0.71383545 0.77199341
 0.82231195 0.88427923 0.95592666 1.03664726 1.12262597 1.19048696
 1.25626188]",0.0074639805,0.009089235,mean_absolute_error_optimizers.Adam-
0.006911607008427381,"[0.7353435  0.56232451 0.48233603 0.46088126 0.47154967 0.51418713
 0.48245077 0.4956447  0.54321824 0.5151828  0.54425831 0.61621795
 0.55740888 0.55257169 0.56225247 0.52780734 0.52911341 0.51575633
 0.48589751 0.43540556 0.43555271 0.44575498 0.47399815 0.5400669
 0.64722198]","[0.4589898  0.36054158 0.27860581 0.28392007 0.30736221 0.34300389
 0.38091252 0.40834326 0.41826976 0.40642131 0.42635594 0.38987115
 0.38821041 0.38018221 0.37374121 0.38174545 0.38096519 0.39094197
 0.36218392 0.33071216 0.30911929 0.33513926 0.38815888 0.45267758
 0.54174876]","[0.46514745 0.36495954 0.28442022 0.29454374 0.32541793 0.36619015
 0.41040817 0.4420012  0.46500325 0.4974785  0.5722432  0.61506625
 0.67191476 0.70870586 0.71626618 0.70617475 0.71564514 0.77857082
 0.83101223 0.89001409 0.96022493 1.03969913 1.12507614 1.19399943
 1.25951533]",0.00741532,0.009018112,mean_absolute_error_optimizers.Adam-
0.006794114629427592,"[0.56828465 0.48663229 0.42646976 0.33907041 0.40634802 0.46977385
 0.49355393 0.4941934  0.42174684 0.40492735 0.41285759 0.47945812
 0.42426791 0.42808577 0.44641725 0.56008891 0.52267796 0.47389561
 0.4198092  0.37248207 0.38138507 0.44769828 0.4366     0.48861176
 0.61185247]","[0.44961938 0.34824385 0.26991264 0.276557   0.29733112 0.32848327
 0.36521307 0.39277355 0.40416906 0.39412555 0.41731909 0.38271845
 0.38103133 0.37438979 0.36730191 0.37178728 0.37117299 0.38197628
 0.35303097 0.32134366 0.30652904 0.33666226 0.39152768 0.45513898
 0.5433934 ]","[0.45527998 0.35431348 0.27626257 0.28666912 0.3145962  0.35248295
 0.3970312  0.43256274 0.46204036 0.50135425 0.58385144 0.63329814
 0.69768427 0.74001043 0.75125036 0.74139234 0.74422404 0.79422965
 0.8366385  0.88979423 0.9573434  1.0366877  1.12341444 1.19273343
 1.25908087]",0.0072733955,0.009560612,mean_absolute_error_optimizers.Adam-
0.0067379687850673995,"[0.59708993 0.48727806 0.40257816 0.37560353 0.40711477 0.49074282
 0.48767261 0.54513238 0.5904023  0.60419537 0.67767699 0.61950866
 0.60568626 0.60907195 0.62443216 0.53544473 0.59176467 0.563357
 0.56610677 0.48976012 0.60153541 0.55497507 0.61197984 0.70623894
 0.77853854]","[0.43844777 0.34189389 0.26599106 0.28086941 0.30494483 0.33494231
 0.36824945 0.39385748 0.40489501 0.39414832 0.41672596 0.38008297
 0.37920521 0.37142408 0.36363455 0.36746136 0.36462029 0.37449297
 0.34676712 0.31655581 0.29768831 0.32737676 0.38444044 0.45277226
 0.54430396]","[0.44182188 0.34491165 0.26923624 0.2879776  0.32032219 0.35884693
 0.40389959 0.44042773 0.47104369 0.5125616  0.59276187 0.64192823
 0.70487107 0.74528381 0.75349153 0.73922466 0.74002278 0.7870871
 0.83114649 0.88851107 0.95936244 1.04027733 1.12658079 1.19466752
 1.26052969]",0.007823966,0.010214128,mean_absolute_error_optimizers.Adam-
0.006603609688580036,"[0.50826437 0.37856832 0.34354456 0.31800583 0.29892897 0.40016615
 0.42395614 0.43609386 0.44769677 0.45058918 0.52590171 0.67231447
 0.66578371 0.66685303 0.61800014 0.63815045 0.64802286 0.63707006
 0.58279394 0.54087296 0.47101608 0.44651631 0.47900407 0.53225656
 0.65146606]","[0.42844855 0.32683573 0.25521811 0.26964814 0.29294454 0.32489036
 0.36159267 0.3907508  0.40243098 0.39113601 0.41285497 0.37690117
 0.37159692 0.36002687 0.35237429 0.3610536  0.36614602 0.37497231
 0.34561005 0.31233979 0.29087972 0.31859529 0.3730921  0.4396989
 0.53221134]","[0.42889269 0.32926392 0.25852018 0.27608312 0.30632937 0.34599155
 0.391796   0.42585107 0.45112904 0.48519068 0.56125424 0.60439205
 0.66392986 0.70041773 0.70658939 0.69396259 0.69937623 0.75629916
 0.81176963 0.87739347 0.95196229 1.0337652  1.1200937  1.18961218
 1.2560079 ]",0.006813331,0.008687037,mean_absolute_error_optimizers.Adam-
0.00662040393302838,"[0.35146934 0.27064276 0.21126255 0.19496834 0.20954601 0.24753428
 0.29593982 0.33379928 0.34146072 0.32243605 0.30710104 0.31248822
 0.3031632  0.29510226 0.29381452 0.30704661 0.31782838 0.38106408
 0.40076298 0.34594141 0.33992885 0.36765747 0.45658447 0.51490759
 0.59828548]","[0.42086356 0.31880681 0.25027497 0.27161598 0.29594205 0.32767452
 0.36565951 0.39727739 0.41023155 0.40378337 0.42396879 0.3879752
 0.38280396 0.37184373 0.36186438 0.3647124  0.36162528 0.37611226
 0.34879475 0.31740958 0.29819403 0.32505494 0.37774955 0.43890638
 0.52712165]","[0.42222988 0.32354248 0.25470623 0.27824257 0.30998391 0.35170014
 0.40199571 0.44239418 0.47301241 0.51240039 0.58846233 0.63214728
 0.69951599 0.74586614 0.76227586 0.75600593 0.75554167 0.80418213
 0.84812907 0.90355005 0.9720797  1.05125606 1.13664971 1.20360818
 1.26804404]",0.0069318414,0.00914069,mean_absolute_error_optimizers.Adam-
0.006444391200939814,"[0.46234141 0.33546363 0.27423084 0.27204237 0.27996321 0.32424492
 0.37746097 0.40147544 0.41944952 0.38874467 0.39548653 0.40327567
 0.37750609 0.35736694 0.32664886 0.3306718  0.33821399 0.34871823
 0.30683712 0.28089927 0.32314167 0.34303239 0.37863994 0.46950256
 0.55180467]","[0.41779256 0.31490528 0.24770817 0.26836286 0.29093417 0.31866093
 0.35149528 0.38039019 0.39519044 0.38742229 0.40932883 0.37208009
 0.3642724  0.34978712 0.33829571 0.34719532 0.35494162 0.36744452
 0.34025577 0.31048908 0.29178916 0.32100781 0.3741834  0.43887166
 0.53018607]","[0.41599753 0.31721239 0.25249718 0.27669779 0.30745474 0.34579819
 0.39186517 0.42825691 0.45668424 0.49210376 0.56632058 0.61120321
 0.67284425 0.71467864 0.72675428 0.71872112 0.72273998 0.77529988
 0.8267036  0.89074854 0.96688886 1.05139023 1.13942276 1.20850484
 1.27540451]",0.0066479575,0.008809508,mean_absolute_error_optimizers.Adam-
0.006428781718015671,"[0.55931441 0.4492765  0.37886844 0.37017877 0.37361807 0.41122963
 0.43752693 0.46925784 0.47754132 0.45408475 0.46490874 0.47259141
 0.4613401  0.46509091 0.4904908  0.49962119 0.46415076 0.52592777
 0.43775249 0.46297347 0.39739839 0.42415202 0.45547255 0.61074648
 0.63464588]","[0.41913069 0.31754586 0.25648001 0.2783633  0.30012419 0.32632774
 0.36208009 0.39300079 0.40805784 0.39809186 0.41800823 0.37891518
 0.37664545 0.36321539 0.35090061 0.35741529 0.3606948  0.37454105
 0.34898312 0.32126604 0.30259803 0.3248107  0.3715786  0.43090646
 0.51998372]","[0.41834663 0.32370502 0.26718883 0.29118145 0.31812183 0.35168424
 0.39770235 0.43432792 0.46247107 0.49518088 0.56677337 0.60751472
 0.66478105 0.7039791  0.71509638 0.70822715 0.72216092 0.78275204
 0.83348844 0.89176805 0.96469739 1.04587617 1.13196152 1.20049697
 1.26548692]",0.007547351,0.009336224,mean_absolute_error_optimizers.Adam-
0.006338640640179316,"[0.46584305 0.37539297 0.32998238 0.33976084 0.33220305 0.35188511
 0.39019384 0.44313682 0.44615077 0.4097511  0.40883676 0.42028797
 0.42272437 0.42352005 0.41113153 0.4550192  0.50348881 0.52405226
 0.51456428 0.45706301 0.42955936 0.44744375 0.54267646 0.60037087
 0.71268966]","[0.41046532 0.30404626 0.23919445 0.26405344 0.28731892 0.31145425
 0.34314944 0.37170581 0.38562075 0.37882469 0.40338083 0.3668805
 0.36297342 0.35034336 0.33897555 0.3439142  0.34806096 0.35997405
 0.3326163  0.30358561 0.28769483 0.3167715  0.36647687 0.42584087
 0.51554095]","[0.43613078 0.34503659 0.28725043 0.23132699 0.26454072 0.34052023
 0.38859471 0.42835996 0.45909085 0.49512346 0.56757363 0.60882429
 0.67088893 0.71657313 0.7343293  0.73028025 0.73571083 0.788764
 0.83617094 0.89091158 0.96219162 1.04447852 1.13212337 1.20202193
 1.26851513]",0.0076946113,0.010368743,mean_absolute_error_optimizers.Adam-
0.00628452530875802,"[0.72125213 0.47475541 0.34392636 0.33008365 0.29745307 0.34835801
 0.37924365 0.43617308 0.48189131 0.56315953 0.56884941 0.56249717
 0.60593793 0.53689023 0.49667821 0.47171943 0.42384717 0.42585251
 0.41005986 0.39406129 0.43529274 0.36533013 0.39331527 0.44573311
 0.58433021]","[0.40317876 0.29656944 0.23805006 0.26901619 0.29073301 0.31266207
 0.34369618 0.36993489 0.38357227 0.37213954 0.39448084 0.35690025
 0.35219623 0.33961546 0.33070292 0.34089007 0.35003365 0.36365704
 0.34116577 0.31213153 0.29342177 0.31827001 0.36798906 0.43117127
 0.52238261]","[0.40292587 0.30284855 0.24800179 0.27880966 0.30534025 0.34048306
 0.39046443 0.43261017 0.46388805 0.49884816 0.56918934 0.61041223
 0.66979748 0.7131154  0.72934677 0.72461328 0.73341164 0.79157194
 0.83880455 0.89409208 0.96638366 1.04849273 1.13530784 1.20306989
 1.26833266]",0.00786777,0.0099585205,mean_absolute_error_optimizers.Adam-
0.0061873303713897865,"[0.43870119 0.35695488 0.31368256 0.30504302 0.3219558  0.36542792
 0.40043078 0.41302223 0.4351814  0.40211526 0.41331137 0.43511547
 0.47687915 0.45522132 0.45383492 0.47952849 0.48255602 0.48695837
 0.46893245 0.43469759 0.43744788 0.45559835 0.42605584 0.51334123
 0.60638877]","[0.40292289 0.2947484  0.23707518 0.26717056 0.28951075 0.31009481
 0.34118851 0.36982712 0.38422139 0.37208526 0.3991766  0.36346086
 0.36035736 0.34662441 0.33447333 0.34112381 0.34495466 0.36079044
 0.33853384 0.31006655 0.29322597 0.31710973 0.36255696 0.4212923
 0.51125837]","[0.43352409 0.34085631 0.28936958 0.23454667 0.30242333 0.33415144
 0.38293954 0.42386333 0.45298819 0.48373289 0.55292894 0.59510183
 0.65221616 0.69643613 0.7145913  0.71120775 0.7251774  0.78025488
 0.82850715 0.88715621 0.96181762 1.04557376 1.13368259 1.20268713
 1.26897888]",0.007927445,0.010478625,mean_absolute_error_optimizers.Adam-
0.006187896472712358,"[0.4833059  0.37618663 0.38662161 0.25612576 0.26547536 0.26859953
 0.30201194 0.3707552  0.47179842 0.5407411  0.51391368 0.50687286
 0.46195161 0.44657354 0.52860151 0.5650836  0.57844868 0.59033849
 0.60921684 0.5050874  0.54617346 0.51869303 0.57422955 0.60462405
 0.61649449]","[0.39937861 0.2916966  0.23567088 0.26825274 0.29238116 0.31427981
 0.34446662 0.37173518 0.38629472 0.37679442 0.4013917  0.36521853
 0.36150647 0.34631945 0.33139409 0.33688585 0.34005401 0.35325017
 0.33062239 0.30300608 0.2880744  0.31350369 0.36064077 0.41939311
 0.50876525]","[0.39656673 0.29734431 0.2480703  0.2791481  0.30484707 0.33846124
 0.38792362 0.43064726 0.46127342 0.49377575 0.56016017 0.59888242
 0.65337406 0.69978447 0.72367241 0.72771162 0.74638508 0.80293711
 0.84683662 0.89924994 0.96859448 1.04975472 1.13610282 1.20310766
 1.26785655]",0.0076984214,0.010147617,mean_absolute_error_optimizers.Adam-
0.0061586026760439075,"[0.56287869 0.41177956 0.37720878 0.3428262  0.37383139 0.44146862
 0.40848314 0.40847403 0.40929509 0.40479109 0.40654202 0.41194827
 0.43249974 0.44627499 0.39883308 0.3975802  0.37879901 0.31794727
 0.31175759 0.27197757 0.27934122 0.30700399 0.40227762 0.51743955
 0.58504574]","[0.39093476 0.28032563 0.22301438 0.26098296 0.28548289 0.30646598
 0.33509512 0.36009988 0.37176915 0.36380859 0.39168944 0.35716605
 0.35169011 0.33449527 0.32023334 0.32752597 0.33336595 0.34894013
 0.32470525 0.29510377 0.28004033 0.30908495 0.36046984 0.42247469
 0.51331012]","[0.38753099 0.28466765 0.23722803 0.27641175 0.30627803 0.34407189
 0.39986986 0.44785015 0.48271224 0.51945914 0.58463032 0.62270636
 0.67920226 0.72467421 0.74744166 0.7483161  0.76141462 0.8114502
 0.84817674 0.89582303 0.96316252 1.04471736 1.13256025 1.20222635
 1.26851648]",0.008151048,0.011152395,mean_absolute_error_optimizers.Adam-
0.006014784960697094,"[0.45424279 0.3147565  0.30401967 0.28944314 0.2939433  0.32544801
 0.35168758 0.35036483 0.33783761 0.31985698 0.31697458 0.31318968
 0.31632116 0.30470418 0.293251   0.30214056 0.33538511 0.32438779
 0.30647076 0.29308983 0.30910621 0.31962326 0.34890815 0.39884711
 0.46692513]","[0.39118522 0.28195676 0.22765197 0.26163848 0.28349205 0.30329745
 0.33206558 0.35800694 0.37108312 0.36283733 0.39104426 0.35489287
 0.35171553 0.33701563 0.32048133 0.32452456 0.33046219 0.34679235
 0.32652369 0.30169173 0.28538348 0.30806726 0.34958584 0.4050255
 0.49472789]","[0.41608583 0.324025   0.27984398 0.22972259 0.25830673 0.29508615
 0.38905924 0.4381909  0.47349093 0.50842452 0.57214805 0.60708336
 0.66457573 0.71135077 0.73540187 0.73890396 0.75355105 0.80674725
 0.84420693 0.88963346 0.95687767 1.03782592 1.12500969 1.19358782
 1.25940172]",0.0061864797,0.008310098,mean_absolute_error_optimizers.Adam-
0.005880709911386172,"[0.44199491 0.29625641 0.27185505 0.24315422 0.24587152 0.29303925
 0.36568013 0.40305025 0.41690649 0.46624904 0.49182398 0.50072877
 0.49567852 0.48443457 0.49323946 0.48155925 0.4740447  0.47874408
 0.46202495 0.43105631 0.42828908 0.45076796 0.46484769 0.53510381
 0.64982683]","[0.3871714  0.28092158 0.22952915 0.2672702  0.28822623 0.30633594
 0.33623044 0.36215465 0.37410577 0.36469013 0.38942664 0.35286483
 0.34785829 0.33051383 0.31318531 0.31855095 0.32503991 0.34311367
 0.32637449 0.30334446 0.28674668 0.3108811  0.34944462 0.40424565
 0.49363224]","[0.41336294 0.32510226 0.28493414 0.23874048 0.26990077 0.34628162
 0.40314383 0.45297737 0.48864856 0.52467617 0.58610737 0.62071437
 0.67502211 0.7211449  0.74610342 0.75020127 0.7635526  0.81317426
 0.85077407 0.89959864 0.96898012 1.05152928 1.13801009 1.20509067
 1.26933877]",0.008076897,0.010386428,mean_absolute_error_optimizers.Adam-
0.005914687149226666,"[0.42473356 0.33993444 0.3580658  0.34591415 0.35366979 0.39038836
 0.38776589 0.4059121  0.42118026 0.38460162 0.38203919 0.3957461
 0.41381683 0.38662105 0.37886013 0.41509199 0.38346284 0.34352563
 0.32250512 0.29370208 0.34264149 0.32744091 0.37134694 0.40160773
 0.47583761]","[0.37904638 0.27119392 0.22156356 0.26076989 0.28346015 0.30251562
 0.3317566  0.35714489 0.36776336 0.35765052 0.38256221 0.3469807
 0.34323623 0.32679764 0.31044727 0.31577639 0.3225628  0.34372958
 0.3258515  0.29749744 0.27839895 0.30604181 0.35197361 0.40926945
 0.49808017]","[0.40434512 0.31371026 0.27503053 0.22903585 0.25891011 0.33468683
 0.39098154 0.44179443 0.47883258 0.51628401 0.58153333 0.61387899
 0.67259076 0.7237529  0.7547569  0.76503607 0.77978302 0.83371905
 0.8685753  0.91196273 0.97532767 1.05715771 1.14604846 1.21652347
 1.28237674]",0.0074727535,0.009909204,mean_absolute_error_optimizers.Adam-
0.005857941058774789,"[0.33678718 0.24047165 0.20093979 0.20723811 0.21259241 0.22877486
 0.27463864 0.30044295 0.30950344 0.30880817 0.32133978 0.33349918
 0.30382996 0.29633125 0.27867629 0.29542573 0.30995488 0.31262784
 0.34110628 0.37810516 0.29950208 0.37137145 0.4121918  0.45589337
 0.50527859]","[0.38046561 0.27004058 0.22188822 0.25881896 0.27929174 0.298005
 0.32778694 0.35316261 0.36461676 0.35579907 0.38282631 0.34863827
 0.34614148 0.33178172 0.3135242  0.31608801 0.32264162 0.339653
 0.32345192 0.29574253 0.27543631 0.30433806 0.35124584 0.40606707
 0.49306621]","[0.40915311 0.31574507 0.27807024 0.23426302 0.26498807 0.34488803
 0.40683242 0.46358325 0.50579878 0.54577585 0.60668142 0.63667118
 0.693757   0.74386936 0.77597856 0.78874454 0.80276894 0.85167381
 0.87959228 0.91334461 0.96917657 1.04729447 1.13619138 1.20562481
 1.27172516]",0.007441543,0.009995612,mean_absolute_error_optimizers.Adam-
0.00585004310682416,"[0.40311018 0.32835371 0.38335305 0.34784493 0.35069814 0.36783989
 0.37658348 0.44006174 0.43042618 0.4115365  0.39798886 0.34945554
 0.36728225 0.38393255 0.32715339 0.33315939 0.36154855 0.40586928
 0.39659298 0.36237362 0.36088017 0.33176634 0.36511664 0.42153835
 0.43216774]","[0.37855951 0.27080218 0.22210128 0.26072447 0.27973943 0.29846107
 0.32666276 0.35211804 0.36510827 0.35878155 0.3839968  0.35026083
 0.34386453 0.32495599 0.30505724 0.30861555 0.3170252  0.34017298
 0.32435513 0.30249914 0.29188135 0.3146142  0.35233948 0.40395438
 0.49277887]","[0.40316575 0.31371197 0.27814271 0.23428226 0.26109906 0.29817029
 0.39384377 0.44685522 0.48500405 0.52232261 0.58340063 0.61151754
 0.6668911  0.71498063 0.74308975 0.75023433 0.76107624 0.81640003
 0.85629399 0.90482654 0.97583926 1.05890209 1.1457288  1.21250873
 1.2761667 ]",0.007460937,0.009603921,mean_absolute_error_optimizers.Adam-
0.00587546822677056,"[0.5715499  0.49277763 0.39869629 0.40952901 0.40753952 0.43076639
 0.45360828 0.43908346 0.42031339 0.41263229 0.48217869 0.44525372
 0.42900459 0.42560585 0.43072557 0.44108268 0.44636214 0.46367366
 0.46361915 0.46629301 0.48640548 0.50118773 0.5342101  0.57416618
 0.64397288]","[0.37111594 0.26312356 0.21937561 0.25985039 0.2827724  0.30279353
 0.33268588 0.35584366 0.36480876 0.35516263 0.3843799  0.34988165
 0.34401302 0.32435422 0.30309185 0.30735883 0.31646015 0.33739003
 0.3198423  0.29654363 0.28076295 0.30718183 0.34950548 0.40054759
 0.48558638]","[0.36648425 0.26844019 0.23687841 0.27567579 0.30028592 0.33813466
 0.39854086 0.45158862 0.48915774 0.52796225 0.58926248 0.62062654
 0.67660673 0.72414941 0.75081401 0.75748943 0.77761793 0.82614601
 0.85754619 0.90214173 0.96949712 1.05386025 1.1439904  1.21297391
 1.27763606]",0.007547609,0.009784933,mean_absolute_error_optimizers.Adam-
0.005645158269753058,"[0.38769066 0.29756148 0.26421237 0.2678778  0.26744885 0.29057277
 0.32376222 0.43482385 0.45326311 0.39092067 0.39398269 0.39711662
 0.33643531 0.4052081  0.45329115 0.51718875 0.52537136 0.5368791
 0.46188347 0.35562029 0.33434639 0.31508099 0.35989513 0.41119922
 0.49769648]","[0.37253065 0.26284508 0.21725034 0.25718811 0.27745232 0.29496053
 0.32268027 0.34689888 0.35648296 0.35009471 0.37418273 0.34035446
 0.33424798 0.31632111 0.29603209 0.29793329 0.30489867 0.3333642
 0.32041372 0.29655115 0.27967062 0.30549392 0.34863356 0.39957282
 0.48588202]","[0.39961801 0.30786661 0.27636832 0.2359388  0.26523683 0.30560652
 0.36586095 0.42695989 0.47304544 0.52961128 0.58815443 0.64271923
 0.69889776 0.74940409 0.78206489 0.79365878 0.79632606 0.84284958
 0.87446189 0.91643723 0.97795104 1.05876588 1.14686817 1.21651295
 1.2815323 ]",0.007935239,0.010683997,mean_absolute_error_optimizers.Adam-
0.005694696520765622,"[0.37698451 0.27760358 0.24057297 0.2461882  0.26096384 0.29478093
 0.26608111 0.3066447  0.31918361 0.30868613 0.31317687 0.32093605
 0.28100227 0.27076283 0.24717049 0.2417679  0.26788464 0.27084536
 0.3098318  0.30540616 0.30010157 0.37116743 0.41010845 0.48317882
 0.56833493]","[0.36547457 0.25474768 0.21273475 0.25524471 0.27313215 0.28961789
 0.31799963 0.34232197 0.35358099 0.34175277 0.36798141 0.33531541
 0.33434046 0.31956075 0.29932299 0.30023967 0.30475783 0.32849045
 0.31670392 0.29888432 0.28151515 0.30419103 0.34196073 0.38753868
 0.46842263]","[0.36078887 0.25925773 0.2283247  0.27024344 0.29058682 0.32836942
 0.39154433 0.44991531 0.49224845 0.53170867 0.59135127 0.61526155
 0.67273031 0.72601136 0.76305461 0.7785898  0.79616579 0.84970358
 0.8810387  0.91775239 0.97740274 1.05772837 1.14636604 1.21555061
 1.27985664]",0.0066762967,0.008837659,mean_absolute_error_optimizers.Adam-
0.005605435346563657,"[0.39330745 0.33935073 0.29956638 0.31144487 0.31494558 0.33623239
 0.34470164 0.35390653 0.35130971 0.32314578 0.32839905 0.32743502
 0.31239957 0.2959859  0.28338489 0.31263817 0.29365315 0.28768802
 0.28218362 0.26855548 0.27740458 0.28850946 0.31295304 0.35676765
 0.41941073]","[0.36108412 0.25238441 0.20844696 0.2497862  0.26746106 0.28677475
 0.31871316 0.34392896 0.35447496 0.34318153 0.37186904 0.34067348
 0.33909939 0.32217343 0.29913599 0.29757788 0.30208797 0.32534787
 0.3133498  0.29360032 0.27796969 0.30291242 0.33992282 0.38460544
 0.46653928]","[0.38924894 0.29829094 0.26780742 0.22541182 0.24878967 0.28976398
 0.35491131 0.41633609 0.46243595 0.54266581 0.59983918 0.6214619
 0.67658766 0.72740294 0.76160285 0.77345962 0.79138666 0.84004614
 0.86873839 0.90348755 0.96307626 1.04387481 1.13329308 1.20330124
 1.26801753]",0.0068677333,0.008857745,mean_absolute_error_optimizers.Adam-
0.005552058577537536,"[0.3651066  0.28554623 0.19920944 0.20792424 0.21433197 0.23537526
 0.2765035  0.28867003 0.28084989 0.27140102 0.26440005 0.26812791
 0.31667743 0.27010393 0.24242477 0.24257446 0.26338146 0.32809521
 0.30597079 0.29159815 0.22400256 0.2341849  0.26275279 0.3039013
 0.3761989 ]","[0.35927817 0.25096918 0.21051793 0.2529611  0.26808441 0.28492192
 0.31491339 0.33888813 0.34764942 0.3392756  0.36759651 0.33541094
 0.3324572  0.31577462 0.29378181 0.29261563 0.29703724 0.32271105
 0.30813432 0.28877456 0.2733806  0.30160213 0.34075648 0.38642118
 0.46891686]","[0.3840938  0.29299239 0.26714397 0.22788861 0.2507991  0.29169413
 0.35661317 0.42176669 0.47256399 0.5341771  0.62171958 0.64936058
 0.70362817 0.7536879  0.78842077 0.80293911 0.81491053 0.86492467
 0.89154524 0.92314567 0.97808311 1.05750795 1.14816389 1.21876741
 1.28393115]",0.007624044,0.010249563,mean_absolute_error_optimizers.Adam-
0.005539602843423684,"[0.39816853 0.26294139 0.22102155 0.23131711 0.23164277 0.27477693
 0.30880749 0.31586914 0.32424227 0.32029151 0.34472167 0.36499114
 0.41468455 0.32332874 0.28832455 0.2873693  0.29370639 0.36660213
 0.29691796 0.27383675 0.2639614  0.28092469 0.32259791 0.37462981
 0.48309026]","[0.35954663 0.25191477 0.21312786 0.2544892  0.26942158 0.28600944
 0.31624222 0.3390998  0.34750846 0.33359843 0.35843116 0.32664291
 0.32682178 0.31136682 0.29143064 0.29260479 0.30070327 0.3271139
 0.31601154 0.29646367 0.27843556 0.30345987 0.34126911 0.38318234
 0.46244718]","[0.38666658 0.29594046 0.27018513 0.23020071 0.2542953  0.29539953
 0.36024803 0.42415886 0.47264925 0.53002174 0.58615412 0.63884089
 0.69439742 0.74665739 0.78277537 0.79609728 0.80647911 0.85167054
 0.87434065 0.90764673 0.96883311 1.05376997 1.14674818 1.21712518
 1.28101968]",0.007956213,0.010843658,mean_absolute_error_optimizers.Adam-
0.0054961871293683845,"[0.39307907 0.30638995 0.28019951 0.28430305 0.29075026 0.32705616
 0.33831274 0.35189247 0.39195484 0.39890788 0.47209334 0.45497674
 0.44010725 0.3554665  0.31628734 0.31479629 0.35897485 0.26250296
 0.28176679 0.2619061  0.26855069 0.28179789 0.31261522 0.35279468
 0.42405492]","[0.35670031 0.25130041 0.21692059 0.25950425 0.2748796  0.29334072
 0.32522238 0.34958312 0.3582264  0.34556683 0.37326823 0.33942645
 0.33722979 0.31802913 0.2939297  0.29225752 0.29758062 0.32358435
 0.31343464 0.29770642 0.28363941 0.30735451 0.34123218 0.38142314
 0.46146944]","[0.35550559 0.25799013 0.23558367 0.28061674 0.29950169 0.34079524
 0.40958674 0.47620857 0.52728285 0.57624977 0.63556704 0.65441311
 0.7027146  0.75127431 0.7892476  0.80890081 0.82443148 0.87815108
 0.90163506 0.92664119 0.97615224 1.05287506 1.1425049  1.21317409
 1.2782085 ]",0.00847991,0.011598241,mean_absolute_error_optimizers.Adam-
0.005434050822009643,"[0.31436428 0.22071115 0.18708795 0.19697357 0.21452948 0.24011626
 0.26026144 0.26810677 0.26667027 0.25317137 0.25678291 0.27060312
 0.27275037 0.25845844 0.24939782 0.2593234  0.27650232 0.29732739
 0.30167644 0.30429689 0.26088695 0.32069838 0.35939529 0.39080337
 0.47114024]","[0.35375871 0.24813336 0.21366566 0.25466733 0.2685299  0.28570391
 0.31658784 0.33753051 0.34356843 0.32956737 0.35767545 0.3272365
 0.32632378 0.30887497 0.28538714 0.28453279 0.29363044 0.32079791
 0.31070275 0.29226304 0.2751025  0.30090203 0.34047517 0.38305737
 0.46378809]","[0.3832384  0.2940341  0.27206218 0.23060233 0.24964394 0.28980365
 0.35564496 0.4217249  0.47375536 0.53828894 0.5980857  0.67865585
 0.70444446 0.75619953 0.79111671 0.8057729  0.82029944 0.8685038
 0.88913381 0.91511799 0.96868402 1.04893765 1.14005459 1.20997934
 1.27510213]",0.0072517283,0.009708483,mean_absolute_error_optimizers.Adam-
0.005394648718337218,"[0.35196562 0.2511733  0.22112501 0.22350188 0.23161828 0.25112772
 0.27172841 0.28938495 0.29487141 0.31762818 0.3133775  0.31423822
 0.33489753 0.27971578 0.23084639 0.23859275 0.29053311 0.26272564
 0.2445962  0.23294218 0.22260161 0.24131427 0.27318995 0.31940674
 0.39252746]","[0.34529499 0.23839645 0.20332604 0.24594796 0.25970788 0.27660723
 0.30820452 0.33192761 0.34065574 0.32816435 0.35937037 0.32758774
 0.3256662  0.30809743 0.28401752 0.28178888 0.28910892 0.31726597
 0.30694831 0.289969   0.27195802 0.29616234 0.33284568 0.37412778
 0.45101837]","[0.37022649 0.28016617 0.26125471 0.22456889 0.24712414 0.29061757
 0.35929235 0.4300277  0.48592941 0.5531016  0.6132319  0.66473154
 0.71498301 0.76423623 0.80056632 0.81646727 0.83188695 0.88044075
 0.90261072 0.92681946 0.97723148 1.05360945 1.14385189 1.21486122
 1.28011256]",0.0073579056,0.009827543,mean_absolute_error_optimizers.Adam-
0.005349961243569851,"[0.28408954 0.19215657 0.16213883 0.17037417 0.16934844 0.19084385
 0.22260917 0.24658104 0.23750658 0.23366456 0.26367236 0.3031885
 0.33080597 0.26801338 0.24290712 0.26135794 0.28945421 0.28646686
 0.28071852 0.26973578 0.33014599 0.36544567 0.39322897 0.44556694
 0.50617983]","[0.3488674  0.2440071  0.21210325 0.25517399 0.26836409 0.28631454
 0.31788232 0.3404732  0.34643807 0.3308708  0.35959231 0.32981605
 0.33063577 0.31173852 0.28629725 0.2818373  0.28910159 0.31598053
 0.30696922 0.2895645  0.27452958 0.3032092  0.34354598 0.38644107
 0.46557187]","[0.37693306 0.2883643  0.26860344 0.23186339 0.25269806 0.29546503
 0.36412767 0.43590862 0.49384228 0.56213699 0.64976205 0.6729212
 0.72024857 0.76684478 0.80168236 0.81787653 0.83114868 0.87870936
 0.89874781 0.92176023 0.97170643 1.05052842 1.14281422 1.214199
 1.27948314]",0.0076573193,0.010238715,mean_absolute_error_optimizers.Adam-
0.005309045365701119,"[0.4038875  0.25685316 0.23531138 0.24840063 0.25967056 0.40846868
 0.44789305 0.42948925 0.44503394 0.36727907 0.37504994 0.38088843
 0.36841785 0.34197222 0.40633699 0.34840531 0.34141513 0.33626575
 0.378983   0.35731918 0.38925696 0.39288891 0.41439385 0.49705666
 0.55954493]","[0.33862628 0.23177233 0.20242048 0.24501989 0.25663716 0.27509294
 0.30694651 0.33008742 0.33584822 0.32126956 0.34985848 0.32030093
 0.32121718 0.30462016 0.27863963 0.27416668 0.28222079 0.30853457
 0.30035664 0.28680657 0.26918488 0.29417329 0.33242395 0.37267534
 0.44954231]","[0.36801629 0.27849691 0.26364215 0.22810373 0.24523037 0.28709919
 0.35450613 0.42605617 0.48277807 0.55170459 0.61081873 0.68562341
 0.70714342 0.75616066 0.79276905 0.80956885 0.82177066 0.87081472
 0.8947361  0.9219387  0.97292048 1.05098804 1.14370553 1.21600521
 1.28244178]",0.008682616,0.011882517,mean_absolute_error_optimizers.Adam-
0.00532592111453414,"[0.28887241 0.20580697 0.19223627 0.23915244 0.292118   0.26165012
 0.26721468 0.26605644 0.29549782 0.2917912  0.30831684 0.33132436
 0.37155485 0.36244146 0.3437873  0.34119819 0.36006434 0.38159039
 0.3813598  0.30814596 0.33922991 0.32337781 0.36083021 0.40123384
 0.44122488]","[0.34080916 0.23521553 0.20501585 0.24894457 0.25997034 0.27687223
 0.30964102 0.33210246 0.33871439 0.32447549 0.35150137 0.32171061
 0.32226336 0.30558582 0.28140128 0.27839437 0.28578275 0.31324745
 0.3052399  0.29170515 0.27643476 0.30051734 0.33473595 0.37058499
 0.44713905]","[0.3377771  0.23933622 0.22390561 0.27241802 0.28752466 0.32864043
 0.40178633 0.47291496 0.52779221 0.58162125 0.63999053 0.66160968
 0.70911581 0.75659634 0.79245239 0.8091429  0.82176604 0.87124659
 0.89315363 0.92062504 0.97281141 1.05301627 1.14624812 1.21774149
 1.28235383]",0.007129878,0.009522965,mean_absolute_error_optimizers.Adam-
0.005236106771975756,"[0.44019025 0.4115436  0.33827959 0.30484238 0.33994457 0.40377246
 0.38022778 0.3621443  0.3526366  0.34002678 0.31711042 0.33450079
 0.35039944 0.34015857 0.31091843 0.31863051 0.36130308 0.35528657
 0.2821611  0.28400577 0.31171867 0.36679259 0.37183932 0.44987688
 0.4872418 ]","[0.33250542 0.22729131 0.20315725 0.24706893 0.25255083 0.26954117
 0.3042398  0.32933292 0.33801918 0.3196571  0.34626709 0.3184133
 0.3217551  0.30565755 0.28029671 0.27490237 0.2826125  0.30688626
 0.29896601 0.28515469 0.26735831 0.29245691 0.32972725 0.36671633
 0.4434526 ]","[0.32840504 0.23224554 0.2251163  0.27699178 0.28846308 0.32971758
 0.4018334  0.47231641 0.52816823 0.58257749 0.64303304 0.66255162
 0.70971434 0.7594956  0.79985809 0.8209208  0.8389845  0.88825965
 0.90846412 0.93181031 0.9789083  1.05586399 1.14911438 1.22228085
 1.28846226]",0.008006116,0.01054003,mean_absolute_error_optimizers.Adam-
0.005245625298470258,"[0.28879335 0.20697259 0.184093   0.19506355 0.18486579 0.2145854
 0.25541534 0.28209981 0.29425664 0.28960634 0.33025257 0.34998557
 0.34909554 0.28901562 0.2832744  0.28905311 0.31392957 0.32418747
 0.3305053  0.29706773 0.2660806  0.33318212 0.33477366 0.40474712
 0.46641801]","[0.33229233 0.22844467 0.20465618 0.24815651 0.25482135 0.27115262
 0.30413838 0.32585179 0.33001411 0.31445222 0.34186593 0.31126421
 0.31479074 0.29861914 0.27473496 0.27066818 0.27863237 0.30638174
 0.29956716 0.28692593 0.27015083 0.2951808  0.33036443 0.36341199
 0.4354132 ]","[0.36310056 0.27609578 0.26726713 0.23152127 0.24632512 0.28628207
 0.35607405 0.42959897 0.49016075 0.56607303 0.62843079 0.70513376
 0.7250242  0.7721512  0.80888924 0.82754218 0.84258143 0.89119948
 0.91197637 0.93494614 0.9823975  1.0592101  1.15087914 1.22254202
 1.2875157 ]",0.008218799,0.011114212,mean_absolute_error_optimizers.Adam-
0.005169299092143774,"[0.2921341  0.19479058 0.16909827 0.16220035 0.22221296 0.24022655
 0.31770509 0.34109096 0.3320344  0.26676365 0.26876931 0.27897418
 0.2801619  0.2726264  0.32914511 0.29830538 0.32710845 0.35409669
 0.32377286 0.30598512 0.31166371 0.32407978 0.34841309 0.39886446
 0.46302457]","[0.33029188 0.22473036 0.19916499 0.24196006 0.24796605 0.26440483
 0.29912245 0.32230958 0.32821945 0.31138273 0.33934196 0.31089994
 0.31566882 0.30067262 0.27799343 0.27454299 0.28241503 0.30970594
 0.3021032  0.29004928 0.27445523 0.29672661 0.33006459 0.36447732
 0.44048621]","[0.32850349 0.23081209 0.22020421 0.27020382 0.28200877 0.32257905
 0.39778839 0.47428139 0.53649483 0.5986204  0.66131292 0.68175048
 0.72426917 0.7689707  0.80558946 0.82492125 0.84494917 0.8955173
 0.91541498 0.93497058 0.98132908 1.05829671 1.15186306 1.22581755
 1.29223641]",0.008606825,0.01162988,mean_absolute_error_optimizers.Adam-
0.005151121690869331,"[0.55925581 0.50946194 0.44935892 0.41866927 0.37809552 0.42212558
 0.46713502 0.47442386 0.47223897 0.46600471 0.47272376 0.46399388
 0.43950269 0.40152475 0.31713889 0.31294845 0.32059759 0.3263791
 0.32443407 0.3029809  0.29770132 0.3113292  0.3799992  0.41560168
 0.53154067]","[0.33321365 0.22817135 0.20559706 0.24799628 0.25193212 0.2691385
 0.30304754 0.32719113 0.33494817 0.31589093 0.34591464 0.31770139
 0.32181493 0.30557016 0.27964363 0.27457654 0.28300796 0.30842239
 0.30380361 0.29283376 0.27678572 0.29970931 0.3337339  0.36568026
 0.43729194]","[0.36182605 0.27358512 0.26721092 0.23226882 0.24603885 0.28742025
 0.35769973 0.43366504 0.49666285 0.57265608 0.63385224 0.70929549
 0.72237668 0.76998134 0.81051294 0.83403204 0.8589341  0.90955607
 0.92801961 0.94392465 0.98651273 1.06135606 1.15382838 1.22653297
 1.29125701]",0.007972727,0.010129646,mean_absolute_error_optimizers.Adam-
0.0051153272440036136,"[0.36397325 0.27572396 0.25759204 0.25810863 0.2503153  0.23388159
 0.28787579 0.31109804 0.29993614 0.26263443 0.28534205 0.29587058
 0.27167094 0.31855632 0.31607976 0.2980541  0.29933851 0.30234706
 0.30585037 0.28326995 0.33686892 0.32135686 0.31873118 0.41601718
 0.48082617]","[0.32836813 0.22472479 0.20260513 0.24673959 0.25535321 0.27190332
 0.30450546 0.32688495 0.33405742 0.31757015 0.34290033 0.31602665
 0.32038463 0.3050587  0.28105164 0.27503313 0.28024878 0.30529776
 0.29935368 0.28771636 0.2746066  0.29799413 0.32988061 0.36007009
 0.43032081]","[0.35542343 0.26873156 0.26222875 0.22565062 0.24137231 0.28312843
 0.35406115 0.4274147  0.48532184 0.55816937 0.61531522 0.68581658
 0.69989471 0.74713144 0.78810805 0.81062464 0.83215715 0.88459695
 0.907608   0.93237532 0.98337936 1.06243997 1.15474238 1.22714647
 1.29331059]",0.008309195,0.010743622,mean_absolute_error_optimizers.Adam-
0.005114404920488596,"[0.24774    0.16366962 0.15366946 0.15822594 0.15040568 0.17458816
 0.19888509 0.21843808 0.22127612 0.20772522 0.20924524 0.21050717
 0.23471394 0.21388698 0.19359103 0.18624891 0.2015277  0.21509743
 0.20693042 0.1966894  0.19875094 0.20095817 0.22746269 0.27292608
 0.34207319]","[0.3300943  0.22731254 0.20315362 0.24572246 0.25361564 0.26937089
 0.30202965 0.32281535 0.32758071 0.31122772 0.33820281 0.31043856
 0.31451207 0.29997842 0.27487312 0.27020592 0.2798506  0.3061636
 0.29847143 0.28698245 0.27326005 0.29839353 0.33193593 0.36366443
 0.43520841]","[0.35846376 0.27304618 0.26518086 0.23071856 0.24804524 0.28798633
 0.35818695 0.43271661 0.49511982 0.57276807 0.63346385 0.67873724
 0.72214753 0.76946438 0.80935746 0.82998932 0.85235696 0.90019123
 0.91850884 0.93590959 0.98094163 1.05722185 1.15149153 1.22542425
 1.29155472]",0.006644273,0.008858873,mean_absolute_error_optimizers.Adam-
0.005091705375661453,"[0.43711444 0.40026832 0.39513895 0.36410003 0.34393274 0.35642185
 0.33279651 0.33015518 0.333386   0.33853081 0.35707904 0.40535167
 0.42291035 0.3902301  0.37385578 0.34043215 0.32850089 0.35684011
 0.33517342 0.28630336 0.27031273 0.29911053 0.36858043 0.39705178
 0.4676819 ]","[0.32436964 0.22203894 0.20327879 0.24809295 0.25468115 0.27062458
 0.30263827 0.3233576  0.32815561 0.30858121 0.33284945 0.30560353
 0.31175787 0.29547663 0.26949314 0.26552291 0.27528458 0.30332923
 0.2971651  0.28757778 0.27014596 0.2916822  0.32541953 0.35704062
 0.426409  ]","[0.32223461 0.22838127 0.22462915 0.27540651 0.28660862 0.32657426
 0.39907629 0.473312   0.53371512 0.59460614 0.65819571 0.67888281
 0.72131972 0.76734674 0.80642939 0.82831961 0.85379394 0.90742046
 0.92951458 0.94656531 0.98844232 1.06007489 1.15065709 1.22633956
 1.29512084]",0.007998596,0.010409122,mean_absolute_error_optimizers.Adam-
0.005011341169476509,"[0.38529356 0.23305033 0.20975844 0.21383148 0.20477427 0.22111346
 0.22284425 0.23873816 0.28341916 0.26396196 0.25324882 0.2599848
 0.26650906 0.26756997 0.2530513  0.25054218 0.27063819 0.29858759
 0.29208596 0.20637415 0.20713755 0.22175687 0.24277516 0.29106072
 0.35781569]","[0.31826024 0.21660919 0.19783177 0.24234824 0.24833062 0.26644025
 0.30070714 0.32306816 0.32813777 0.30861012 0.33307944 0.30592874
 0.31344443 0.29634338 0.26844786 0.26198587 0.2710926  0.29746497
 0.29341801 0.28789092 0.27029285 0.2923131  0.32303652 0.34926672
 0.4187463 ]","[0.31314394 0.2193526  0.2153665  0.26587236 0.27454837 0.31499449
 0.38892911 0.46475325 0.52729644 0.58888745 0.65253815 0.67084275
 0.71465096 0.76260345 0.8027128  0.82380809 0.84539313 0.89592877
 0.91485821 0.93302591 0.97735967 1.0530675  1.14596109 1.21929243
 1.2854061 ]",0.006507446,0.008592662,mean_absolute_error_optimizers.Adam-
0.004982214000076056,"[0.30719178 0.22361741 0.20200828 0.20811479 0.21475953 0.24087168
 0.3125562  0.27411087 0.25486286 0.24216198 0.24503479 0.25813554
 0.25810892 0.25509281 0.24557249 0.24487177 0.27205106 0.27636905
 0.25390447 0.23735148 0.23919154 0.26442007 0.28624676 0.30774388
 0.36759852]","[0.31460879 0.21114062 0.19318974 0.23838118 0.24053518 0.25789933
 0.29168343 0.31347359 0.31809541 0.30113517 0.3282268  0.30025831
 0.30799008 0.29271797 0.26825967 0.26146751 0.26703466 0.29491361
 0.29034801 0.28350841 0.27199503 0.29580957 0.32437124 0.34801851
 0.41758927]","[0.34338631 0.25638128 0.25417786 0.22177398 0.23172425 0.2725045
 0.34369192 0.42192425 0.48774134 0.56782184 0.63087367 0.70651524
 0.73409914 0.77013044 0.81052043 0.83010838 0.84555709 0.89469311
 0.9110863  0.92788917 0.9738863  1.05263681 1.14784199 1.22052262
 1.2836818 ]",0.0065398216,0.008737395,mean_absolute_error_optimizers.Adam-
