0.004474846704552571,"[0.42611408 0.30957947 0.25272991 0.25062801 0.26107935 0.24249766
 0.23501455 0.24160357 0.23804124 0.21429624 0.23473518 0.250635
 0.2590828  0.25706554 0.25159744 0.24790751 0.25833711 0.2587695
 0.24116166 0.22953791 0.24524618 0.25853564 0.26867647 0.26174633
 0.2580224  0.25466389 0.25681776 0.25251562 0.24012765 0.23008198
 0.26006569 0.29375735 0.31398906 0.32802761 0.32756342 0.31890032
 0.30930541 0.30130805 0.3358366  0.40084029]","[0.41097676 0.30224488 0.25868695 0.25306446 0.28015699 0.26639955
 0.26048768 0.28415888 0.28018883 0.20060951 0.21119542 0.23989777
 0.24267009 0.23668243 0.23083971 0.22952134 0.23668537 0.24547058
 0.25933981 0.24534889 0.25123005 0.27078818 0.2829112  0.28451668
 0.27127267 0.28676974 0.25741578 0.25609351 0.24065584 0.21669744
 0.23228727 0.26593439 0.30066076 0.30746174 0.3110129  0.29120209
 0.28058711 0.28516431 0.30357944 0.37449684]","[0.41067002 0.30195082 0.25689258 0.25094413 0.27848435 0.26622965
 0.26100335 0.28390756 0.27976726 0.19924152 0.20926713 0.23804965
 0.23964105 0.23352294 0.22807992 0.22611285 0.23363296 0.24017398
 0.25071325 0.23642143 0.24668211 0.27004611 0.28261706 0.28191122
 0.27582072 0.28984432 0.2706473  0.27158054 0.25737488 0.24231356
 0.31494719 0.46041241 0.62505449 0.75434569 0.85952178 0.9607716
 1.0566192  1.15232753 1.22293592 1.28823313]",0.002110097,0.003688705,mean_absolute_error_optimizers.Nadam-lr=0.0005
0.0043565396560976905,"[0.41793177 0.29808886 0.25651247 0.25279675 0.26090383 0.25438161
 0.24876892 0.24245221 0.23347    0.21236585 0.22501288 0.24218452
 0.25006263 0.25143327 0.24809991 0.25051921 0.26832691 0.27281454
 0.26281688 0.23891086 0.2575279  0.27234235 0.27855277 0.2803255
 0.27523708 0.27566083 0.2829827  0.28456339 0.2687773  0.24678011
 0.26276796 0.29753903 0.32283913 0.33816795 0.33099002 0.32012747
 0.31699913 0.31036933 0.33342217 0.39927353]","[0.40533267 0.29699074 0.2560827  0.25028967 0.27742717 0.26493398
 0.26075735 0.28748624 0.28099965 0.1997982  0.20813771 0.23468553
 0.23823133 0.23231291 0.22701457 0.22654555 0.23351681 0.24107857
 0.25576793 0.24147561 0.2468086  0.26629393 0.27772193 0.27889546
 0.26641561 0.28310361 0.25480692 0.25513303 0.24018946 0.2154635
 0.23027334 0.26384184 0.30012241 0.30602039 0.30793433 0.28720204
 0.27491682 0.27851308 0.30046022 0.37530923]","[0.40470925 0.29657801 0.2547714  0.24874057 0.27590704 0.26487745
 0.26114379 0.28686742 0.28015963 0.1986347  0.20666108 0.23292784
 0.23535711 0.22914975 0.22473768 0.22401296 0.231386   0.23600252
 0.24791325 0.23256411 0.24152822 0.26416034 0.27529553 0.27321112
 0.2666227  0.28222212 0.26337553 0.26496708 0.25045167 0.23568128
 0.31131755 0.4583966  0.62450073 0.75394395 0.85743644 0.95757646
 1.05250397 1.14716197 1.21768929 1.28327734]",0.002117096,0.0037011674,mean_absolute_error_optimizers.Nadam-lr=0.0005
0.004304852986708283,"[0.42876753 0.31593773 0.26088992 0.2598642  0.26264756 0.2558087
 0.25074888 0.24585135 0.23957972 0.2203537  0.23807441 0.2615711
 0.26617612 0.26066522 0.26412402 0.26237687 0.26010942 0.25567345
 0.23728648 0.21977185 0.24483157 0.26641561 0.26653156 0.27138938
 0.26609507 0.26822408 0.27369308 0.27069503 0.26506873 0.25377837
 0.2778797  0.30359046 0.32809149 0.32975574 0.32435713 0.31171932
 0.29819762 0.29555245 0.31487061 0.38942939]","[0.39995678 0.29132572 0.25197952 0.24917455 0.2768245  0.26409817
 0.26018579 0.28627954 0.27867318 0.19790494 0.20712879 0.23447064
 0.23805168 0.23062676 0.22600005 0.22534835 0.23405493 0.2427852
 0.25546199 0.23897184 0.24419703 0.26429058 0.27729973 0.2786873
 0.26628242 0.28378054 0.25538149 0.25562807 0.24096541 0.21621301
 0.23040517 0.2628594  0.29660077 0.3026492  0.30360341 0.28096326
 0.27128185 0.27628311 0.30030546 0.37458537]","[0.39919648 0.29051539 0.25010731 0.24722286 0.27474448 0.26317583
 0.25938174 0.28467471 0.2782596  0.19684553 0.20562448 0.23288209
 0.23551411 0.22811336 0.22431838 0.22325944 0.23209976 0.23837535
 0.24783295 0.22993461 0.2388733  0.26232513 0.27518122 0.27349632
 0.26764947 0.28477015 0.26596843 0.26878822 0.25602505 0.24123827
 0.31413087 0.45908717 0.62354271 0.75330441 0.85824657 0.9582003
 1.05344159 1.14838642 1.21892091 1.28465014]",0.0021428063,0.003738807,mean_absolute_error_optimizers.Nadam-lr=0.0005
0.004248386217902104,"[0.42795923 0.30979742 0.25746759 0.25844166 0.25968133 0.25576145
 0.2508751  0.25095506 0.24426906 0.22546003 0.24128014 0.25962073
 0.2663137  0.26106464 0.26728765 0.26790106 0.26736535 0.27067886
 0.26125236 0.24022904 0.26109317 0.28104835 0.28104614 0.27567548
 0.26716038 0.2673791  0.2691299  0.27437689 0.27492345 0.26224688
 0.28833467 0.31312242 0.33278364 0.34582865 0.351157   0.33435928
 0.31622956 0.31006458 0.33187525 0.40894875]","[0.39559289 0.28776107 0.25058571 0.24847738 0.27566971 0.26120328
 0.25644433 0.2835209  0.27579363 0.19578832 0.20483846 0.2325158
 0.2363103  0.22956774 0.22405339 0.22396548 0.23254207 0.24074056
 0.25191645 0.23682639 0.2430852  0.26298393 0.27453722 0.27562622
 0.26610704 0.28288554 0.25421597 0.2547095  0.23917726 0.21405516
 0.22800377 0.26105886 0.29605009 0.30150974 0.30171768 0.28037769
 0.26978527 0.2743572  0.29652012 0.36997874]","[0.39464825 0.28686271 0.24864023 0.24614772 0.27315313 0.26052301
 0.2565702  0.28315718 0.27534878 0.19511699 0.20404249 0.23120664
 0.2333322  0.22666911 0.22183119 0.22166888 0.2313059  0.2380125
 0.24402211 0.22734811 0.23679593 0.25985006 0.27191688 0.27089799
 0.27067174 0.28877975 0.27113663 0.27503251 0.26031368 0.24387768
 0.31638683 0.46116293 0.62660188 0.75630023 0.86077525 0.96128414
 1.05638497 1.15131959 1.22161821 1.28682931]",0.0021876246,0.0038188319,mean_absolute_error_optimizers.Nadam-lr=0.0005
0.004225678025434414,"[0.41665407 0.30771057 0.2724557  0.27325271 0.27055149 0.2635061
 0.24692051 0.25353166 0.23835354 0.22195482 0.24185362 0.25494392
 0.26010899 0.26409871 0.2617641  0.2585512  0.26683623 0.26993247
 0.25435554 0.23725719 0.24801414 0.26909126 0.27628959 0.27534105
 0.27304085 0.26669331 0.27584104 0.27655473 0.26735142 0.25449101
 0.28118104 0.30462438 0.3317497  0.33795798 0.33531012 0.33050711
 0.3156222  0.3060998  0.33239487 0.40014201]","[0.39355701 0.28546077 0.24983762 0.24790926 0.27476615 0.25962422
 0.25604506 0.28456625 0.27753306 0.19538568 0.20429179 0.23152084
 0.23506014 0.22950935 0.22386904 0.2232027  0.23260284 0.24154676
 0.25488144 0.23832657 0.24257899 0.26169767 0.27435312 0.27701826
 0.26393034 0.28176085 0.25114736 0.25108676 0.23554123 0.21057623
 0.22690346 0.26101037 0.29472172 0.30045945 0.30161285 0.2792734
 0.27032912 0.27608712 0.30035546 0.37531054]","[0.3923481  0.28423581 0.24738899 0.24550885 0.27255292 0.25907584
 0.25597402 0.28355613 0.2770673  0.1944239  0.20284929 0.22959208
 0.23155332 0.22594617 0.22123965 0.22027941 0.23027175 0.2374988
 0.24699759 0.2297151  0.23747995 0.26020908 0.27334679 0.27342157
 0.26913306 0.28618537 0.26494326 0.2668596  0.25396121 0.23979134
 0.31465531 0.46129318 0.62640052 0.75635973 0.86068205 0.96100579
 1.05643644 1.15210866 1.22308099 1.28874655]",0.0021792974,0.0037995721,mean_absolute_error_optimizers.Nadam-lr=0.0005
0.004151442357649406,"[0.41106772 0.30216813 0.26198037 0.25714098 0.26824624 0.26017681
 0.25289117 0.25011156 0.24915265 0.22725804 0.24405786 0.24739683
 0.25334698 0.25396829 0.25310825 0.26269058 0.26246044 0.27075979
 0.24549448 0.22594615 0.25002119 0.26797283 0.27287572 0.26952989
 0.26745258 0.26358724 0.2683327  0.26167618 0.25710787 0.24196385
 0.26970996 0.30277442 0.32454434 0.32793504 0.32472307 0.3099575
 0.29998206 0.30053956 0.31996137 0.39518459]","[0.38888902 0.28170985 0.24668176 0.24544332 0.27320227 0.25743786
 0.25272999 0.28153336 0.27241051 0.19331514 0.20287356 0.22766961
 0.22923465 0.22182674 0.21580106 0.21680318 0.22724366 0.23716214
 0.25171611 0.23640477 0.24160113 0.26184341 0.27477376 0.27653169
 0.26415222 0.28006203 0.2504888  0.25143884 0.23605566 0.21069446
 0.22469584 0.25860457 0.29157945 0.29588971 0.29681597 0.27583221
 0.26637542 0.27211593 0.29485619 0.36981677]","[0.38786291 0.28062044 0.24452051 0.24303548 0.27070194 0.25646322
 0.25241004 0.28064609 0.27188949 0.19236317 0.20143565 0.22609168
 0.22620422 0.21864949 0.21355285 0.21417867 0.22562597 0.23407166
 0.24470073 0.22853661 0.23713685 0.26067372 0.27473899 0.27473831
 0.27114467 0.28643277 0.26662818 0.27038233 0.25631918 0.23957515
 0.31228662 0.45886746 0.62484312 0.75447312 0.85974389 0.96075807
 1.05617494 1.15168545 1.22252361 1.28821183]",0.002113617,0.0037045626,mean_absolute_error_optimizers.Nadam-lr=0.0005
0.004118131936217348,"[0.39875289 0.29116514 0.25739063 0.24893421 0.24101411 0.24305126
 0.24046855 0.24384318 0.24072141 0.21991009 0.24408958 0.25713238
 0.25877842 0.24724393 0.2412171  0.24761708 0.2514085  0.25377267
 0.25149945 0.23642866 0.25430806 0.26366132 0.25553273 0.26181435
 0.25605142 0.25829038 0.27055089 0.27419376 0.26823265 0.24304753
 0.26708686 0.29834725 0.32064519 0.32467541 0.3316361  0.32248079
 0.30574957 0.30110421 0.3376047  0.41743121]","[0.38751979 0.28006321 0.24723681 0.24618248 0.2730891  0.25753589
 0.2540503  0.28295357 0.27389704 0.19195387 0.20098124 0.22806792
 0.23024022 0.22329801 0.21651388 0.21498028 0.22527793 0.23664114
 0.2515295  0.23566336 0.24215614 0.26155802 0.27292055 0.27364318
 0.26140653 0.27942941 0.24956885 0.25043808 0.23608461 0.21187364
 0.22582231 0.2590047  0.29032982 0.29475405 0.29678685 0.27658133
 0.26733878 0.27401254 0.29748173 0.37179503]","[0.3867399  0.27928428 0.24518228 0.24427306 0.27126517 0.25707923
 0.25393486 0.28169725 0.2728741  0.19035553 0.19920485 0.2262889
 0.22713251 0.22024066 0.21458326 0.21249902 0.22354634 0.23330217
 0.24425102 0.22714062 0.23658021 0.25930902 0.27138317 0.26942153
 0.26496443 0.28179485 0.26042011 0.2636202  0.24905923 0.23351673
 0.31006003 0.45869282 0.62577654 0.75623134 0.86156231 0.96261316
 1.05832002 1.15423204 1.22502292 1.290364  ]",0.0021566553,0.0037759044,mean_absolute_error_optimizers.Nadam-lr=0.0005
0.0040819028404851755,"[0.41260471 0.30233769 0.26184617 0.26073871 0.26070105 0.25995809
 0.25122887 0.25708475 0.2506557  0.23692165 0.2592069  0.27464829
 0.27396963 0.27167495 0.26380604 0.24319941 0.24903261 0.25815913
 0.24689756 0.23438378 0.25065657 0.26372605 0.26981635 0.26649598
 0.26174315 0.27153959 0.27351992 0.27752944 0.2675601  0.24467032
 0.27474505 0.3073875  0.32091063 0.33135965 0.3304001  0.32140031
 0.31069271 0.31017325 0.32842124 0.40848409]","[0.38289874 0.2773602  0.24792537 0.24711792 0.27343466 0.25722159
 0.25246071 0.27983517 0.26993283 0.18992957 0.20015678 0.22872918
 0.23038835 0.22202837 0.21495103 0.2144205  0.22432866 0.23553455
 0.25193602 0.23743244 0.24121424 0.259644   0.27197014 0.27398128
 0.26290941 0.28100037 0.25096319 0.25240161 0.23759305 0.21171183
 0.22519201 0.2573207  0.28883192 0.29283199 0.29474418 0.27433411
 0.26575327 0.27143016 0.29400384 0.36793111]","[0.38202363 0.27646092 0.24559986 0.24470647 0.27087976 0.25675243
 0.25276104 0.27969848 0.26970835 0.19015555 0.19998176 0.22786144
 0.22741716 0.21840722 0.21247979 0.21234341 0.22309827 0.23232543
 0.24432762 0.22876176 0.23588362 0.25779652 0.27117492 0.27082559
 0.26859606 0.28579158 0.26442883 0.27022876 0.25800227 0.24176522
 0.31346582 0.45741763 0.62280027 0.75321844 0.86071955 0.961191
 1.05704301 1.15313678 1.22425329 1.29027187]",0.0021547615,0.0037619765,mean_absolute_error_optimizers.Nadam-lr=0.0005
0.004042091612393658,"[0.39522365 0.28545171 0.23477659 0.24095748 0.24244165 0.23263513
 0.22546122 0.22905531 0.22309739 0.20813487 0.23531039 0.25580664
 0.26826043 0.25778097 0.26020936 0.24096433 0.24896131 0.25423759
 0.23754909 0.21533751 0.22672998 0.24939582 0.25403983 0.25776653
 0.25703827 0.25177045 0.25839998 0.26853805 0.26202863 0.23680254
 0.26857912 0.2919429  0.31021396 0.31858523 0.30527231 0.3001406
 0.28684025 0.28045097 0.30855189 0.38101694]","[0.38183921 0.27560668 0.24551429 0.24469403 0.26918946 0.25433912
 0.25080173 0.28026976 0.27225095 0.1904849  0.19909237 0.22631906
 0.2292909  0.22204394 0.21768999 0.21604547 0.22332021 0.23517204
 0.25103418 0.23465212 0.23947417 0.25857129 0.27084264 0.27250381
 0.26048626 0.27679388 0.24693887 0.24745362 0.23271319 0.20905942
 0.22386873 0.25556175 0.28612468 0.29002627 0.29280363 0.27345816
 0.2655396  0.27197185 0.29407175 0.36815625]","[0.38092928 0.27471966 0.24346521 0.24244678 0.26712798 0.25388005
 0.25079207 0.27946466 0.27114859 0.18897451 0.19769204 0.22485359
 0.22619698 0.21889717 0.2157211  0.21412217 0.22274539 0.2327606
 0.24458195 0.22675263 0.23405782 0.25562764 0.26804462 0.26716
 0.2630019  0.27891283 0.25728061 0.26153948 0.24819905 0.23402827
 0.3095722  0.45624034 0.62282476 0.75358134 0.8601232  0.9615958
 1.05822273 1.15448994 1.22554911 1.29071628]",0.002120433,0.0037216367,mean_absolute_error_optimizers.Nadam-lr=0.0005
0.003972315092881521,"[0.38749206 0.27340764 0.22646515 0.23166473 0.23419872 0.22764132
 0.22438159 0.22837707 0.22968629 0.20845492 0.21875697 0.23100981
 0.23064559 0.23408427 0.22910278 0.23096363 0.23728893 0.23719915
 0.22932525 0.22023474 0.22382889 0.23964719 0.24955431 0.24689817
 0.23952711 0.23954481 0.24714649 0.2503138  0.24602015 0.22747603
 0.25285386 0.28842777 0.30073006 0.30912689 0.302083   0.29651649
 0.28590289 0.29186491 0.31866775 0.39164629]","[0.37548222 0.27027259 0.2436635  0.24660043 0.2720281  0.25571651
 0.25105322 0.27958315 0.27088557 0.19031701 0.19653494 0.22358551
 0.22579632 0.21834464 0.21180937 0.2110662  0.2207363  0.23315034
 0.24999086 0.23345969 0.2375686  0.25605954 0.26782302 0.26882096
 0.25644223 0.27216699 0.24277291 0.24632284 0.23306214 0.20892666
 0.22297667 0.25562528 0.28476514 0.28849234 0.29131829 0.27107421
 0.26206738 0.26732178 0.2889105  0.36502148]","[0.37484479 0.2696816  0.24224575 0.24439917 0.2697602  0.2551944
 0.25109041 0.27912153 0.26975221 0.18905622 0.19537523 0.22212259
 0.22242816 0.21467995 0.20899387 0.20781141 0.2184357  0.22899533
 0.24290352 0.22576859 0.23330765 0.25460476 0.26660938 0.26529258
 0.26105697 0.27665892 0.25562176 0.26248748 0.25112477 0.23675868
 0.31083091 0.45775931 0.62458842 0.755369   0.86194617 0.96360902
 1.06001722 1.15591318 1.22605125 1.29133444]",0.0020952488,0.0036693863,mean_absolute_error_optimizers.Nadam-lr=0.0005
0.003955410202965141,"[0.42292586 0.31961802 0.26371154 0.26996944 0.27316849 0.26263811
 0.25564861 0.25739943 0.2444992  0.22396712 0.2436305  0.25782802
 0.26866233 0.26067847 0.2552533  0.26085537 0.26813632 0.2709452
 0.25538089 0.23909776 0.25108939 0.27088256 0.2726385  0.27152841
 0.26233095 0.26467112 0.27697492 0.28555602 0.27834578 0.24616632
 0.27288301 0.30101582 0.32272561 0.32470475 0.32732543 0.3312213
 0.32098774 0.31905185 0.34628685 0.42104526]","[0.37679568 0.27099282 0.24333733 0.24331515 0.26923255 0.25336477
 0.24904863 0.27897293 0.27250353 0.1901396  0.19696719 0.22216831
 0.22491313 0.21798167 0.21166745 0.21173085 0.22168657 0.23221118
 0.24822842 0.23372055 0.23768788 0.25612765 0.26821847 0.27010283
 0.25955107 0.27736745 0.24701873 0.24913474 0.23475032 0.21000987
 0.2235248  0.25527064 0.28668848 0.29086926 0.29292643 0.272549
 0.26505775 0.27358611 0.29563267 0.36996184]","[0.37643062 0.27076723 0.24233142 0.24179282 0.2677955  0.25376062
 0.2497552  0.27915003 0.27198795 0.18954469 0.19626253 0.22085867
 0.22180693 0.21457954 0.20914115 0.20910474 0.22000337 0.22906747
 0.24142762 0.22600082 0.23323854 0.25463337 0.26767416 0.26761079
 0.26550149 0.28354046 0.26251789 0.26924965 0.25760798 0.24294426
 0.31489576 0.458264   0.62533735 0.75581942 0.86163438 0.96245834
 1.0585554  1.15478345 1.22567533 1.29214113]",0.0021467826,0.0037431377,mean_absolute_error_optimizers.Nadam-lr=0.0005
0.003964991188297669,"[0.38128763 0.26979724 0.22796556 0.24153592 0.23349451 0.22758792
 0.21962862 0.2224886  0.21642389 0.20073292 0.21564    0.23274027
 0.23159975 0.22891877 0.22713317 0.23021835 0.24419087 0.23912192
 0.23288747 0.2195812  0.22694942 0.23587774 0.23854163 0.24405897
 0.24133323 0.24994759 0.25789258 0.26295254 0.2534935  0.23790503
 0.26143209 0.29585356 0.31448781 0.31076334 0.31384073 0.29959142
 0.28643204 0.28175123 0.31439615 0.38004001]","[0.3732125  0.26709763 0.24019772 0.2408185  0.26656412 0.25024612
 0.24621653 0.27678377 0.26926768 0.186044   0.19465563 0.22099491
 0.22454733 0.21815935 0.2130352  0.2132366  0.22391431 0.23552072
 0.25056487 0.23548055 0.23860959 0.25423163 0.26505573 0.26686035
 0.2539483  0.27128905 0.24176153 0.24400933 0.23129289 0.20791843
 0.22225315 0.2541869  0.28228767 0.28543327 0.28778078 0.26822305
 0.26109232 0.26815183 0.28896847 0.36425681]","[0.37210841 0.26603393 0.23877242 0.23889063 0.26503393 0.25075194
 0.24712593 0.27662443 0.26839437 0.1850763  0.19307732 0.21912631
 0.22096961 0.21462382 0.21027113 0.21008563 0.22229678 0.23283744
 0.24376888 0.22702963 0.23232371 0.25074262 0.26224791 0.26153116
 0.25653598 0.27256396 0.25044171 0.25625439 0.24553231 0.23206115
 0.30899455 0.45777661 0.62445658 0.75559509 0.8624658  0.96405534
 1.06069563 1.15646749 1.22657675 1.29216619]",0.0020726502,0.0036506008,mean_absolute_error_optimizers.Nadam-lr=0.0005
0.003911751025045911,"[0.39499268 0.28380779 0.2425949  0.25325248 0.25734678 0.2523791
 0.24427438 0.24650203 0.24002402 0.22272123 0.24042303 0.24891221
 0.2523653  0.24169241 0.24167265 0.24168985 0.25338527 0.25348435
 0.24620608 0.22784863 0.24434873 0.25616085 0.25835311 0.26525092
 0.25456565 0.25307743 0.25577261 0.26471414 0.25599592 0.24111361
 0.27377422 0.29788589 0.31954458 0.319552   0.31556619 0.30095279
 0.28930979 0.28569108 0.31172884 0.38342405]","[0.37140907 0.26559886 0.23816268 0.23946847 0.26410534 0.24842396
 0.24666106 0.27833919 0.26611174 0.18352376 0.19249037 0.22086723
 0.22348036 0.21485564 0.20974338 0.2088943  0.219124   0.22955658
 0.24454547 0.23169564 0.23753142 0.25490616 0.26511547 0.26588199
 0.25299535 0.27047872 0.24135777 0.24446656 0.23103994 0.20660212
 0.22060704 0.25282721 0.28416201 0.28907313 0.28972432 0.26853117
 0.26066374 0.26625668 0.28925296 0.36416897]","[0.37002423 0.26413741 0.236677   0.23779206 0.26263903 0.24901986
 0.24754735 0.27848446 0.26515373 0.18229836 0.19121971 0.21915498
 0.21982693 0.2112323  0.20732435 0.20678566 0.21880716 0.22837432
 0.23893922 0.22417447 0.23252842 0.25310867 0.26436753 0.26287899
 0.25780892 0.274653   0.25439644 0.26207308 0.25183818 0.23811303
 0.31262286 0.45853011 0.62506086 0.75605605 0.86174849 0.96144314
 1.05655824 1.15209132 1.22333889 1.29005734]",0.0020925545,0.0036997953,mean_absolute_error_optimizers.Nadam-lr=0.0005
0.0038499528424193463,"[0.3842555  0.27825306 0.23602844 0.23634189 0.23141852 0.22784214
 0.22293002 0.22980888 0.22767365 0.20531438 0.2171942  0.22921413
 0.23771093 0.23445991 0.23082075 0.23293274 0.23757379 0.24213601
 0.24052725 0.23201455 0.24693259 0.25874033 0.26237626 0.25752075
 0.25379346 0.25474598 0.26063901 0.2639296  0.2565751  0.24151308
 0.2697023  0.28854099 0.30646434 0.31456057 0.31662068 0.29333302
 0.28448487 0.27940672 0.30519458 0.37587907]","[0.36936441 0.26308106 0.23692638 0.23984318 0.26375433 0.24766811
 0.24608685 0.27796519 0.26522897 0.18272007 0.19112246 0.21823139
 0.22136356 0.21525956 0.21044234 0.20979066 0.21896131 0.23070062
 0.24624121 0.23298859 0.23701801 0.25327709 0.26375163 0.26505704
 0.25323331 0.26996396 0.23930998 0.2430517  0.23031303 0.20570346
 0.21840915 0.24989504 0.27977309 0.28385717 0.28552073 0.26612121
 0.25819794 0.26460315 0.28688643 0.36161728]","[0.36867301 0.26243843 0.23598379 0.23877234 0.26268293 0.24856045
 0.2472592  0.27850863 0.2641864  0.18162134 0.19002837 0.21670804
 0.21770887 0.2112246  0.20689484 0.20672356 0.21807796 0.22931825
 0.23993459 0.22470599 0.23134918 0.25046321 0.26172764 0.26038439
 0.25650903 0.27279813 0.25102225 0.25953925 0.24961549 0.23537997
 0.30942209 0.45551358 0.6245756  0.75645882 0.8634435  0.96492402
 1.06099875 1.15672211 1.22715126 1.29293394]",0.0020849917,0.0036772208,mean_absolute_error_optimizers.Nadam-lr=0.0005
0.003870461250965794,"[0.40020365 0.28153171 0.24659193 0.25086087 0.25028089 0.23458065
 0.22792737 0.22810761 0.23239097 0.21042041 0.22870337 0.24156438
 0.24186437 0.24146821 0.23992286 0.2407577  0.25035698 0.25833727
 0.24833274 0.22385548 0.241731   0.25631137 0.26484131 0.25827078
 0.26334352 0.26693998 0.27082037 0.28563179 0.27923977 0.25877216
 0.2820094  0.30814264 0.32533744 0.32665138 0.32903249 0.32165397
 0.30846053 0.30254913 0.32468815 0.39361168]","[0.36831138 0.26197368 0.23654991 0.23906913 0.26367308 0.24736061
 0.24426537 0.2766124  0.26658822 0.18597997 0.19433892 0.21955203
 0.21991834 0.21385997 0.20868209 0.20728286 0.21608504 0.22904736
 0.24405674 0.23002605 0.23502012 0.25188554 0.2633475  0.26521765
 0.2533662  0.27066826 0.24146696 0.24396146 0.23010506 0.20570407
 0.21977252 0.25152524 0.27963791 0.28273962 0.28497233 0.26625211
 0.25903921 0.2649971  0.28523047 0.35898114]","[0.36776672 0.26136771 0.23562704 0.23782366 0.26232409 0.24766312
 0.24455396 0.27605322 0.26542082 0.18451041 0.19247413 0.21713839
 0.21560771 0.20969186 0.20508121 0.20474791 0.21585676 0.22823043
 0.23802071 0.22170759 0.22890207 0.248323   0.26027013 0.25956996
 0.25423837 0.26996751 0.24875557 0.25596538 0.24477564 0.23119272
 0.30884434 0.45714606 0.62602067 0.7584436  0.86593334 0.96710745
 1.06315821 1.158438   1.22823717 1.2929374 ]",0.0021152887,0.0037273108,mean_absolute_error_optimizers.Nadam-lr=0.0005
0.0038401716904093823,"[0.3992246  0.28246689 0.23485623 0.24281779 0.24839376 0.23496645
 0.22803435 0.23265738 0.22559878 0.20791263 0.22508374 0.24002933
 0.24838122 0.25528812 0.25195283 0.26126657 0.25488752 0.24766545
 0.23890112 0.21916497 0.24017043 0.25828537 0.26670859 0.26018242
 0.25834859 0.25369041 0.26090826 0.26502702 0.25479065 0.24330468
 0.2811122  0.30493809 0.32347952 0.32347464 0.32057987 0.30623597
 0.29566181 0.30042679 0.33225905 0.4079903 ]","[0.36598603 0.26157999 0.23631978 0.23885952 0.26225364 0.24521877
 0.24257076 0.2753651  0.26271033 0.18196988 0.19042393 0.21933486
 0.22218203 0.21386749 0.20660796 0.20647289 0.21743509 0.2300042
 0.24420811 0.22938184 0.23302751 0.25003896 0.26197801 0.26337046
 0.25301415 0.27148176 0.24170684 0.24541152 0.23153417 0.20682614
 0.21958909 0.25019625 0.27849003 0.28224104 0.28370468 0.26452009
 0.25694335 0.26315746 0.28611407 0.36115693]","[0.3652742  0.26066587 0.23505704 0.23787302 0.26142123 0.24652873
 0.24378688 0.27551781 0.26191634 0.18072411 0.1888399  0.21745901
 0.21864869 0.21024306 0.20401278 0.20436745 0.21643314 0.22827916
 0.2377202  0.22079248 0.22695008 0.24643841 0.25881746 0.25789634
 0.25457533 0.27131342 0.24901312 0.25611803 0.24420723 0.22981955
 0.30692052 0.45551037 0.6240948  0.75613965 0.86289592 0.96357351
 1.05912253 1.15452056 1.22509688 1.29038307]",0.0021211375,0.0037698313,mean_absolute_error_optimizers.Nadam-lr=0.0005
0.0038175352476537226,"[0.39508101 0.29248766 0.25603688 0.26081147 0.25813196 0.2491532
 0.23808234 0.23491174 0.22868424 0.20780033 0.2258075  0.2371838
 0.24123161 0.24576197 0.2386519  0.22954349 0.23716182 0.23999614
 0.23388762 0.2160094  0.22387303 0.22727065 0.22875342 0.22881295
 0.22313146 0.22242323 0.23965081 0.24541742 0.23814691 0.22305148
 0.24413463 0.27094469 0.28881917 0.29969792 0.29671743 0.29508528
 0.28013747 0.2768504  0.2996165  0.37570638]","[0.36308676 0.25926084 0.23474352 0.23799327 0.26205    0.24519758
 0.24346501 0.27665965 0.26555681 0.18479629 0.19314855 0.21901934
 0.21965254 0.21121578 0.20570773 0.20557255 0.21655602 0.22994328
 0.24606223 0.23215602 0.23488828 0.24964429 0.26034264 0.2617895
 0.25069555 0.26803614 0.2370806  0.2408786  0.22854609 0.20447848
 0.21794761 0.24859869 0.27721192 0.28035736 0.28385421 0.26598297
 0.25942778 0.26659388 0.28656536 0.35953311]","[0.36248135 0.25859144 0.23405352 0.23719531 0.26133121 0.24609468
 0.24417817 0.27680918 0.26447222 0.18353166 0.19177398 0.21682832
 0.21557063 0.20684442 0.20195771 0.20227013 0.21509472 0.22826129
 0.23987354 0.22414803 0.22958565 0.24775252 0.259768   0.25939081
 0.25630679 0.27180558 0.24893709 0.25772617 0.24828559 0.23462287
 0.3095531  0.45725521 0.62564321 0.7573173  0.86421162 0.96589266
 1.06208234 1.15789837 1.2278794  1.2930766 ]",0.002041675,0.0036076417,mean_absolute_error_optimizers.Nadam-lr=0.0005
0.003763387616102894,"[0.37893604 0.27248273 0.23705254 0.23859125 0.23541552 0.22941409
 0.23108792 0.23832127 0.22770608 0.20552737 0.21865396 0.23079653
 0.22672504 0.235839   0.23489888 0.23091606 0.23907359 0.24052379
 0.23017138 0.21327993 0.22288643 0.24122367 0.2443158  0.23849105
 0.23792173 0.24048185 0.24989059 0.25580234 0.25263869 0.23645818
 0.25777104 0.29013742 0.30368095 0.30419317 0.30845451 0.30341927
 0.29050215 0.29108219 0.31877527 0.39791087]","[0.36142546 0.25602114 0.23329041 0.239224   0.26415298 0.24667687
 0.24397504 0.27759082 0.26555149 0.18274362 0.1896177  0.21691081
 0.21999662 0.21401887 0.20932787 0.2075674  0.21575124 0.22666722
 0.24413175 0.23283446 0.23733549 0.25139398 0.26114427 0.26235373
 0.25045556 0.2678752  0.23810829 0.24154389 0.22818782 0.20553738
 0.22121485 0.25199206 0.27860968 0.28115825 0.28460219 0.26720747
 0.26085697 0.26699335 0.28635784 0.36033591]","[0.36075301 0.25513037 0.23193655 0.23834854 0.26353432 0.24786701
 0.24479826 0.27776799 0.26465149 0.18199555 0.18873271 0.21529832
 0.21629203 0.21056816 0.20671859 0.20509954 0.21469138 0.22491417
 0.23744977 0.22434111 0.2315959  0.24860236 0.25969575 0.25829785
 0.25328887 0.26881693 0.24586735 0.25448262 0.24390926 0.23156023
 0.30979293 0.45842115 0.62740074 0.75943496 0.86639867 0.96769837
 1.06357009 1.15927191 1.23033721 1.29687045]",0.00203891,0.0036134045,mean_absolute_error_optimizers.Nadam-lr=0.0005
0.0037813045748819906,"[0.39580181 0.28208447 0.24342256 0.25471177 0.26169253 0.25336094
 0.2389254  0.24398655 0.24219721 0.2248051  0.23484587 0.24672196
 0.25086529 0.24630462 0.25014468 0.25124839 0.25546635 0.25406355
 0.247903   0.22615706 0.24015669 0.25253957 0.2569647  0.26063612
 0.25338259 0.25073258 0.25808594 0.25870981 0.25098997 0.24162788
 0.26801469 0.29631756 0.31148729 0.32656878 0.31727739 0.30648567
 0.29803632 0.29565678 0.32573258 0.39878098]","[0.35925652 0.25587733 0.23388896 0.23734426 0.26172681 0.24368632
 0.24139278 0.27417095 0.26372564 0.17944994 0.18830327 0.21604306
 0.21787526 0.2087192  0.20300982 0.20220382 0.21239538 0.22531172
 0.24195051 0.22802106 0.2320381  0.24831863 0.26016531 0.26309106
 0.24911443 0.26474882 0.23389607 0.23777612 0.22475977 0.20204283
 0.21726131 0.24750995 0.27335408 0.27558994 0.27848526 0.26055309
 0.25458693 0.26121356 0.28287042 0.35759042]","[0.35847886 0.25497945 0.23259091 0.23584592 0.26032717 0.24368985
 0.24135101 0.27394143 0.26225219 0.17825044 0.18706872 0.21407447
 0.21385046 0.20447581 0.19937381 0.19893406 0.21090635 0.22334603
 0.23489984 0.21875662 0.22522331 0.24429641 0.25698015 0.25708161
 0.25022251 0.26486128 0.24096192 0.24994135 0.23995038 0.22710052
 0.30604042 0.45594338 0.62485269 0.75676216 0.86364778 0.96442857
 1.06040986 1.15592915 1.22659459 1.29296358]",0.002112048,0.0037316263,mean_absolute_error_optimizers.Nadam-lr=0.0005
0.0037515345389644303,"[0.39521144 0.27711637 0.2438695  0.24905943 0.25386212 0.23917613
 0.22870623 0.24042264 0.23875213 0.21722893 0.23579897 0.25633831
 0.25351883 0.24697825 0.24145608 0.24591923 0.25678032 0.25821988
 0.24963286 0.23337457 0.25068011 0.26124536 0.26036488 0.25472445
 0.25263751 0.25638627 0.26655032 0.26580003 0.24949843 0.23448504
 0.25931951 0.28224975 0.30071667 0.31265168 0.3073031  0.29141946
 0.27826993 0.28289456 0.31128648 0.37900195]","[0.35925584 0.25486791 0.23255246 0.23813798 0.26131908 0.24402092
 0.24045959 0.27251059 0.26265983 0.1780506  0.1873744  0.21638211
 0.21809605 0.20877032 0.20240969 0.200714   0.21186774 0.22499956
 0.24138539 0.22798334 0.23238818 0.24800977 0.25909568 0.26076238
 0.24735483 0.26474591 0.23512023 0.23958867 0.22749691 0.2046848
 0.21852694 0.24842619 0.27387523 0.27641816 0.27947203 0.26126314
 0.25495395 0.26125946 0.28176979 0.35653102]","[0.35826615 0.25403967 0.23150672 0.23778009 0.26119351 0.24534693
 0.24139264 0.27264479 0.26144231 0.17670759 0.18588921 0.21411808
 0.21405529 0.20492881 0.19984588 0.19903182 0.21197282 0.22414201
 0.23515955 0.21939641 0.22593939 0.24417028 0.2560887  0.25526085
 0.24992848 0.26660709 0.24442118 0.25365108 0.24500596 0.23230847
 0.30863627 0.45727791 0.62487989 0.75675979 0.8632381  0.9641951
 1.05989248 1.15507321 1.2250073  1.29038573]",0.0020808515,0.0036914502,mean_absolute_error_optimizers.Nadam-lr=0.0005
0.0037081740436454612,"[0.38027682 0.27211948 0.22602635 0.24812583 0.24334601 0.23225468
 0.23067724 0.2274254  0.22238874 0.2019396  0.2197296  0.23116656
 0.2355299  0.2304889  0.23957317 0.23504108 0.23454952 0.23483866
 0.22423525 0.2053909  0.22074242 0.23655839 0.23954042 0.23586721
 0.24363694 0.24283551 0.25327867 0.26273961 0.25180555 0.22825628
 0.25168119 0.28059992 0.29838143 0.30941825 0.31347119 0.30418931
 0.29632058 0.29747927 0.31800174 0.3858565 ]","[0.35839927 0.25409343 0.23308954 0.23644117 0.26066324 0.24402366
 0.24205824 0.27527962 0.26239058 0.18194883 0.19158661 0.21892216
 0.22074575 0.21238973 0.20481353 0.20343182 0.21391102 0.22647002
 0.24257007 0.22871708 0.23303669 0.2507926  0.2628611  0.2647684
 0.2507489  0.26719958 0.23484646 0.23825751 0.22592012 0.20362012
 0.21859567 0.2490464  0.27396247 0.27630415 0.27992194 0.26148512
 0.25538009 0.26002402 0.28154153 0.35678227]","[0.35767    0.25327214 0.2320911  0.23614354 0.26034363 0.24498329
 0.24239221 0.27491598 0.26150729 0.18127015 0.19072361 0.21755788
 0.21741756 0.20879655 0.2020226  0.20117781 0.21366634 0.22536152
 0.23576946 0.21919218 0.22567571 0.24572625 0.25835821 0.25776289
 0.25120425 0.26597471 0.24088901 0.24943668 0.24004637 0.22777146
 0.30703398 0.45686645 0.62511753 0.75735583 0.86395171 0.96468528
 1.06076988 1.15604506 1.22684031 1.29332938]",0.0020255183,0.0035983014,mean_absolute_error_optimizers.Nadam-lr=0.0005
0.003709956232458353,"[0.39705232 0.28968425 0.24722812 0.24546842 0.24823576 0.23424497
 0.22396176 0.22549783 0.21984184 0.19784845 0.20803131 0.22479076
 0.23064935 0.23191462 0.23043397 0.23906153 0.23366749 0.24103986
 0.23367199 0.22398614 0.24397812 0.26288229 0.26476039 0.2632077
 0.25598951 0.25783868 0.26253379 0.2652559  0.2572651  0.24515579
 0.26276553 0.28370006 0.30521025 0.3048154  0.30301342 0.29324577
 0.27550251 0.27380736 0.29210472 0.36322272]","[0.35643565 0.2512301  0.22944931 0.23424086 0.25702229 0.24008668
 0.2390059  0.27173194 0.26165771 0.17719208 0.18556498 0.21307864
 0.21690889 0.21013677 0.20312615 0.20009247 0.21081209 0.2235423
 0.24035244 0.22763606 0.2304458  0.24522362 0.25607604 0.25801525
 0.24555928 0.26109348 0.23059769 0.23554745 0.22375999 0.20161554
 0.21651853 0.24609213 0.27102161 0.27236582 0.27587469 0.25877186
 0.25230595 0.25780995 0.27775123 0.35097527]","[0.35556259 0.25039756 0.22853624 0.23354331 0.25609168 0.24029358
 0.23879651 0.27113817 0.26081635 0.17599133 0.18428499 0.21152696
 0.21341043 0.20615677 0.20024254 0.19837153 0.21158511 0.22347712
 0.23480699 0.21928159 0.22448473 0.24141601 0.25300237 0.25266761
 0.24860916 0.26304963 0.23983031 0.24956279 0.24068012 0.22826995
 0.30637725 0.45490477 0.6244799  0.75700493 0.86505427 0.96613188
 1.0615572  1.15593861 1.22559067 1.29139919]",0.002066443,0.0036749206,mean_absolute_error_optimizers.Nadam-lr=0.0005
0.003664402723312378,"[0.3909179  0.27859533 0.24325556 0.24418492 0.24304309 0.23319787
 0.22335949 0.23100565 0.22802771 0.19326982 0.21610996 0.23436185
 0.23608101 0.23132331 0.23529141 0.23561562 0.23564615 0.23464506
 0.22488773 0.2058694  0.22315091 0.24373716 0.24761185 0.23904439
 0.23492894 0.23230483 0.2460421  0.25454958 0.23689588 0.22790676
 0.26177151 0.2930779  0.29753808 0.30306371 0.30945943 0.2986584
 0.29325932 0.29732211 0.31178114 0.38687423]","[0.35236215 0.24796027 0.22885025 0.23404351 0.25678003 0.24029038
 0.2387424  0.27254419 0.25941375 0.17512625 0.18253617 0.21172109
 0.21324554 0.20594325 0.20223439 0.20069162 0.20986853 0.22275081
 0.23989385 0.22777074 0.23068246 0.24465229 0.25423    0.25661935
 0.24601447 0.26360548 0.23222249 0.23644205 0.22306828 0.19939485
 0.21411831 0.24447397 0.27100427 0.27274844 0.27604502 0.25891461
 0.25386559 0.25874365 0.28000697 0.35452799]","[0.35160552 0.24722351 0.22806559 0.23397786 0.25664466 0.24120298
 0.23914868 0.27246008 0.25828274 0.17393915 0.18130718 0.20991543
 0.20944522 0.20172014 0.19843175 0.19753008 0.20930438 0.22163515
 0.23251071 0.21723938 0.22219965 0.23907069 0.24972548 0.24941985
 0.24492602 0.2604298  0.23593165 0.24560744 0.23594419 0.22342851
 0.30416468 0.4553905  0.62668702 0.7595265  0.8662986  0.96666626
 1.06158305 1.1554539  1.22490374 1.29061831]",0.002057231,0.0036675753,mean_absolute_error_optimizers.Nadam-lr=0.0005
0.00366036878960828,"[0.36799626 0.26106986 0.22592488 0.23645062 0.23351026 0.2305569
 0.23065269 0.23415001 0.22221514 0.19587858 0.20892408 0.22597427
 0.22587537 0.22555385 0.22174585 0.22305816 0.22238617 0.22090048
 0.2174672  0.19074171 0.20474688 0.23019105 0.23498237 0.22301807
 0.22176031 0.22305918 0.23428347 0.23333353 0.23128911 0.21785873
 0.2444129  0.26230636 0.2827244  0.29383872 0.2907082  0.28576865
 0.27932168 0.27716991 0.29975827 0.37025642]","[0.35201753 0.24882454 0.22857281 0.23315136 0.25527632 0.23772441
 0.23694127 0.27082415 0.25896391 0.17440804 0.18296052 0.21189199
 0.21399464 0.20600852 0.19858952 0.19791178 0.20920332 0.22215958
 0.23798528 0.22453127 0.22937201 0.24583544 0.25689106 0.2586083
 0.24577449 0.26141696 0.22963293 0.23405673 0.2218068  0.19961783
 0.21506512 0.2454132  0.2694786  0.27209787 0.27632105 0.25837083
 0.25121187 0.25422168 0.27402309 0.3497533 ]","[0.3513374  0.2481836  0.22790621 0.23337762 0.25556521 0.23902922
 0.23751206 0.27071041 0.25846208 0.17392128 0.1821768  0.21033799
 0.21044481 0.20229986 0.19597963 0.19575942 0.20909347 0.22157019
 0.23174584 0.21563674 0.22228344 0.2412091  0.25313385 0.25237843
 0.2467112  0.25990673 0.23479032 0.24498376 0.23611624 0.22440063
 0.30426363 0.45512066 0.62393034 0.75662896 0.86435928 0.9653533
 1.0613533  1.15614249 1.22633399 1.29321308]",0.001965857,0.0035101934,mean_absolute_error_optimizers.Nadam-lr=0.0005
0.0036882833397636813,"[0.38749481 0.28139636 0.24272433 0.24999987 0.26054938 0.25306812
 0.24424066 0.24912406 0.23724457 0.22077048 0.2335768  0.24890825
 0.24448979 0.24996145 0.24353367 0.25433795 0.24989444 0.25505901
 0.24050675 0.21862109 0.23542225 0.24722709 0.25721961 0.25444576
 0.24097569 0.24209888 0.25183096 0.26192455 0.24847841 0.23400089
 0.2598647  0.27761258 0.29355698 0.30023091 0.30647781 0.298047
 0.28892207 0.28494732 0.30522093 0.38514339]","[0.35041411 0.24771126 0.22918852 0.23420292 0.25642102 0.2396925
 0.24081809 0.27493997 0.25926153 0.1730999  0.18228852 0.21177084
 0.21453347 0.20615399 0.19894736 0.19627656 0.2062615  0.21970911
 0.23735618 0.22569309 0.23005274 0.24610015 0.25597138 0.2570347
 0.24484807 0.26171013 0.23000628 0.23495678 0.22272712 0.19986441
 0.21410725 0.24412342 0.26888503 0.27074391 0.27522069 0.25826693
 0.25128876 0.25689535 0.27575512 0.34931988]","[0.34955301 0.24675133 0.22824175 0.23354171 0.25556215 0.24004263
 0.24084994 0.27450209 0.25822964 0.17186953 0.18084349 0.20953762
 0.21026149 0.20148936 0.19542226 0.19382268 0.2061784  0.21937188
 0.23168522 0.2172819  0.22376819 0.24214582 0.25307834 0.25230077
 0.24820821 0.26354454 0.23879177 0.24819151 0.23948868 0.22807596
 0.30629834 0.45619631 0.62610493 0.75912889 0.86773917 0.96948035
 1.06639031 1.1628388  1.23376825 1.3002677 ]",0.002033013,0.003600748,mean_absolute_error_optimizers.Nadam-lr=0.0005
0.003624709985529383,"[0.37675981 0.25402221 0.22492201 0.23476123 0.23403118 0.21885117
 0.22008038 0.22629992 0.22010462 0.19522148 0.21014262 0.22605511
 0.23502864 0.2262241  0.22350623 0.22617322 0.23081165 0.23842605
 0.2274369  0.21390905 0.23081487 0.23742799 0.24428832 0.24192156
 0.22930139 0.23056779 0.23596944 0.24155422 0.23499127 0.22628739
 0.24765799 0.26874388 0.28552529 0.28940094 0.28987955 0.29105616
 0.27367552 0.26758279 0.29848992 0.36894579]","[0.3515184  0.24843106 0.22848377 0.23188633 0.25422104 0.23667063
 0.23565476 0.2694642  0.25854508 0.17404217 0.18352506 0.21193354
 0.21320839 0.20548011 0.19953338 0.19771894 0.20673416 0.21997212
 0.23774625 0.22405058 0.22623202 0.24251972 0.25370901 0.25577515
 0.2445808  0.26030486 0.22845645 0.23415205 0.22242773 0.19953645
 0.21444649 0.24338932 0.26727684 0.26841194 0.27273713 0.25611291
 0.24999745 0.25352182 0.27272546 0.34761917]","[0.35065797 0.24743188 0.22739986 0.23154811 0.25370723 0.23722356
 0.23602292 0.26942506 0.25737334 0.17291576 0.18256392 0.21054494
 0.20983934 0.2016145  0.19645973 0.1948511  0.20550596 0.21827472
 0.23034353 0.21485136 0.22004419 0.23961129 0.25201808 0.25236459
 0.24805123 0.26200082 0.23661824 0.24797938 0.23997933 0.22772281
 0.30571038 0.45642629 0.62570568 0.75836298 0.86615726 0.96754012
 1.0639292  1.15930378 1.22975899 1.29685014]",0.0019929474,0.0035525316,mean_absolute_error_optimizers.Nadam-lr=0.0005
0.0036128265392035247,"[0.38130274 0.2639401  0.2323611  0.23705637 0.23093108 0.22140942
 0.21714351 0.22050929 0.22022286 0.18897652 0.20797176 0.23167287
 0.24253423 0.23142238 0.22933596 0.23067386 0.23613928 0.23593659
 0.21892786 0.20078672 0.21511493 0.2351358  0.24276207 0.23529915
 0.23397279 0.23512282 0.23705009 0.24055797 0.23016208 0.22386373
 0.25753466 0.27761192 0.29168943 0.29830627 0.29404056 0.28485498
 0.27930873 0.27429725 0.29801782 0.37025454]","[0.34921793 0.24445512 0.22488742 0.23086259 0.25357821 0.23628706
 0.23616096 0.27050333 0.25481878 0.17176323 0.18326894 0.21313424
 0.21297174 0.20231167 0.19623778 0.19500738 0.20576655 0.2196975
 0.23717514 0.22434    0.22670467 0.24161514 0.25172783 0.2532762
 0.24197094 0.25735897 0.22598288 0.23230538 0.22080163 0.19823346
 0.2123192  0.24142707 0.26530377 0.26656889 0.27209236 0.25669017
 0.25187867 0.25758942 0.27517733 0.3479767 ]","[0.34832645 0.24346438 0.22407204 0.23076891 0.25314895 0.23669234
 0.23595021 0.2699468  0.25323722 0.17009012 0.18179779 0.21142668
 0.20932992 0.19853201 0.19309744 0.19301498 0.20650379 0.22064866
 0.23211218 0.21654516 0.22061068 0.23767484 0.24874767 0.24838008
 0.24501471 0.2591175  0.23584245 0.24835686 0.24184107 0.23087003
 0.30809927 0.45617686 0.6258844  0.75823397 0.8665386  0.96794277
 1.06446153 1.16031836 1.2310145  1.29819104]",0.0020290022,0.0036183055,mean_absolute_error_optimizers.Nadam-lr=0.0005
0.0036189739722758533,"[0.36701465 0.2590588  0.22459303 0.23120333 0.23174869 0.2249193
 0.22387158 0.2328276  0.22240745 0.19537087 0.21711116 0.22577612
 0.23320867 0.22556096 0.22177621 0.22838613 0.23464366 0.23218939
 0.22682283 0.21289873 0.22099651 0.23435457 0.24384228 0.23518067
 0.2312893  0.23036772 0.23591768 0.24245877 0.24099564 0.23145155
 0.26137892 0.28756495 0.29410278 0.2976291  0.29380799 0.29008117
 0.28017091 0.27969394 0.30450501 0.36999171]","[0.3479885  0.24473019 0.22674842 0.23201238 0.25328087 0.2341666
 0.23287574 0.26645341 0.25484881 0.16904994 0.18029225 0.2087711
 0.20982971 0.20193451 0.19596157 0.19407555 0.20394213 0.21786266
 0.23477075 0.22408664 0.22676386 0.24126295 0.25055472 0.25171767
 0.24163415 0.2568405  0.22611152 0.2326156  0.22161963 0.19957578
 0.21344493 0.24107264 0.26482313 0.26520998 0.27024629 0.25417914
 0.24788704 0.2521588  0.27178925 0.34522077]","[0.34696593 0.24366006 0.22559747 0.23160769 0.25263092 0.23450646
 0.23311237 0.26655892 0.25371746 0.16795169 0.17861892 0.20675662
 0.2055839  0.19726322 0.19177173 0.19048814 0.20321708 0.21734151
 0.22900054 0.21566234 0.22062304 0.23773244 0.24844176 0.24850877
 0.24544946 0.25874274 0.23541627 0.24716619 0.24059624 0.23050932
 0.30752949 0.45519808 0.62479492 0.75707158 0.86549351 0.96651073
 1.0627078  1.15795338 1.22841719 1.29535608]",0.002011656,0.0035616148,mean_absolute_error_optimizers.Nadam-lr=0.0005
0.0035984966022272907,"[0.36125106 0.25204497 0.22225616 0.22995979 0.22207997 0.21539376
 0.22243938 0.22359138 0.21879636 0.19002138 0.20666098 0.22130958
 0.22978614 0.21865698 0.22186946 0.22865955 0.23251425 0.23862476
 0.23502889 0.21430157 0.23109865 0.23685766 0.23393964 0.23558069
 0.23550447 0.23461094 0.24022218 0.2495886  0.24848827 0.23490798
 0.25998053 0.28217068 0.29028462 0.29104767 0.28702377 0.28071154
 0.27187961 0.26283751 0.28286366 0.35770372]","[0.34669142 0.24455376 0.22627913 0.23055414 0.2519435  0.23378427
 0.23332057 0.26836966 0.25508755 0.16914797 0.17867477 0.20941741
 0.21097539 0.20115966 0.19502504 0.19372236 0.20401547 0.21798077
 0.2367299  0.22646628 0.22812681 0.24134591 0.2512764  0.25324765
 0.24225873 0.25661784 0.22577131 0.23194233 0.21997554 0.19833118
 0.2131921  0.24089816 0.26353712 0.26513572 0.27062408 0.2550261
 0.24871827 0.25215381 0.27001055 0.3441656 ]","[0.34600976 0.24379071 0.22523712 0.23032428 0.25168665 0.23460896
 0.23361023 0.26831684 0.25414132 0.16828492 0.1776159  0.20753106
 0.20701753 0.19732218 0.19164271 0.19080507 0.20354776 0.21740592
 0.23030191 0.21764149 0.22215195 0.23806727 0.24916766 0.24934387
 0.24541902 0.25799569 0.23385097 0.24601445 0.23879866 0.22859868
 0.30698732 0.45519079 0.62583274 0.75945549 0.8688128  0.96982346
 1.0654182  1.15953843 1.2286257  1.29442753]",0.0020007717,0.0035585852,mean_absolute_error_optimizers.Nadam-lr=0.0005
0.003590999952207009,"[0.37860863 0.26684406 0.23157182 0.23914537 0.23341906 0.21855138
 0.22294291 0.23491539 0.22755367 0.2041004  0.22770652 0.23840269
 0.24090513 0.23255485 0.23603532 0.22965064 0.23740823 0.24105343
 0.23906916 0.22198332 0.23311503 0.25321072 0.25718771 0.25263397
 0.25005129 0.25499748 0.25282997 0.25726679 0.25436731 0.24813776
 0.27836007 0.29053228 0.30875904 0.32227846 0.3124071  0.30758316
 0.29864379 0.29751355 0.32747934 0.39783348]","[0.34622706 0.2432099  0.22665622 0.23009898 0.25261201 0.23484142
 0.23505641 0.26920176 0.25705218 0.16901799 0.18004324 0.2100667
 0.21071387 0.20173523 0.1962683  0.1945405  0.20521815 0.21841927
 0.23566362 0.22455501 0.22707277 0.24084696 0.24992604 0.25180149
 0.24127829 0.25642296 0.22339943 0.23099484 0.2196753  0.19761478
 0.21321343 0.24165495 0.26405717 0.2649721  0.27097016 0.25549658
 0.25027235 0.25523915 0.27177101 0.34328899]","[0.34534984 0.24229301 0.22581206 0.23010092 0.25241941 0.23554911
 0.23536344 0.26887753 0.25583534 0.16791547 0.17874201 0.20806898
 0.20689803 0.19770405 0.19264928 0.19190162 0.20531208 0.21864224
 0.22985433 0.2160604  0.22070786 0.23715879 0.2478898  0.2480767
 0.24515718 0.25794139 0.23239826 0.24525911 0.23879086 0.22764201
 0.3062602  0.45485502 0.62465323 0.75791767 0.86712689 0.96837988
 1.06436105 1.15903321 1.22891855 1.29580101]",0.002032864,0.0036124599,mean_absolute_error_optimizers.Nadam-lr=0.0005
0.0035755053696533046,"[0.39517685 0.28747181 0.2520317  0.26669959 0.27029487 0.25626089
 0.2499949  0.25856646 0.24882184 0.21981015 0.2319703  0.25180739
 0.25544936 0.24682063 0.25105149 0.24978257 0.24799062 0.2535068
 0.24632015 0.2242535  0.23079396 0.24536061 0.25107783 0.24240975
 0.23481578 0.23576806 0.2331925  0.2434077  0.24283833 0.23624867
 0.25802427 0.28374696 0.29633973 0.29415374 0.29139542 0.29446493
 0.2864757  0.27641225 0.3026687  0.37218318]","[0.3445704  0.2413843  0.22386288 0.22922881 0.25068861 0.2329449
 0.23354557 0.26674909 0.25495158 0.1691833  0.17973116 0.21027507
 0.21083775 0.20030294 0.19299316 0.19164284 0.20329841 0.21742249
 0.2355332  0.22445191 0.22608204 0.23912839 0.24879561 0.25060949
 0.2403554  0.25588727 0.22390324 0.23038901 0.21850906 0.19646531
 0.21096111 0.23838403 0.26005303 0.26004592 0.26582719 0.25072043
 0.24725549 0.25270391 0.27019984 0.3428159 ]","[0.34359911 0.24050236 0.22310113 0.22929894 0.25076636 0.23382243
 0.2337336  0.26623165 0.25318942 0.16731703 0.17820895 0.20859331
 0.20749849 0.19692573 0.19044231 0.18938174 0.20298604 0.21673081
 0.23008726 0.21636424 0.22073628 0.23674273 0.24773662 0.24793584
 0.24594033 0.26018735 0.23566311 0.24695938 0.23896838 0.22770124
 0.30574976 0.45603107 0.62637603 0.75941013 0.86802985 0.96911334
 1.06525794 1.15991899 1.22945756 1.29606578]",0.002017393,0.0035813164,mean_absolute_error_optimizers.Nadam-lr=0.0005
0.0035685477405786514,"[0.36891063 0.25602512 0.22490287 0.2315936  0.23344969 0.22078319
 0.22111764 0.22125436 0.21758961 0.1978803  0.21551337 0.22481844
 0.22745131 0.23125457 0.22508854 0.23392377 0.24086804 0.2352855
 0.22519608 0.20191281 0.22268704 0.24291085 0.23716444 0.23437483
 0.23400638 0.23324364 0.23816711 0.23775024 0.2312545  0.21094506
 0.24628793 0.27013072 0.29185468 0.29542144 0.29251342 0.287381
 0.28033906 0.27212252 0.29405335 0.37245821]","[0.34325421 0.24079512 0.22507106 0.22975449 0.25045776 0.23189262
 0.2316435  0.26550882 0.25278528 0.16873814 0.17932015 0.20895014
 0.2091029  0.20053494 0.19572388 0.19308545 0.2024615  0.21596299
 0.23592736 0.22326218 0.2257583  0.23861037 0.24843853 0.25212558
 0.24107089 0.25655086 0.22290473 0.22846748 0.21768959 0.19615285
 0.21030011 0.2380415  0.25898417 0.2601161  0.26765925 0.25352755
 0.24950397 0.25479253 0.27072476 0.34162307]","[0.34251022 0.24019058 0.2240356  0.22933514 0.24983431 0.23239905
 0.23209347 0.26573448 0.25190929 0.16740531 0.17765619 0.20662212
 0.20445101 0.1957552  0.19132265 0.18937005 0.20171163 0.21518039
 0.22980299 0.21444517 0.2197247  0.23595388 0.24756254 0.24960244
 0.24503183 0.25738793 0.22911945 0.23982489 0.23308605 0.22246372
 0.30122978 0.45417387 0.62392163 0.75801538 0.86764367 0.96980726
 1.06609456 1.16074606 1.22972125 1.29567359]",0.0020220412,0.0035952474,mean_absolute_error_optimizers.Nadam-lr=0.0005
0.0035361568412433067,"[0.38056572 0.27466503 0.2336163  0.24134156 0.23813038 0.22495565
 0.22295338 0.22760041 0.2228419  0.20586953 0.21970612 0.23369465
 0.23008389 0.23265266 0.23117364 0.23096853 0.23095108 0.23688992
 0.22732758 0.21694149 0.23117044 0.23923496 0.23756437 0.23129738
 0.22787154 0.22903234 0.2323237  0.24488525 0.2400903  0.22794648
 0.24921812 0.28123818 0.28608894 0.28244821 0.28234813 0.27766199
 0.26345144 0.2585237  0.28553281 0.35635127]","[0.3431481  0.24166627 0.22484265 0.22837169 0.24909076 0.23201471
 0.23183456 0.26476902 0.254548   0.16792556 0.17929151 0.2097388
 0.21004142 0.19970855 0.19322392 0.19089459 0.20059493 0.21491809
 0.23367346 0.22179648 0.22424088 0.23754909 0.24641152 0.24898559
 0.23953311 0.25488741 0.22099518 0.22777461 0.21711985 0.19644411
 0.2110237  0.23741382 0.25827596 0.25853648 0.2659873  0.25091517
 0.2457444  0.24999435 0.26833519 0.34207316]","[0.34242509 0.24118801 0.22436718 0.22840696 0.24887189 0.23271592
 0.23216844 0.26463715 0.25333193 0.16661262 0.17811292 0.20807855
 0.2061434  0.19563817 0.18949911 0.18778395 0.19992512 0.21456533
 0.22772467 0.21284612 0.21785887 0.23422428 0.24420618 0.24505569
 0.24175134 0.25536036 0.22769121 0.24063421 0.2349721  0.22608256
 0.30482013 0.4547231  0.62567155 0.75983176 0.86941738 0.97114974
 1.06730101 1.16135324 1.23036039 1.29665621]",0.0019717088,0.0035296518,mean_absolute_error_optimizers.Nadam-lr=0.0005
0.003553240412846208,"[0.37507254 0.27263098 0.24156494 0.2519813  0.25293396 0.23774257
 0.24200016 0.24867698 0.24314856 0.21098613 0.23620529 0.24701034
 0.24026891 0.23210967 0.23666128 0.23174644 0.23104358 0.23751037
 0.22948997 0.20859503 0.22255023 0.23463824 0.23582657 0.24265501
 0.23800768 0.24059175 0.25131967 0.24852174 0.24605778 0.23362507
 0.25884804 0.29013354 0.30510146 0.30285237 0.2980413  0.29397582
 0.28106366 0.2719338  0.29681272 0.36811021]","[0.34134145 0.23842266 0.22301589 0.22926022 0.24979865 0.23123501
 0.2302025  0.26415666 0.25176326 0.16547726 0.17602211 0.20580111
 0.20600093 0.1957556  0.18999582 0.1888218  0.20007786 0.21528017
 0.23301875 0.22073292 0.22263093 0.23608328 0.24505803 0.24697493
 0.23685145 0.25174483 0.21922431 0.22628513 0.21579542 0.19476089
 0.20959147 0.23651821 0.2574166  0.25753526 0.26460999 0.24901755
 0.24311463 0.2474127  0.26547118 0.33957194]","[0.34082656 0.23793843 0.22229191 0.22929895 0.24956935 0.23184367
 0.23045473 0.2639294  0.25046601 0.16473728 0.17516188 0.20393178
 0.20181961 0.19126695 0.18594175 0.18551566 0.19941692 0.21449066
 0.22695849 0.21188351 0.21622306 0.23230703 0.24215301 0.24202148
 0.23812233 0.25132315 0.22633992 0.24000428 0.23482592 0.22549059
 0.30464306 0.45456279 0.62421544 0.75810293 0.86806587 0.96928187
 1.06540661 1.15997872 1.22978901 1.2965435 ]",0.0019963812,0.0035806939,mean_absolute_error_optimizers.Nadam-lr=0.0005
0.0035496284049004317,"[0.37647549 0.27507345 0.25125171 0.253398   0.25094307 0.23824587
 0.23249954 0.25192498 0.24537227 0.22231073 0.23504427 0.24675525
 0.24863206 0.24253028 0.23596025 0.23759663 0.2418742  0.24593705
 0.23837446 0.21523653 0.23465844 0.25626814 0.25070166 0.25131251
 0.25666081 0.24852132 0.24627847 0.25141522 0.24836658 0.25562207
 0.28568557 0.29806102 0.30465914 0.30649747 0.29778421 0.29433058
 0.28294047 0.28052194 0.30082204 0.37739767]","[0.34155844 0.23879024 0.22223162 0.22768513 0.24856932 0.23172348
 0.23289851 0.26770197 0.25384638 0.16707964 0.17758451 0.20816396
 0.20652158 0.19752933 0.19268805 0.18985907 0.19949791 0.21348245
 0.23343473 0.22254514 0.2240304  0.2367631  0.24597266 0.24812481
 0.23697616 0.25114206 0.21822274 0.22510836 0.21465469 0.1931769
 0.20840054 0.23469531 0.2560671  0.2565719  0.26279849 0.24774641
 0.24351655 0.2488058  0.26614571 0.33827359]","[0.34061752 0.23805564 0.22140664 0.22719547 0.24748308 0.23135147
 0.2320935  0.26658865 0.25233132 0.16629217 0.17683853 0.20620732
 0.20247034 0.1932724  0.18892575 0.18721957 0.1995442  0.21341186
 0.22724225 0.21370546 0.21756508 0.23293202 0.24385321 0.24483727
 0.24101853 0.2528604  0.22771992 0.24118764 0.23697183 0.22801663
 0.3053283  0.45483563 0.62574256 0.7603157  0.87008771 0.97141182
 1.06738747 1.1616224  1.23064931 1.2981752 ]",0.002072039,0.003693449,mean_absolute_error_optimizers.Nadam-lr=0.0005
0.0035183022978405158,"[0.37325515 0.26324773 0.23008754 0.2366738  0.23376298 0.21474922
 0.21769452 0.22272551 0.21198843 0.18754846 0.20650626 0.22870353
 0.22860635 0.22405257 0.22105279 0.22720413 0.23565208 0.23717065
 0.23537883 0.20643384 0.22523021 0.23973673 0.24739876 0.25091476
 0.24145387 0.23957226 0.24945627 0.26086694 0.25860931 0.24119684
 0.26367089 0.29603188 0.31481446 0.31133782 0.31105279 0.30957582
 0.29978677 0.28935876 0.30464614 0.37014425]","[0.34005902 0.23733206 0.22088511 0.22681485 0.24845005 0.23060247
 0.23122243 0.26591966 0.2523277  0.16595526 0.17561666 0.20635209
 0.20568377 0.19581113 0.19073116 0.1896003  0.2001757  0.21427533
 0.2315762  0.2204517  0.22323929 0.23651096 0.24468924 0.24640724
 0.23615342 0.25211885 0.21739045 0.22267608 0.21276439 0.19278058
 0.2088579  0.23558403 0.25472545 0.2547168  0.2615502  0.24693026
 0.24232034 0.24716327 0.26466432 0.33875782]","[0.33930209 0.23652076 0.21997779 0.22661354 0.24799317 0.2309041
 0.2308874  0.26514487 0.2506051  0.16497522 0.17431608 0.20388707
 0.20105412 0.19184609 0.18809992 0.18792469 0.20060595 0.21427913
 0.22601037 0.21172632 0.21661078 0.23265923 0.24241586 0.24214565
 0.23893698 0.25233571 0.22321636 0.23456749 0.22868878 0.219428
 0.30082257 0.45389734 0.62450069 0.75864515 0.8681943  0.97036299
 1.06727733 1.16243236 1.23278229 1.30103712]",0.0020185015,0.0036052929,mean_absolute_error_optimizers.Nadam-lr=0.0005
0.003484526775156458,"[0.37628146 0.26899738 0.23301989 0.24061954 0.23974362 0.22357859
 0.22755208 0.2349946  0.23648405 0.21749293 0.2381705  0.25354319
 0.2460238  0.23977332 0.23988631 0.24098819 0.24540583 0.25133627
 0.23530617 0.21667248 0.23297764 0.25053689 0.25258109 0.24525878
 0.24237384 0.25044821 0.25245229 0.25998636 0.24886709 0.23103909
 0.26347158 0.27510347 0.28465399 0.28714931 0.28545983 0.28894737
 0.27854173 0.2693945  0.29828275 0.36845827]","[0.33882713 0.23782918 0.2225135  0.22660491 0.24710754 0.229737
 0.2307189  0.26464063 0.25057165 0.16516387 0.1762864  0.20769331
 0.20665531 0.19608505 0.19042275 0.18800852 0.19712369 0.21117393
 0.23023789 0.21973727 0.22250402 0.23522635 0.24409886 0.24720908
 0.23813095 0.25361273 0.22070426 0.22656968 0.21497637 0.19339355
 0.20911781 0.23526533 0.25549572 0.2541986  0.26091719 0.24797644
 0.24438006 0.2495072  0.26628342 0.33954219]","[0.33777036 0.23684159 0.22124735 0.2264938  0.24698973 0.2305887
 0.23072575 0.26406134 0.24874449 0.16421054 0.17555689 0.20572617
 0.20251456 0.19214292 0.18695868 0.18533979 0.19714842 0.21115545
 0.22456746 0.21141361 0.21629384 0.23163727 0.24183627 0.24295335
 0.23999571 0.25296897 0.22489401 0.23636456 0.22923441 0.21917785
 0.3015994  0.45382711 0.62499353 0.75947611 0.86990424 0.97229707
 1.06908761 1.16395206 1.23357325 1.30160179]",0.001971505,0.0035163725,mean_absolute_error_optimizers.Nadam-lr=0.0005
0.003478772475073735,"[0.37427185 0.26087866 0.23284537 0.23831928 0.23963035 0.22914283
 0.21896762 0.23518895 0.22545614 0.19908746 0.22388637 0.23123791
 0.2350018  0.23518338 0.22665235 0.22875009 0.23714913 0.24193979
 0.23932555 0.21819529 0.23391205 0.24735825 0.24911506 0.23646026
 0.23467434 0.23705931 0.24141298 0.24422676 0.23495885 0.23173597
 0.26420066 0.28396665 0.29073256 0.28245347 0.28253061 0.28610758
 0.28868135 0.2802448  0.30783237 0.37340232]","[0.33911326 0.23723125 0.22130269 0.22486435 0.24448722 0.22684054
 0.22851972 0.26323419 0.24989942 0.16463385 0.17569864 0.20337009
 0.20321833 0.19502922 0.19063723 0.18848678 0.19842401 0.21285627
 0.23236948 0.22136127 0.22296562 0.23478995 0.24305312 0.24419912
 0.2339098  0.24846015 0.2162177  0.22338337 0.21304694 0.19167038
 0.20771369 0.23453333 0.25508819 0.25450043 0.2606236  0.2474198
 0.24331037 0.24737685 0.2640672  0.33670382]","[0.33824488 0.23653822 0.22059994 0.22493839 0.24435173 0.22748488
 0.22842388 0.26286936 0.24863099 0.16369752 0.17475799 0.2015529
 0.19926464 0.19086659 0.18702397 0.18575903 0.19850997 0.21276301
 0.22615827 0.21263571 0.21614191 0.23061164 0.24020074 0.23992606
 0.23657817 0.24886346 0.22246362 0.23574283 0.23110542 0.22268815
 0.30392501 0.45570429 0.62709406 0.76125328 0.87076531 0.97294906
 1.06997649 1.16476576 1.23400775 1.30126111]",0.00200034,0.0036033934,mean_absolute_error_optimizers.Nadam-lr=0.0005
0.0034432820392151673,"[0.36660912 0.26128252 0.23267566 0.23513459 0.23035045 0.2149378
 0.21299638 0.22759011 0.22108008 0.1920924  0.21794806 0.22588231
 0.22557122 0.22149548 0.22582493 0.23263167 0.23121508 0.23945415
 0.22745475 0.20435631 0.21631527 0.22367668 0.22835078 0.22190714
 0.22702216 0.22927159 0.23899814 0.23996582 0.24249014 0.22145533
 0.24280988 0.26637386 0.27015985 0.26601943 0.26589944 0.2656703
 0.25739752 0.2543312  0.27637803 0.35245159]","[0.3376298  0.23557773 0.21873551 0.2253919  0.24517846 0.22767279
 0.22914679 0.264469   0.24886296 0.1637937  0.17532809 0.20496031
 0.2050909  0.19618615 0.19152387 0.18918527 0.19844036 0.21230649
 0.23178904 0.22083056 0.22333223 0.2350297  0.24331674 0.24577463
 0.23508758 0.24928158 0.21696652 0.22307212 0.21286288 0.19180992
 0.20719303 0.23361346 0.25342944 0.25293034 0.2601304  0.24544583
 0.23925732 0.24224681 0.25784132 0.33143565]","[0.33691749 0.23499333 0.21818752 0.22569496 0.24492808 0.22793258
 0.22854363 0.2637824  0.24727205 0.16297306 0.17473833 0.20346411
 0.20116813 0.19169845 0.1872403  0.18641663 0.19848215 0.21234646
 0.22602817 0.21235673 0.21698806 0.23127227 0.24066789 0.24122966
 0.23779964 0.24984994 0.22281427 0.23548139 0.23034382 0.2215008
 0.30141572 0.45302524 0.6243025  0.75863467 0.86856366 0.96968627
 1.06549592 1.15935494 1.228629   1.29646221]",0.0019419194,0.0034895581,mean_absolute_error_optimizers.Nadam-lr=0.0005
0.003483970357105136,"[0.36924794 0.2538134  0.22054993 0.22742746 0.2284113  0.21693587
 0.21365388 0.23164989 0.22928655 0.20535096 0.22232955 0.2337071
 0.2379802  0.22460198 0.22862268 0.23555878 0.24538904 0.24515638
 0.23882914 0.21233067 0.22468736 0.22968361 0.23075333 0.2273372
 0.23071438 0.24458935 0.24338609 0.24547196 0.23257484 0.21793973
 0.23839339 0.2768286  0.28155164 0.27998075 0.28225273 0.27831805
 0.27240311 0.2638234  0.28497294 0.35493722]","[0.33659546 0.23453419 0.21941069 0.22442222 0.24475197 0.22696895
 0.22845824 0.26321758 0.24683796 0.16095313 0.17268001 0.20319573
 0.20253904 0.19401298 0.19007688 0.1884473  0.19785248 0.21227048
 0.23086261 0.21916813 0.22156512 0.23340914 0.24152858 0.24380901
 0.23451641 0.24855736 0.21500163 0.2219838  0.21177606 0.1912499
 0.20685767 0.23217443 0.25102185 0.25054915 0.25915261 0.24483308
 0.24002498 0.24207219 0.2588375  0.3326517 ]","[0.33590359 0.23392108 0.21836978 0.22404369 0.24400973 0.22699557
 0.22786109 0.26266545 0.24483138 0.15996122 0.17218302 0.20153507
 0.1984497  0.18948452 0.1856339  0.18495562 0.19730612 0.21217898
 0.22560115 0.21127745 0.21563275 0.2301485  0.23983285 0.24077563
 0.23857064 0.25086319 0.22322075 0.23585521 0.23173561 0.22369254
 0.30351207 0.45528056 0.62654163 0.76118237 0.8706161  0.97186359
 1.06761252 1.16136675 1.2307368  1.29837979]",0.0019684834,0.003534093,mean_absolute_error_optimizers.Nadam-lr=0.0005
0.003456629661222299,"[0.37729579 0.25892134 0.23596086 0.23933722 0.23963542 0.21961441
 0.23351449 0.23290556 0.22514901 0.20473913 0.22329162 0.24142942
 0.24643625 0.24172047 0.24270509 0.23598339 0.23232378 0.22278038
 0.22473053 0.20516927 0.22380322 0.23950591 0.24909681 0.2470122
 0.24518073 0.2506318  0.26062726 0.25238756 0.24670748 0.22879537
 0.25739183 0.2804407  0.29109237 0.29063681 0.29817954 0.29423196
 0.29426823 0.29608851 0.31375231 0.37138049]","[0.33509274 0.23405256 0.21903943 0.22472292 0.24444521 0.22686025
 0.22824975 0.26364483 0.24851993 0.1636911  0.17514214 0.20523759
 0.20428427 0.19622296 0.19016022 0.18693496 0.19587646 0.21023113
 0.23028696 0.22009644 0.22182705 0.23276368 0.24074908 0.2442081
 0.23530866 0.25049822 0.21691224 0.22216681 0.21197711 0.19104651
 0.20691934 0.23284733 0.25175166 0.2515103  0.26002339 0.2465776
 0.24179683 0.24546264 0.26209127 0.33498681]","[0.33420448 0.23337818 0.21809805 0.22456916 0.24384119 0.226913
 0.22756885 0.26266501 0.24636399 0.16207755 0.17366548 0.20356634
 0.20071468 0.1922905  0.18695602 0.18500582 0.19654619 0.21085345
 0.22458036 0.21172931 0.21589267 0.2299724  0.23938794 0.24051165
 0.23778312 0.25002142 0.22090897 0.23299326 0.22829915 0.21981089
 0.30135088 0.45383661 0.62551948 0.7602479  0.87021235 0.97249566
 1.06887444 1.16338217 1.23319747 1.30101647]",0.001979867,0.0035498391,mean_absolute_error_optimizers.Nadam-lr=0.0005
0.003436447129274408,"[0.378871   0.26975665 0.23651158 0.25228667 0.24660098 0.23308289
 0.22447788 0.23006282 0.20864374 0.18845589 0.20126336 0.21777242
 0.22120947 0.21585291 0.21250744 0.22436561 0.22184997 0.2268065
 0.22238712 0.20811816 0.2277427  0.23551969 0.23504048 0.23443751
 0.23069338 0.22738958 0.22880142 0.24290326 0.22994213 0.2233694
 0.2448164  0.27002928 0.28145798 0.28625065 0.27790491 0.26611299
 0.25668052 0.26061147 0.27848954 0.3522118 ]","[0.33569736 0.23391206 0.21896802 0.22480486 0.24463815 0.22720427
 0.22966519 0.26410816 0.24705767 0.16209847 0.17390166 0.20299574
 0.20112684 0.19114723 0.18656719 0.18553538 0.19635578 0.21141372
 0.23087961 0.22158223 0.22423506 0.23475659 0.24124991 0.24229686
 0.23219875 0.24838591 0.21439114 0.22054978 0.21066629 0.19070282
 0.20629064 0.23131982 0.25124478 0.25039447 0.25740725 0.24388125
 0.23917488 0.24158741 0.25728402 0.3294299 ]","[0.33475677 0.23295857 0.21786336 0.22441732 0.24375027 0.22665402
 0.22880663 0.2635619  0.24544548 0.16122839 0.17326572 0.20129062
 0.19715707 0.18731881 0.18342777 0.18344091 0.1971458  0.21251993
 0.22556791 0.21328451 0.2180022  0.23123205 0.23912239 0.23855899
 0.23609838 0.24948212 0.22191842 0.23463516 0.23083835 0.22314806
 0.30302261 0.45491411 0.62670129 0.76184038 0.87188929 0.97370964
 1.06971223 1.16320187 1.23191458 1.29911544]",0.0019546172,0.0035255305,mean_absolute_error_optimizers.Nadam-lr=0.0005
0.0034420408457517624,"[0.35733288 0.25855851 0.23413937 0.2347917  0.23069573 0.22171164
 0.21822385 0.22328518 0.21404523 0.19110576 0.20486103 0.21811604
 0.21622971 0.21763834 0.22910973 0.2302206  0.22795264 0.23194506
 0.22460175 0.20910557 0.22350915 0.23526421 0.23307995 0.23129321
 0.23155437 0.23844173 0.23850053 0.23869895 0.23574688 0.22504599
 0.2511451  0.27950277 0.28181316 0.27786383 0.27676988 0.27723175
 0.26247859 0.26146481 0.28636617 0.35173937]","[0.33509369 0.23235456 0.2169568  0.22339932 0.24355214 0.2247963
 0.22579405 0.26000784 0.24625687 0.15903615 0.17117085 0.20165626
 0.20038953 0.19294858 0.18936923 0.18830064 0.19921641 0.21372793
 0.23322799 0.2218079  0.22263647 0.23253408 0.23973351 0.24168085
 0.23112632 0.24627556 0.21325194 0.22110455 0.21109748 0.19058961
 0.20667679 0.23173619 0.25017228 0.24863579 0.25832266 0.2467802
 0.24351439 0.24755998 0.2620049  0.33252795]","[0.33449188 0.23176351 0.21579991 0.22278357 0.24257624 0.22480659
 0.22532162 0.25949807 0.24479611 0.15823187 0.17037731 0.19960838
 0.19556831 0.18781082 0.18483306 0.18513516 0.19929405 0.21438756
 0.22817185 0.21432563 0.21743343 0.22960922 0.23770534 0.23735422
 0.23347051 0.24489341 0.21708986 0.2307055  0.22566441 0.21739289
 0.29989511 0.45367324 0.62702089 0.76263242 0.87348179 0.97662338
 1.0734212  1.16782504 1.23693378 1.30431989]",0.0019384491,0.0034856903,mean_absolute_error_optimizers.Nadam-lr=0.0005
0.0034113867127647003,"[0.36928224 0.25487883 0.22943234 0.23084256 0.23365962 0.22102783
 0.22395053 0.23116998 0.21599983 0.1919351  0.21110914 0.22674471
 0.23018911 0.22503449 0.22292506 0.22746442 0.2326058  0.22686547
 0.22547958 0.2098037  0.22292212 0.23347042 0.23460339 0.2268075
 0.22777226 0.23036999 0.22678465 0.23784182 0.2331699  0.22601201
 0.25337239 0.26887033 0.27682721 0.27361332 0.28192511 0.27947596
 0.27387587 0.26716599 0.28281614 0.35339178]","[0.33338043 0.2327529  0.21938046 0.22425805 0.24477778 0.22718542
 0.22941732 0.26367662 0.24871378 0.16245636 0.1723999  0.20160493
 0.20026304 0.19100303 0.18713767 0.18647121 0.19632462 0.21004191
 0.22899454 0.21967028 0.22260348 0.23223197 0.23982861 0.24355418
 0.2332721  0.24884003 0.21451029 0.21992213 0.20917222 0.18861168
 0.20630895 0.23215142 0.25068943 0.25056669 0.25909491 0.24532472
 0.23949752 0.24250805 0.25892646 0.33201061]","[0.33240429 0.23181802 0.2184882  0.22417903 0.24422916 0.22716983
 0.22876504 0.26278456 0.24707919 0.16178138 0.17175235 0.19996036
 0.19626616 0.18691879 0.18359208 0.1837244  0.1966544  0.21074775
 0.22348099 0.21086586 0.21539909 0.22773702 0.23665076 0.23783416
 0.23294096 0.24478001 0.21604657 0.22752404 0.22266111 0.2150472
 0.2993026  0.45378543 0.62567147 0.76130103 0.87144625 0.97294155
 1.06890886 1.16268924 1.23195677 1.29983295]",0.0019346491,0.003493548,mean_absolute_error_optimizers.Nadam-lr=0.0005
0.0034209990178545317,"[0.40293301 0.29123768 0.24938135 0.25659864 0.24731703 0.23373559
 0.24088269 0.24989842 0.23566844 0.20761827 0.22820352 0.2455838
 0.24299376 0.23981611 0.23727696 0.24158199 0.23614148 0.23165697
 0.22983786 0.21010671 0.2208531  0.22915388 0.23374732 0.22985763
 0.23278434 0.2401689  0.24682847 0.25414187 0.24270431 0.22774805
 0.25620288 0.27424644 0.28148595 0.27719231 0.27551416 0.268639
 0.25703392 0.25919505 0.2851845  0.36036462]","[0.33311332 0.2320905  0.2187849  0.22327388 0.24349432 0.22457412
 0.22689925 0.26247169 0.2445449  0.1594218  0.17158142 0.20227939
 0.19994871 0.18967554 0.1853086  0.18430955 0.19422443 0.20832339
 0.22755563 0.21820129 0.22139101 0.23222097 0.23885955 0.24043822
 0.22953314 0.2450363  0.21199987 0.21782236 0.20887894 0.18852796
 0.2046093  0.23043331 0.24756872 0.24650281 0.25641092 0.24395184
 0.23981082 0.24302498 0.25571154 0.32678626]","[0.33241915 0.23140827 0.21770834 0.22309724 0.24297374 0.22476972
 0.2265037  0.26200158 0.2432568  0.1589641  0.17139938 0.20089813
 0.19629641 0.18628794 0.18262695 0.18271335 0.19531094 0.20956943
 0.22314942 0.21074748 0.21544602 0.22842726 0.2362532  0.23600862
 0.23042028 0.24314085 0.21615365 0.22803617 0.22481094 0.21774761
 0.30021899 0.45498665 0.62707333 0.76247245 0.8736417  0.97602459
 1.07215441 1.16614711 1.2346723  1.30204306]",0.0019730807,0.003553436,mean_absolute_error_optimizers.Nadam-lr=0.0005
0.0034295903680225215,"[0.33887234 0.23768711 0.21673773 0.22797274 0.21465526 0.20393275
 0.20623579 0.21855391 0.2086593  0.17348606 0.20161569 0.21962292
 0.22200746 0.2167948  0.20812932 0.20466668 0.20969228 0.20959627
 0.20521791 0.18872489 0.21146879 0.23402959 0.23447764 0.23248096
 0.22657095 0.23031308 0.22796568 0.23412115 0.22502407 0.21686354
 0.2499832  0.27552171 0.28391567 0.28931946 0.28133067 0.28141473
 0.27573078 0.26968676 0.29361332 0.35747775]","[0.33182523 0.2311518  0.21710936 0.22285738 0.24270226 0.22427619
 0.22576148 0.26021171 0.24433557 0.15850812 0.17055437 0.19962788
 0.19823076 0.18840498 0.18430868 0.18220315 0.19188746 0.20735273
 0.22629579 0.21700158 0.21956138 0.23003162 0.23711281 0.23895549
 0.23032804 0.24290805 0.2101989  0.21709278 0.20753146 0.18789489
 0.20521384 0.23082132 0.24818498 0.24557903 0.25415201 0.2405784
 0.23620485 0.23932215 0.25403787 0.32666065]","[0.33116517 0.23068801 0.21616088 0.22254014 0.24218639 0.22457481
 0.22524773 0.25936771 0.24229215 0.15752603 0.17014553 0.19840355
 0.19488924 0.18539546 0.18175732 0.17954245 0.19154981 0.20697121
 0.22081825 0.20856566 0.21283834 0.22546346 0.23379422 0.23421111
 0.23104247 0.24191406 0.2155563  0.22804825 0.22493935 0.21765546
 0.29933286 0.4532609  0.62527628 0.76058584 0.87113844 0.97373344
 1.07051168 1.1648643  1.23375379 1.30131531]",0.0019311928,0.0034991587,mean_absolute_error_optimizers.Nadam-lr=0.0005
0.0033700980929036936,"[0.35888086 0.24607811 0.22843414 0.23009892 0.22582911 0.21886645
 0.22052981 0.22178644 0.2079767  0.18322004 0.20817975 0.22152059
 0.22206663 0.21726979 0.21874282 0.21720965 0.22738389 0.230086
 0.2265536  0.21386566 0.22025247 0.23134272 0.22892375 0.22271033
 0.22201722 0.22021014 0.22809462 0.23111181 0.22088721 0.20873454
 0.23435428 0.26269014 0.26059426 0.2664707  0.2654657  0.2645788
 0.26663461 0.26191479 0.2797783  0.34365459]","[0.33090454 0.22976144 0.216833   0.22419901 0.24147182 0.22249372
 0.22392819 0.25899559 0.24411482 0.15813126 0.17078891 0.20148898
 0.19961779 0.187866   0.1830289  0.18303488 0.19420963 0.20985524
 0.2285184  0.2173843  0.21850655 0.22902409 0.2358458  0.23926084
 0.22945981 0.24446416 0.21097763 0.2161189  0.20619695 0.18610158
 0.20334974 0.22870008 0.24660921 0.245033   0.25350264 0.24046499
 0.23592149 0.23870649 0.25372013 0.32738819]","[0.33006967 0.22926991 0.21602415 0.22418277 0.24105001 0.22261911
 0.22343616 0.25832495 0.24235316 0.15755369 0.17070674 0.20029136
 0.19638126 0.18435965 0.18010305 0.18077672 0.19424246 0.21001319
 0.22300386 0.20866423 0.21130069 0.22425275 0.23256245 0.23410018
 0.23035757 0.24247404 0.21482827 0.22607911 0.22303251 0.21694336
 0.29973296 0.45437311 0.62650715 0.76172753 0.87167539 0.973959
 1.07050409 1.16480188 1.2343583  1.30278713]",0.0019621393,0.0035323545,mean_absolute_error_optimizers.Nadam-lr=0.0005
0.003387080599864324,"[0.37919816 0.27187276 0.23645971 0.25474574 0.2494899  0.23144666
 0.23355618 0.2349765  0.22538205 0.19509762 0.21775846 0.23445407
 0.23707878 0.23581618 0.23926751 0.23461986 0.22926718 0.22249234
 0.20941589 0.19258765 0.20622309 0.21885458 0.21665099 0.2142505
 0.20079226 0.20285243 0.21408746 0.22495692 0.22103358 0.20721448
 0.23492566 0.25895306 0.27099637 0.26877894 0.26453375 0.26088053
 0.25260217 0.25212761 0.27643162 0.34901615]","[0.33032446 0.23022201 0.21571846 0.22137697 0.24152271 0.22374666
 0.22560351 0.26060984 0.24611055 0.16022799 0.1732032  0.20282455
 0.20098155 0.19018157 0.18559032 0.18421377 0.19455362 0.20971497
 0.227962   0.21653897 0.21920238 0.23134999 0.23997447 0.24217243
 0.23122715 0.24503081 0.21025973 0.21688519 0.20739758 0.18714691
 0.20394415 0.22983982 0.24753929 0.24589397 0.25492974 0.24220579
 0.23778234 0.23996554 0.25342084 0.32466161]","[0.32973141 0.22980337 0.21523943 0.22168919 0.24143795 0.22390637
 0.22457808 0.25931602 0.24451084 0.15987994 0.1728046  0.200862
 0.19705883 0.18619874 0.18210641 0.1810783  0.19410294 0.20952975
 0.22289688 0.20903796 0.21380795 0.22806975 0.23766504 0.23779476
 0.23331557 0.24492402 0.21580471 0.22869234 0.22569834 0.21966434
 0.30152555 0.45626144 0.62870563 0.76461621 0.87543777 0.97728015
 1.07330956 1.16692879 1.23557868 1.30332646]",0.0019106482,0.0034617092,mean_absolute_error_optimizers.Nadam-lr=0.0005
0.003345417887593309,"[0.35862779 0.24601236 0.22125723 0.23878193 0.23110692 0.2226343
 0.22040777 0.23181833 0.21991711 0.19122477 0.22054998 0.2298937
 0.22532188 0.22546621 0.22724    0.22367803 0.22906927 0.22745452
 0.22076952 0.20690075 0.22027228 0.23144988 0.23845436 0.23903542
 0.23476015 0.2291852  0.2306221  0.23507206 0.23539094 0.22936873
 0.25407981 0.27446837 0.27500003 0.27468956 0.27081584 0.27599803
 0.2633993  0.25672168 0.2764319  0.34316076]","[0.3305851  0.22970933 0.21541007 0.2211989  0.23963089 0.22222578
 0.22421051 0.25912957 0.24441716 0.15905386 0.17079693 0.19999321
 0.19939863 0.18952887 0.1838446  0.18181758 0.19187786 0.20672808
 0.22649346 0.21564097 0.21704536 0.22792395 0.23494076 0.23698005
 0.22789181 0.2434353  0.20961415 0.21591954 0.20634866 0.18633599
 0.20361281 0.23002124 0.24698875 0.24524469 0.25437449 0.24035073
 0.23536708 0.23715504 0.25165404 0.3241012 ]","[0.32989482 0.2292952  0.21474902 0.22140142 0.2393507  0.22229505
 0.22365086 0.2584564  0.24208209 0.15782285 0.16981526 0.19764773
 0.19494233 0.18481811 0.1796702  0.17854344 0.19126379 0.20671454
 0.22098009 0.20736887 0.21089471 0.2241698  0.23201264 0.23146863
 0.22877189 0.24221053 0.21436363 0.22644743 0.22347665 0.21770891
 0.30099113 0.45589298 0.62845352 0.76365697 0.87378252 0.97511877
 1.07060146 1.16425132 1.23325847 1.30107217]",0.001945,0.0035379292,mean_absolute_error_optimizers.Nadam-lr=0.0005
0.003358241959785422,"[0.36564915 0.25818708 0.23103179 0.23139814 0.22283716 0.20954104
 0.21137144 0.22484936 0.21467928 0.18816963 0.21201785 0.22031723
 0.22114745 0.21534515 0.2133     0.21531215 0.22221891 0.22596528
 0.22429211 0.2076728  0.21779512 0.22354153 0.22743919 0.21737033
 0.21944145 0.21931093 0.2287341  0.23789353 0.23288221 0.21579727
 0.23631801 0.25947428 0.26811946 0.26385416 0.25929909 0.26029531
 0.25436625 0.25278598 0.26802376 0.33824992]","[0.32848178 0.22780292 0.21406521 0.22009913 0.2402482  0.22265074
 0.22408538 0.25971683 0.24393813 0.15999823 0.17114661 0.19931027
 0.19629334 0.18612167 0.18111307 0.18023322 0.19154384 0.20649501
 0.22529893 0.21592906 0.21784476 0.22752209 0.23380735 0.23690683
 0.22719487 0.24139719 0.20732495 0.21335939 0.20336307 0.18417917
 0.20360301 0.22951162 0.24593312 0.24390587 0.25353602 0.24024522
 0.23584564 0.23726402 0.2500196  0.32230459]","[0.32772196 0.22703626 0.21320557 0.22023633 0.23978789 0.2226897
 0.22334147 0.25866952 0.2422559  0.15946637 0.17061381 0.19753148
 0.19234807 0.18181841 0.17714678 0.17711306 0.19097517 0.20607317
 0.21897202 0.20651377 0.21010116 0.22230213 0.22974495 0.23077122
 0.22710925 0.23841821 0.20905796 0.2217091  0.21853412 0.21363506
 0.299953   0.45671908 0.63029033 0.76626108 0.87589542 0.97717642
 1.07210034 1.1648275  1.23283686 1.2998925 ]",0.0019444218,0.0035170342,mean_absolute_error_optimizers.Nadam-lr=0.0005
0.003353468661506971,"[0.37135151 0.26284441 0.23359731 0.245813   0.24711887 0.23195951
 0.22536455 0.22863004 0.21470748 0.18968319 0.21064602 0.21916165
 0.22145606 0.22380842 0.22198313 0.21512975 0.22367958 0.228254
 0.21689808 0.20678644 0.22089605 0.23498896 0.22690818 0.232258
 0.22792808 0.2248093  0.23818262 0.24766261 0.24051621 0.2263182
 0.25107982 0.27340686 0.28544835 0.27699165 0.28197926 0.28002728
 0.27896181 0.27687548 0.28982949 0.36260045]","[0.32910457 0.22894202 0.21355934 0.21852174 0.23852361 0.22174053
 0.22404562 0.25883961 0.24310616 0.15773333 0.17176593 0.20184691
 0.19938769 0.18801138 0.183771   0.18242841 0.19273636 0.20689509
 0.22508707 0.21536442 0.21809355 0.2284256  0.2349861  0.23851835
 0.22860881 0.24360518 0.20859681 0.21340448 0.20407841 0.18495474
 0.20321201 0.22808495 0.24222584 0.24047811 0.25016357 0.23839451
 0.23496072 0.23872873 0.25406909 0.32540364]","[0.32853742 0.22838626 0.21285784 0.21855236 0.23799889 0.22180328
 0.22361776 0.25838733 0.24125516 0.15700962 0.17136579 0.20024784
 0.19567654 0.18428824 0.18088007 0.18031818 0.19289338 0.20721321
 0.22044002 0.20776181 0.21243614 0.22513303 0.23296572 0.23421154
 0.23153136 0.2430116  0.21221368 0.22282168 0.22016359 0.2155044
 0.29865768 0.45355367 0.625942   0.76179885 0.87265535 0.97467074
 1.07097475 1.16491337 1.23427612 1.30303477]",0.0019428763,0.0035262527,mean_absolute_error_optimizers.Nadam-lr=0.0005
0.0033330630343407393,"[0.35744358 0.24398374 0.22076647 0.2219174  0.22351131 0.21057851
 0.21522584 0.22017653 0.21160153 0.18634525 0.21887631 0.23222678
 0.23141899 0.22414379 0.21789652 0.21301135 0.20483165 0.21663443
 0.21262617 0.2010502  0.21460624 0.22353089 0.22291963 0.21928139
 0.21464138 0.21967345 0.22210354 0.22685676 0.22335314 0.2123104
 0.23792388 0.25739098 0.26706102 0.26490102 0.26908962 0.26537037
 0.25239668 0.24829497 0.26731074 0.33697318]","[0.32817892 0.22802817 0.21454318 0.21930982 0.23886718 0.22106698
 0.22229866 0.2563722  0.24291654 0.15662378 0.1697947  0.19946132
 0.19668537 0.18534795 0.18041331 0.18013701 0.19177809 0.20598403
 0.22601053 0.2152915  0.2166107  0.22723877 0.23456504 0.23739249
 0.22867958 0.24235291 0.20752251 0.21448552 0.20398528 0.18365132
 0.20165489 0.22753035 0.24498729 0.24290758 0.25151842 0.23882362
 0.23535778 0.23873159 0.25172365 0.32298444]","[0.32759611 0.22747865 0.21364986 0.21928378 0.2383481  0.22104506
 0.22145999 0.25540886 0.2408414  0.15573259 0.16896337 0.19796281
 0.19287934 0.1812099  0.177032   0.17728969 0.1911179  0.20529746
 0.22066772 0.20738548 0.21100116 0.22417464 0.23284655 0.23385277
 0.23150197 0.24247757 0.21187527 0.22556265 0.22251055 0.21733436
 0.30027124 0.45576679 0.6291486  0.76544196 0.87541282 0.97706166
 1.07246858 1.16546877 1.23339586 1.300657  ]",0.0018943037,0.0034541516,mean_absolute_error_optimizers.Nadam-lr=0.0005
0.003351728443677227,"[0.36993342 0.26340986 0.24364493 0.24903031 0.24833082 0.24264928
 0.24435343 0.24272666 0.23370543 0.20405117 0.21899054 0.23458164
 0.23504953 0.23713834 0.22762198 0.22498987 0.22182774 0.23208447
 0.23103038 0.20500775 0.22133839 0.23849352 0.22729656 0.23043228
 0.2314149  0.23233204 0.23318175 0.24020834 0.23672838 0.21554598
 0.24372189 0.27269667 0.27740107 0.28131253 0.27959701 0.27730502
 0.27183475 0.26083744 0.27901463 0.35057391]","[0.32679107 0.22704021 0.21496237 0.21958522 0.23908967 0.22064615
 0.22198616 0.25711576 0.2425275  0.15523164 0.16821795 0.19809084
 0.19597377 0.18675489 0.1826958  0.18132039 0.19202016 0.20651964
 0.22612762 0.21511022 0.21651482 0.22652854 0.23316129 0.23608782
 0.2255615  0.24020571 0.20687375 0.21295978 0.20335252 0.18360636
 0.20160193 0.22648577 0.24142297 0.23908963 0.24847648 0.23604773
 0.2326482  0.23662711 0.25092147 0.32232173]","[0.32623657 0.22674502 0.21416575 0.21981149 0.23868746 0.22048356
 0.2209531  0.25596326 0.24057753 0.15411401 0.16703717 0.19544682
 0.19151045 0.18254301 0.1792707  0.1782227  0.19170532 0.20601843
 0.22120464 0.20744257 0.21070742 0.22315881 0.23104644 0.23148422
 0.22754381 0.23844166 0.20937893 0.22236961 0.21904856 0.21312345
 0.29697423 0.45480679 0.6270094  0.76303554 0.87331412 0.9755571
 1.07154203 1.16509431 1.23419566 1.30292106]",0.0019256362,0.0034853697,mean_absolute_error_optimizers.Nadam-lr=0.0005
0.003361368728801608,"[0.36788053 0.27062101 0.23450858 0.24043254 0.23505738 0.21656148
 0.21765089 0.22386111 0.21941674 0.19331691 0.21389997 0.22312987
 0.22514216 0.22426727 0.22369539 0.22347512 0.23117067 0.22609447
 0.22547327 0.2080197  0.2169098  0.22484948 0.22646738 0.21733873
 0.21844028 0.2241534  0.22559324 0.22979791 0.23382223 0.22450905
 0.26286273 0.28383491 0.28736138 0.29062051 0.28117595 0.27973386
 0.27568377 0.26923785 0.28520905 0.35030223]","[0.32834599 0.22795775 0.21553514 0.21999567 0.23853863 0.22064434
 0.22291091 0.25780893 0.24202789 0.1557522  0.16968148 0.20063445
 0.19874076 0.18789508 0.1822255  0.18068369 0.18978349 0.20491031
 0.22466908 0.21472308 0.2172003  0.22750042 0.2340614  0.23626944
 0.22603296 0.23930899 0.20591947 0.21263507 0.20310003 0.18311622
 0.2012381  0.22635091 0.24278203 0.24018773 0.2496783  0.23826614
 0.23526988 0.23726396 0.24712146 0.31832136]","[0.32785753 0.22760001 0.21481619 0.22018068 0.23823516 0.22077296
 0.22234187 0.25740503 0.24033364 0.15525743 0.16974345 0.19913998
 0.19463942 0.18338697 0.17827928 0.17738277 0.18916339 0.20469099
 0.21939563 0.20656035 0.21097598 0.22383432 0.23179093 0.23276995
 0.23054737 0.24167606 0.21242697 0.2256117  0.22237972 0.21599646
 0.2987294  0.45454325 0.62779772 0.76406899 0.87549149 0.97795968
 1.07399917 1.16697354 1.23444418 1.30104513]",0.0019567895,0.003553658,mean_absolute_error_optimizers.Nadam-lr=0.0005
0.0033077562631418306,"[0.36411116 0.25775859 0.22657621 0.23615066 0.23511365 0.22011869
 0.22191543 0.22253652 0.21407093 0.18644291 0.21065275 0.22515265
 0.22568786 0.22603545 0.21344906 0.21125297 0.21403448 0.22262197
 0.21467807 0.19314406 0.20809118 0.21691707 0.21853003 0.21574015
 0.20925818 0.21337505 0.2212625  0.22890168 0.22035272 0.20741852
 0.23746574 0.26054628 0.26631133 0.25450435 0.25039639 0.24944594
 0.24985441 0.23996207 0.26683108 0.33658188]","[0.32715072 0.22695087 0.21436342 0.2184366  0.2371835  0.2199528
 0.22348207 0.25967491 0.24123777 0.15630654 0.16928742 0.1979778
 0.19438526 0.18361615 0.17917631 0.17741213 0.18810411 0.2045343
 0.22518173 0.21655373 0.21829915 0.2278916  0.23380574 0.23636404
 0.22642132 0.24020058 0.20670607 0.2126624  0.20323222 0.18425339
 0.20317089 0.22756034 0.2427847  0.24037789 0.249699   0.23774325
 0.23354355 0.23639732 0.24819906 0.32080587]","[0.32645951 0.22638387 0.21364676 0.21871138 0.23705106 0.21996103
 0.22269945 0.25897333 0.23898447 0.15522741 0.16860317 0.19606053
 0.19031802 0.17952096 0.17548544 0.17412622 0.1872967  0.20351736
 0.21909493 0.20788804 0.21132123 0.22370509 0.23109994 0.23203453
 0.2282442  0.23862306 0.20916389 0.22142568 0.21892257 0.21489456
 0.29943419 0.45595063 0.62912717 0.76569985 0.87689934 0.97927663
 1.07537725 1.16852896 1.23669744 1.30471532]",0.0019093945,0.0034677254,mean_absolute_error_optimizers.Nadam-lr=0.0005
0.0033251269198954106,"[0.36109228 0.2487482  0.22303862 0.23211218 0.22781294 0.22008229
 0.23542061 0.24388127 0.22224465 0.20113564 0.2246302  0.23740267
 0.2336995  0.23117664 0.2352763  0.22527893 0.23039603 0.23319635
 0.22624723 0.21638328 0.23249856 0.23195074 0.23638655 0.23061685
 0.22397831 0.23125875 0.22784718 0.24009101 0.22753816 0.20994699
 0.24360642 0.26431211 0.27529454 0.26460713 0.26075086 0.26844304
 0.26544906 0.25884523 0.27820694 0.35040013]","[0.32433804 0.22496371 0.21388507 0.21753728 0.23606371 0.2193535
 0.22136156 0.25788448 0.23939279 0.15348549 0.16716575 0.1987919
 0.19579701 0.18395223 0.17797887 0.17493752 0.18467108 0.20100442
 0.22196077 0.21310243 0.21681294 0.22639426 0.23157812 0.2345189
 0.22573705 0.23970375 0.20449187 0.21134279 0.20173041 0.18239001
 0.20055105 0.22492157 0.23990251 0.23658768 0.24680287 0.23499096
 0.23200957 0.23539358 0.24816144 0.31992606]","[0.32369026 0.22458617 0.21315811 0.21745433 0.23538406 0.21895652
 0.22028472 0.25693518 0.23716019 0.15263886 0.16643324 0.19649668
 0.19144663 0.17969431 0.17433257 0.17208333 0.18478418 0.20132078
 0.21745546 0.20556481 0.21093019 0.22256291 0.22907515 0.23024372
 0.23002039 0.24148274 0.21067465 0.22409642 0.22123552 0.21559492
 0.29790164 0.45283558 0.62631424 0.76267839 0.87426918 0.97654733
 1.07301242 1.16693772 1.23559621 1.30349585]",0.0019047282,0.003471797,mean_absolute_error_optimizers.Nadam-lr=0.0005
0.0033277765729775033,"[0.37652277 0.26409058 0.23719417 0.24391654 0.23163018 0.22881318
 0.22865426 0.23685615 0.23251313 0.20501833 0.22222402 0.23650875
 0.23406672 0.24059237 0.23554777 0.23251027 0.23703046 0.24103738
 0.23592005 0.21621937 0.22858397 0.23266716 0.2380266  0.23494035
 0.22954229 0.22930434 0.23159301 0.22817613 0.22798932 0.21534958
 0.24786344 0.27201048 0.2768749  0.27644925 0.27321694 0.27166038
 0.28263858 0.2739196  0.2892181  0.35696655]","[0.32492451 0.2241834  0.21359335 0.21777324 0.2367231  0.21904322
 0.22231917 0.25553453 0.2407672  0.15453142 0.16851131 0.19779223
 0.194744   0.18514487 0.1813097  0.17873314 0.18827315 0.2027651
 0.2218607  0.21239639 0.2148255  0.22494814 0.23165909 0.23440331
 0.22438951 0.23792714 0.20387402 0.20984676 0.20104965 0.18226999
 0.20142294 0.22593947 0.24021929 0.23735392 0.2478744  0.23657605
 0.2332395  0.23686368 0.25172736 0.32254044]","[0.32427464 0.22369285 0.21246013 0.21736446 0.23572428 0.21861746
 0.22140455 0.25466222 0.23850767 0.15353081 0.16802716 0.1958927
 0.19074335 0.18091116 0.17772275 0.17594724 0.18825236 0.20299512
 0.21730507 0.20453337 0.20790647 0.22020181 0.22827382 0.22940054
 0.22691303 0.23764708 0.20851022 0.22029913 0.2170899  0.21113307
 0.29618099 0.45338007 0.62720441 0.76376099 0.8743937  0.97583462
 1.07090036 1.16333263 1.23162863 1.29955958]",0.0019304955,0.0035191786,mean_absolute_error_optimizers.Nadam-lr=0.0005
0.0032977974079549314,"[0.38331008 0.26858896 0.24151509 0.25187872 0.24892627 0.23628008
 0.23518308 0.23347892 0.22416695 0.20385843 0.22721846 0.24295205
 0.22832542 0.22608848 0.23346235 0.2326596  0.23145466 0.23926044
 0.23297823 0.21517998 0.22508824 0.24141445 0.23596912 0.22895934
 0.2287213  0.23288062 0.23273332 0.22623224 0.2211128  0.22183469
 0.25000878 0.26698756 0.2760453  0.26727789 0.25989047 0.2636037
 0.26165957 0.25245024 0.26829297 0.34435235]","[0.32307665 0.22296227 0.21167625 0.21783229 0.23655024 0.21860021
 0.22059096 0.25593908 0.23884725 0.15392997 0.16749917 0.19596486
 0.19291169 0.18234513 0.177098   0.17639394 0.1872097  0.20239445
 0.22173272 0.21140409 0.21318882 0.2233829  0.230373   0.2329021
 0.22257608 0.23769698 0.20453605 0.21080774 0.20113201 0.18189793
 0.20125564 0.22595391 0.23997689 0.23781296 0.24817775 0.23705117
 0.2326574  0.23347062 0.2456846  0.31717038]","[0.32249584 0.22266982 0.21081556 0.21753906 0.23560746 0.21817579
 0.2201569  0.25581038 0.23744035 0.1534761  0.16710898 0.19424146
 0.18891135 0.17794944 0.17351643 0.17320534 0.18651536 0.20179298
 0.21608055 0.20311169 0.2067085  0.21925756 0.22753228 0.22862704
 0.22586608 0.23779926 0.20894496 0.2213039  0.21770516 0.21252512
 0.29736254 0.45391923 0.62643198 0.7628266  0.87401552 0.97610989
 1.07191071 1.16502774 1.23321194 1.30093959]",0.0019172797,0.0034814477,mean_absolute_error_optimizers.Nadam-lr=0.0005
