0.07966109865903855,0.23375522115123765,"[2.42119903 2.39156832 2.36915927 2.34965949 2.34174132 2.32809097
 2.32551178 2.33138013 2.33701837 2.33962356 2.34295461 2.34824994
 2.36145118 2.36056966 2.32701671 2.32800756 2.3303191  2.33570154
 2.32570356 2.32248442]","[2.52251185 2.48163155 2.45191569 2.43295986 2.42203057 2.41893085
 2.41570149 2.41792967 2.42152541 2.42471268 2.42428233 2.42622222
 2.42844712 2.42893207 2.4196929  2.42177458 2.4029061  2.40868608
 2.42177523 2.41971468]",mean_absolute_error_optimizers.SGD-momentum=0.8-decay=0.001-nesterov=True
0.07141005019346873,0.21228103950700858,"[2.29078321 2.24594449 2.1938571  2.16110768 2.14558824 2.14529219
 2.13616939 2.12626897 2.11626373 2.10031697 2.08973255 2.07857943
 2.08154084 2.08284775 2.08137418 2.0925079  2.09797721 2.10620942
 2.11103994 2.13238933]","[2.40291975 2.34825631 2.30690916 2.27938683 2.26244036 2.25523626
 2.24836778 2.24725347 2.24739444 2.24754392 2.24429076 2.24404131
 2.24431979 2.24320615 2.23206155 2.23389634 2.21385528 2.21813029
 2.23179646 2.23076436]",mean_absolute_error_optimizers.SGD-momentum=0.8-decay=0.001-nesterov=True
0.06599799204866091,0.2065044939560671,"[2.2938195  2.24199553 2.226144   2.19393714 2.17218773 2.15747624
 2.15832335 2.14366584 2.1299773  2.105996   2.10750811 2.09748676
 2.08958196 2.11581306 2.11389812 2.0829929  2.04080817 2.03617773
 2.03476627 2.02743532]","[2.32271924 2.26077667 2.2136663  2.18197103 2.16202378 2.15262756
 2.14342459 2.1397904  2.13726686 2.13478704 2.12916679 2.12685054
 2.12536977 2.12276309 2.10989942 2.11143026 2.09050259 2.0935542
 2.10760796 2.10763774]",mean_absolute_error_optimizers.SGD-momentum=0.8-decay=0.001-nesterov=True
0.06288654225071272,0.18553166531318346,"[2.01285725 1.97282811 1.9483849  1.94526059 1.94440838 1.93786948
 1.94918861 1.95085682 1.93287546 1.92189816 1.92088144 1.91979871
 1.9024357  1.86892491 1.8641965  1.85591969 1.87129689 1.87003457
 1.87060912 1.87077043]","[2.26703098 2.20098779 2.1507295  2.1168005  2.09509839 2.08425891
 2.0732426  2.06756022 2.06301685 2.05838786 2.05078059 2.04668056
 2.04370799 2.03993574 2.02579278 2.02696919 2.00528876 2.0075667
 2.02205389 2.0229549 ]",mean_absolute_error_optimizers.SGD-momentum=0.8-decay=0.001-nesterov=True
0.06020315511027972,0.19400720335887633,"[2.15982522 2.10277048 2.08673624 2.05113816 2.02889389 2.01084159
 1.98895136 1.98719841 1.97786811 1.94511003 1.94490096 1.93899812
 1.96326928 1.97348691 1.95065649 1.93423081 1.90546084 1.91082907
 1.9113523  1.93276903]","[2.22182423 2.15180916 2.09857277 2.06257627 2.03945809 2.02757097
 2.01520692 2.00792523 2.00182236 1.99543484 1.98605225 1.98032763
 1.97587453 1.97089323 1.9555986  1.95640022 1.93413295 1.93603998
 1.95091782 1.9526493 ]",mean_absolute_error_optimizers.SGD-momentum=0.8-decay=0.001-nesterov=True
0.05831403322021166,0.17084951127495696,"[1.94448924 1.86752965 1.810651   1.76679999 1.74818642 1.70671315
 1.69020902 1.68198056 1.68461704 1.67428479 1.68937948 1.68220595
 1.6765656  1.69372055 1.68263421 1.65991942 1.64694822 1.64560753
 1.63029713 1.64942655]","[2.18803761 2.1153962  2.0601232  2.0227439  1.99857453 1.98581206
 1.97240738 1.96379586 1.95636487 1.94855249 1.9377496  1.9306751
 1.92501477 1.91901286 1.90276214 1.90306218 1.88037415 1.88207132
 1.89741261 1.89986874]",mean_absolute_error_optimizers.SGD-momentum=0.8-decay=0.001-nesterov=True
0.056841229180494945,0.17268680716517243,"[2.02513953 2.01266037 1.91974412 1.88515955 1.84628154 1.82916687
 1.82030554 1.80383855 1.78743274 1.78282775 1.76970234 1.78060325
 1.75151096 1.75242524 1.75083169 1.74469521 1.74309506 1.73808685
 1.71494017 1.71940716]","[2.1607553  2.08596828 2.02901316 1.99050981 1.96550508 1.9520419
 1.93768179 1.92793429 1.91946507 1.91045842 1.89837936 1.89018439
 1.88345576 1.87664409 1.859638   1.85963481 1.83659804 1.83828402
 1.85402262 1.85705244]",mean_absolute_error_optimizers.SGD-momentum=0.8-decay=0.001-nesterov=True
0.055739281872908275,0.16543851625884756,"[1.93709797 1.86978661 1.83031136 1.81802429 1.79322212 1.77775828
 1.7481432  1.73257456 1.69627729 1.65292365 1.65140422 1.64438765
 1.63093788 1.62417195 1.61977874 1.62074752 1.62313439 1.63244098
 1.6582812  1.68378816]","[2.13772209 2.06125957 2.00315799 1.96401672 1.93862551 1.92484757
 1.90994742 1.89943321 1.89017869 1.88026555 1.86718041 1.85798904
 1.85025687 1.84252188 1.82467958 1.82425081 1.80078084 1.80226152
 1.81829844 1.82194391]",mean_absolute_error_optimizers.SGD-momentum=0.8-decay=0.001-nesterov=True
0.05428063737352689,0.16527014269234727,"[1.98059587 1.90022132 1.84446803 1.78944048 1.74728559 1.72874838
 1.69456084 1.66740624 1.67271504 1.65039285 1.62756242 1.62967952
 1.6329053  1.63499398 1.63658637 1.6440624  1.66084672 1.67821755
 1.68440769 1.70884126]","[2.11691645 2.03824398 1.97837569 1.9380248  1.91165723 1.89712766
 1.88141535 1.87001217 1.85990492 1.84910635 1.83508288 1.82500278
 1.81639831 1.8079634  1.7893761  1.78860329 1.76481199 1.76607979
 1.78230745 1.78639521]",mean_absolute_error_optimizers.SGD-momentum=0.8-decay=0.001-nesterov=True
0.053509730140368146,0.1714954592375829,"[2.01390565 1.95070498 1.90557536 1.8862726  1.87676302 1.8813666
 1.85953438 1.83040117 1.80331933 1.78215937 1.73432232 1.72386166
 1.72553305 1.73667156 1.72277602 1.72874607 1.736632   1.73984971
 1.73173999 1.74942687]","[2.0985653  2.01853785 1.95764216 1.91662825 1.88972263 1.87468618
 1.8583137  1.84614649 1.83535373 1.82389186 1.80912706 1.79833281
 1.78897718 1.77984163 1.76054047 1.75942319 1.7353257  1.73646719
 1.75299693 1.7576356 ]",mean_absolute_error_optimizers.SGD-momentum=0.8-decay=0.001-nesterov=True
0.05278326391180356,0.16380933509198325,"[1.90644589 1.85584524 1.78410314 1.74865705 1.73570143 1.7104113
 1.66278676 1.65567978 1.63423351 1.62247563 1.61344727 1.59334274
 1.56904083 1.55966926 1.57229648 1.56825897 1.60025196 1.61496437
 1.63429212 1.66298352]","[2.08163813 2.00003027 1.93799325 1.89624054 1.86877791 1.85330934
 1.83634223 1.82348138 1.81211037 1.80001635 1.78454219 1.77310678
 1.76305391 1.75330797 1.7333956  1.73197795 1.70756727 1.70860508
 1.72531225 1.73039105]",mean_absolute_error_optimizers.SGD-momentum=0.8-decay=0.001-nesterov=True
0.051879257619380954,0.15599992208378483,"[1.90970131 1.81872744 1.75849318 1.71385682 1.68635746 1.62533939
 1.60252804 1.58982423 1.56414518 1.54935465 1.54906192 1.60311969
 1.57589234 1.55063087 1.5542587  1.55830753 1.56067892 1.57218467
 1.58153618 1.62422411]","[2.06862803 1.98594143 1.92304981 1.88073442 1.85275812 1.83684534
 1.81937336 1.80600835 1.79412637 1.78147434 1.76540213 1.75339525
 1.742663   1.73231288 1.71174114 1.70997025 1.68526585 1.68619049
 1.70312875 1.7086356 ]",mean_absolute_error_optimizers.SGD-momentum=0.8-decay=0.001-nesterov=True
0.051294420351584755,0.15755822870043595,"[1.83270702 1.76018435 1.72028805 1.69110457 1.63920462 1.61300964
 1.59318659 1.58129203 1.55517165 1.52705321 1.5087037  1.48627867
 1.47535628 1.4651577  1.46171775 1.48439427 1.53601272 1.55063819
 1.57173504 1.59512832]","[2.05526358 1.97125773 1.90744012 1.86456605 1.83620588 1.81996567
 1.80203507 1.78813174 1.77575032 1.7626523  1.7460531  1.73357189
 1.72229296 1.71143066 1.69036522 1.68835462 1.66339426 1.66407521
 1.68107269 1.68687911]",mean_absolute_error_optimizers.SGD-momentum=0.8-decay=0.001-nesterov=True
0.05094617832700411,0.15215243123721678,"[1.79080596 1.73074647 1.68086288 1.64187495 1.61318795 1.5840842
 1.56067073 1.53988851 1.52430124 1.51104122 1.53914074 1.48951116
 1.4816241  1.48747814 1.48927719 1.51260242 1.50261737 1.46051447
 1.48543777 1.46946032]","[2.04121878 1.95567129 1.89066676 1.84696507 1.81793703 1.80114936
 1.78269286 1.76828908 1.75547386 1.74185004 1.72466804 1.71163361
 1.69973341 1.68828963 1.66662505 1.66423781 1.63896534 1.6396029
 1.65684046 1.66308039]",mean_absolute_error_optimizers.SGD-momentum=0.8-decay=0.001-nesterov=True
0.050235889951388044,0.15033871314736819,"[1.79712774 1.73447533 1.69297881 1.64873565 1.62280574 1.59539371
 1.56981539 1.55380409 1.52809122 1.49919051 1.48139642 1.47000214
 1.44995679 1.40998495 1.40325259 1.40765698 1.4526511  1.45352193
 1.44440215 1.46183137]","[2.02999752 1.94351174 1.87783809 1.83373913 1.80441584 1.78732033
 1.76839753 1.75346373 1.74019864 1.72614939 1.70848757 1.69510302
 1.68277526 1.67091421 1.64883591 1.64622588 1.62076692 1.62130876
 1.63875227 1.64529733]",mean_absolute_error_optimizers.SGD-momentum=0.8-decay=0.001-nesterov=True
0.04957531464099884,0.1582717320980769,"[1.86007411 1.7870368  1.73065611 1.68273484 1.64735215 1.6404171
 1.62029269 1.58981161 1.60994078 1.60220955 1.6050775  1.57111689
 1.57239845 1.56495047 1.54812782 1.55904628 1.50031604 1.49786757
 1.502355   1.51515106]","[2.01989821 1.93248921 1.8661062  1.82152572 1.79177524 1.77432298
 1.75498601 1.73962096 1.72595016 1.71153832 1.69340096 1.67958826
 1.6668162  1.65455051 1.63204357 1.62918239 1.60349476 1.60380677
 1.62133459 1.62818595]",mean_absolute_error_optimizers.SGD-momentum=0.8-decay=0.001-nesterov=True
0.04920349848270416,0.14709608995882825,"[1.71802353 1.68256102 1.59096011 1.55779188 1.56099291 1.54077336
 1.54947181 1.52314481 1.50244068 1.48011705 1.46979767 1.45927079
 1.4706067  1.4386959  1.4428971  1.44062159 1.4363047  1.42624465
 1.42252511 1.4412367 ]","[2.01126617 1.92284757 1.85564246 1.81047719 1.78029149 1.7624948
 1.74281736 1.72715117 1.71327183 1.69859091 1.68010764 1.66598504
 1.65279056 1.64008477 1.61715626 1.61401679 1.58809038 1.5883116
 1.6059528  1.61307061]",mean_absolute_error_optimizers.SGD-momentum=0.8-decay=0.001-nesterov=True
0.04902202641963959,0.14719070890255645,"[1.81841876 1.7453765  1.66828003 1.65844155 1.58984959 1.56578156
 1.50717914 1.48129291 1.45071579 1.42256446 1.40711963 1.39093202
 1.37844101 1.37072049 1.37717388 1.35654957 1.34716402 1.38310161
 1.38498789 1.40863026]","[2.00030907 1.91086566 1.84291437 1.7972441  1.76663932 1.74846499
 1.72833004 1.71219231 1.69783544 1.68274252 1.66380353 1.64931672
 1.63572185 1.6226374  1.59928812 1.59589108 1.56977304 1.56985752
 1.58771059 1.59518344]",mean_absolute_error_optimizers.SGD-momentum=0.8-decay=0.001-nesterov=True
0.04824074390530586,0.1563626408972962,"[1.96715116 1.84386601 1.77876811 1.74664207 1.7491918  1.69541385
 1.68670702 1.6640471  1.63361489 1.60867412 1.57710815 1.55096452
 1.53425143 1.56272216 1.53791898 1.53472008 1.52138084 1.53911247
 1.52950463 1.54636855]","[1.99346301 1.90344418 1.83509328 1.78917937 1.75837685 1.74000092
 1.71958582 1.70318349 1.68858747 1.67326529 1.65398829 1.63921045
 1.62525943 1.61177498 1.588025   1.58444288 1.55814053 1.55814179
 1.57604961 1.58376608]",mean_absolute_error_optimizers.SGD-momentum=0.8-decay=0.001-nesterov=True
0.04796213103334109,0.13292077528716534,"[1.61545605 1.53238342 1.47725891 1.44702787 1.40738636 1.37451401
 1.33681049 1.31332735 1.29089515 1.26983895 1.25625959 1.24804139
 1.23864377 1.23302884 1.22632781 1.22016573 1.25373682 1.22782072
 1.25206387 1.24542749]","[1.98500615 1.89418928 1.82523544 1.77891474 1.74778335 1.72913816
 1.70840149 1.69166739 1.67675483 1.66110405 1.64147679 1.62639337
 1.61210684 1.59831258 1.57422442 1.57046024 1.54398394 1.54386783
 1.56191081 1.5699247 ]",mean_absolute_error_optimizers.SGD-momentum=0.8-decay=0.001-nesterov=True
0.047864011615514755,0.1392438163831085,"[1.78040475 1.67034564 1.62104753 1.57943094 1.52420477 1.49554894
 1.46991902 1.44988811 1.42445074 1.39835642 1.379253   1.36976559
 1.38173227 1.36370214 1.36752677 1.35645204 1.27543115 1.27446499
 1.2902056  1.34667655]","[1.97628485 1.88447866 1.81483364 1.76807593 1.73667797 1.71780619
 1.69679668 1.67976502 1.66460834 1.64869875 1.62870503 1.61333462
 1.5986962  1.58451266 1.5600848  1.55612272 1.52951114 1.52929464
 1.54745273 1.55573771]",mean_absolute_error_optimizers.SGD-momentum=0.8-decay=0.001-nesterov=True
0.04735734435915947,0.14040871460140003,"[1.68444536 1.61687839 1.57855507 1.54331941 1.50779426 1.46922976
 1.42607453 1.3871201  1.38463867 1.36646386 1.36788753 1.33399031
 1.319303   1.30960024 1.28026398 1.26460097 1.26091843 1.26237783
 1.27386817 1.30146703]","[1.96985093 1.87748631 1.80741793 1.76034157 1.72864374 1.70951051
 1.68820031 1.67091344 1.65552581 1.63935114 1.61906686 1.60344011
 1.58848802 1.57401319 1.5492788  1.54509526 1.51828716 1.51793954
 1.53615656 1.54466478]",mean_absolute_error_optimizers.SGD-momentum=0.8-decay=0.001-nesterov=True
0.047237526406844456,0.15712348190999084,"[1.96463431 1.88984447 1.82695371 1.77906493 1.71811644 1.68874665
 1.65334819 1.6285943  1.60649481 1.56101826 1.55176666 1.55407072
 1.53133568 1.51990136 1.51049394 1.48463538 1.47789916 1.4953379
 1.55883967 1.54129428]","[1.96328027 1.8702951  1.79973637 1.75233352 1.72034135 1.70091719
 1.67929532 1.66169823 1.64603182 1.62959459 1.60900096 1.59312006
 1.57790928 1.56316015 1.53813912 1.53380159 1.50682119 1.50635372
 1.52471255 1.53346822]",mean_absolute_error_optimizers.SGD-momentum=0.8-decay=0.001-nesterov=True
0.04677477833628654,0.14015991366406888,"[1.74232027 1.67156525 1.61848405 1.57975772 1.53941495 1.50028325
 1.46457138 1.442339   1.41415144 1.41840065 1.39145956 1.37585307
 1.37571566 1.37388306 1.36796949 1.35658427 1.3444891  1.33459357
 1.32775153 1.34848846]","[1.95763657 1.86408984 1.79314121 1.74545513 1.71323071 1.69362036
 1.67175225 1.65395042 1.63809874 1.62147004 1.60062778 1.58451935
 1.5690311  1.55397703 1.52864842 1.5240908  1.49694647 1.49632194
 1.51467934 1.5236224 ]",mean_absolute_error_optimizers.SGD-momentum=0.8-decay=0.001-nesterov=True
0.046391239672899244,0.15024590435556864,"[1.85819662 1.75214896 1.69577308 1.66573029 1.63434037 1.64233134
 1.63005596 1.60506213 1.59646072 1.61162438 1.60045957 1.59423363
 1.5559925  1.53697536 1.52042698 1.54319325 1.530584   1.52942611
 1.52126138 1.52294196]","[1.95143641 1.85728392 1.78587573 1.73787786 1.70539519 1.68554581
 1.66340852 1.64533928 1.62924739 1.61236241 1.59121553 1.57487932
 1.55910288 1.54377054 1.51816049 1.51341841 1.48618149 1.4855054
 1.50400286 1.51318676]",mean_absolute_error_optimizers.SGD-momentum=0.8-decay=0.001-nesterov=True
0.04599885181585948,0.12636051138417265,"[1.56033537 1.47603257 1.39445943 1.32867345 1.29665639 1.27536903
 1.25506785 1.23572496 1.23710066 1.20449177 1.148914   1.15576517
 1.1576272  1.1460886  1.15327725 1.14389929 1.13797726 1.1215585
 1.14658935 1.18076838]","[1.94549602 1.85094539 1.77929572 1.73113225 1.69850178 1.67854163
 1.65620976 1.63794806 1.62163565 1.60449118 1.58307622 1.56651912
 1.55049551 1.53494846 1.50906894 1.50422201 1.47685335 1.47605885
 1.4946545  1.50409123]",mean_absolute_error_optimizers.SGD-momentum=0.8-decay=0.001-nesterov=True
0.04592570048570633,0.14242429388263872,"[1.82685288 1.73594352 1.66974033 1.62842987 1.58707736 1.53723411
 1.53653025 1.50718697 1.46673608 1.42028818 1.38934618 1.41447165
 1.40657676 1.41446083 1.41211954 1.36735581 1.35058945 1.35677019
 1.36448865 1.41704005]","[1.93975096 1.84463122 1.77254108 1.72408728 1.69123766 1.6710865
 1.64850419 1.63000169 1.61348924 1.59615311 1.57447426 1.55771341
 1.54144643 1.52564369 1.49952197 1.49451871 1.46702652 1.46619859
 1.48491867 1.49455526]",mean_absolute_error_optimizers.SGD-momentum=0.8-decay=0.001-nesterov=True
0.04553244563937187,0.14303715203904516,"[1.83703517 1.77619565 1.73671585 1.64490014 1.59989238 1.55548994
 1.52327023 1.4865643  1.45036517 1.42754945 1.4006224  1.38220108
 1.37628608 1.43611118 1.43404289 1.33046603 1.33575078 1.34029349
 1.35294074 1.37260871]","[1.93306513 1.83713573 1.76447908 1.71563007 1.68246697 1.66203929
 1.63915241 1.6203912  1.60364943 1.58608324 1.56411477 1.54712121
 1.53059813 1.51450412 1.48808673 1.48291879 1.45526509 1.45432157
 1.47308707 1.48294665]",mean_absolute_error_optimizers.SGD-momentum=0.8-decay=0.001-nesterov=True
0.04533633689085643,0.14012352148534932,"[1.7884894  1.70356114 1.65229019 1.57768734 1.52846821 1.49101798
 1.46681079 1.43413217 1.41105998 1.38291713 1.34787626 1.34912438
 1.32954728 1.34235876 1.33385015 1.32078067 1.32660912 1.33388467
 1.32863821 1.34043398]","[1.92935227 1.83307583 1.7601732  1.71115663 1.67788891 1.65737367
 1.63434142 1.61542079 1.59851464 1.58075364 1.55857876 1.54143003
 1.52471112 1.50840698 1.48180695 1.47648832 1.44875078 1.44772517
 1.46654161 1.47654008]",mean_absolute_error_optimizers.SGD-momentum=0.8-decay=0.001-nesterov=True
0.04496841940283775,0.13822075765398809,"[1.74177576 1.67146288 1.64184439 1.64376146 1.58825263 1.55092279
 1.47298828 1.44148327 1.41556461 1.39323674 1.37868046 1.32193421
 1.29721203 1.28720795 1.31684245 1.36525507 1.308313   1.32633969
 1.34471291 1.32588205]","[1.92422334 1.82748866 1.75424401 1.70497536 1.67147478 1.65074011
 1.62745537 1.60832623 1.59124414 1.57330372 1.55092492 1.53361599
 1.51671165 1.50019667 1.47333891 1.46783101 1.43995643 1.43887017
 1.45776739 1.46798879]",mean_absolute_error_optimizers.SGD-momentum=0.8-decay=0.001-nesterov=True
0.04480005769928296,0.1440246698765494,"[1.85873072 1.76717294 1.70151196 1.66235123 1.65096561 1.63360119
 1.61400721 1.5722666  1.54132689 1.50596779 1.46054991 1.446184
 1.43304538 1.40905081 1.38423628 1.38086573 1.3904969  1.37887578
 1.38380422 1.40474012]","[1.91924148 1.82207945 1.74854327 1.69907456 1.66538035 1.64448962
 1.62098613 1.60163222 1.58432988 1.56615362 1.54352103 1.52599683
 1.50885419 1.49214906 1.46507102 1.45945602 1.43149357 1.43030721
 1.44928647 1.45967771]",mean_absolute_error_optimizers.SGD-momentum=0.8-decay=0.001-nesterov=True
0.04479360991716385,0.13027208578178706,"[1.61283573 1.51173234 1.44477524 1.39700574 1.36335963 1.32020241
 1.29654286 1.28239372 1.26528034 1.24735074 1.25186008 1.31008213
 1.24047797 1.18643404 1.17559434 1.19314171 1.16675126 1.17009692
 1.16878749 1.1870482 ]","[1.91517596 1.81763381 1.74384646 1.69421446 1.66041941 1.63944041
 1.61583052 1.59639353 1.57898922 1.56070797 1.53788509 1.5202086
 1.50290393 1.48598289 1.45875224 1.45299223 1.42492672 1.42366545
 1.44268288 1.45322976]",mean_absolute_error_optimizers.SGD-momentum=0.8-decay=0.001-nesterov=True
0.04457509848475456,0.13843098825231132,"[1.70242183 1.62892807 1.55497583 1.5079285  1.46863362 1.4410616
 1.41117508 1.37919915 1.35429323 1.33931452 1.37318054 1.34981384
 1.29317741 1.27401117 1.2647239  1.25650983 1.21863301 1.20725727
 1.21860102 1.24208399]","[1.9101124  1.8120923  1.73797883 1.68811988 1.65413087 1.63295999
 1.60911747 1.58945688 1.57185641 1.55335701 1.53030829 1.5124703
 1.49496022 1.47781726 1.4503369  1.44444056 1.41627632 1.41495586
 1.43405872 1.44480539]",mean_absolute_error_optimizers.SGD-momentum=0.8-decay=0.001-nesterov=True
0.04434920886158943,0.13480636460838594,"[1.6952976  1.61827366 1.56982042 1.52376611 1.48269783 1.45417982
 1.44903604 1.38854848 1.33069103 1.30090648 1.28420211 1.26681388
 1.27844954 1.25770984 1.21522499 1.1950243  1.19370454 1.1990631
 1.21910876 1.25840217]","[1.90601866 1.8076143  1.73319791 1.68309667 1.64889868 1.62755762
 1.60353153 1.58373275 1.56600546 1.54733912 1.52408825 1.50609971
 1.4884108  1.47110383 1.44345373 1.43744334 1.40917509 1.40773823
 1.42690254 1.43783548]",mean_absolute_error_optimizers.SGD-momentum=0.8-decay=0.001-nesterov=True
0.04418989168604215,0.13079098126736857,"[1.66867723 1.60299653 1.5521158  1.53016979 1.49859773 1.42432575
 1.38707714 1.37543505 1.34285717 1.31363407 1.28698781 1.26338221
 1.25379129 1.25254275 1.2373658  1.22820821 1.22375257 1.21974121
 1.24086481 1.26446464]","[1.90234865 1.80359276 1.72891387 1.67862072 1.64422542 1.62270969
 1.59845596 1.57844685 1.56055046 1.54171279 1.51827254 1.50013893
 1.48230304 1.46485278 1.43702047 1.4308922  1.40253714 1.40104587
 1.42026903 1.4313429 ]",mean_absolute_error_optimizers.SGD-momentum=0.8-decay=0.001-nesterov=True
0.043810691475868226,0.13125634015506887,"[1.68436698 1.61016769 1.55928779 1.52844772 1.49737543 1.45164138
 1.42668625 1.40141039 1.37149263 1.34885789 1.321418   1.31801506
 1.30879168 1.29305142 1.26974448 1.26220678 1.25873382 1.25568356
 1.25198275 1.26677469]","[1.89835827 1.79919302 1.72424885 1.67377684 1.63929741 1.6176995
 1.59332505 1.57318144 1.5551324  1.53613859 1.51251889 1.49425099
 1.47624603 1.45858122 1.43057587 1.42432162 1.39591576 1.39436291
 1.41364342 1.42486839]",mean_absolute_error_optimizers.SGD-momentum=0.8-decay=0.001-nesterov=True
0.04400995729366938,0.13389595968763404,"[1.71798269 1.65945457 1.61784774 1.59213661 1.57074197 1.5574721
 1.47201168 1.44056706 1.40609496 1.37889185 1.36207067 1.34257687
 1.32285533 1.2888157  1.27754762 1.27074056 1.27126436 1.28592069
 1.33278092 1.35841879]","[1.895069   1.79565107 1.7205111  1.66989175 1.63527459 1.61353868
 1.58900539 1.56873331 1.55057212 1.5314472  1.50765159 1.48926226
 1.47111392 1.45329772 1.42515581 1.4188043  1.39031415 1.38869203
 1.40803073 1.41940395]",mean_absolute_error_optimizers.SGD-momentum=0.8-decay=0.001-nesterov=True
0.04343629522124926,0.12459078200476188,"[1.61591657 1.54742615 1.47841372 1.43564855 1.3917507  1.34658421
 1.31485793 1.26277432 1.24308185 1.21774879 1.19190126 1.17105877
 1.15275262 1.15567149 1.13720874 1.13807226 1.08604282 1.09512884
 1.11620869 1.15267226]","[1.89129703 1.79150606 1.71611186 1.66532303 1.63057935 1.60873075
 1.58403694 1.56360629 1.54529658 1.52599107 1.50199384 1.48346615
 1.46515929 1.44716375 1.41883987 1.41233259 1.38376068 1.38212141
 1.40153144 1.41306597]",mean_absolute_error_optimizers.SGD-momentum=0.8-decay=0.001-nesterov=True
0.04343284141023954,0.1341620501952799,"[1.6890817  1.60604731 1.56252247 1.53466757 1.49695455 1.48455773
 1.468838   1.42908407 1.38860982 1.36559991 1.40157076 1.33364164
 1.31133619 1.29047335 1.25749888 1.24805398 1.27880236 1.23057371
 1.25499535 1.31526515]","[1.88732994 1.78718358 1.71152196 1.66052411 1.62557996 1.60355469
 1.57866033 1.55807047 1.53961162 1.52018236 1.49602173 1.47735002
 1.45888438 1.44072435 1.41219744 1.40561226 1.37696356 1.37524236
 1.39472438 1.40644869]",mean_absolute_error_optimizers.SGD-momentum=0.8-decay=0.001-nesterov=True
0.04350721535086632,0.1262763414273863,"[1.64276981 1.56165462 1.48285361 1.42948963 1.36754433 1.32742991
 1.29543513 1.26122164 1.23647213 1.21872421 1.19574464 1.17962241
 1.15760987 1.1375031  1.10190747 1.08219164 1.07540523 1.08070758
 1.10575737 1.12841621]","[1.88441804 1.78396493 1.7081404  1.65703535 1.62202712 1.59995386
 1.574966   1.55430264 1.5357647  1.51619914 1.491926   1.47315287
 1.45452109 1.43618456 1.40748874 1.40075794 1.37203723 1.37026404
 1.38976755 1.40163086]",mean_absolute_error_optimizers.SGD-momentum=0.8-decay=0.001-nesterov=True
0.04327682594458262,0.14055842151981143,"[1.83832081 1.75806644 1.71162851 1.65758304 1.61251358 1.55930283
 1.51190751 1.48010301 1.42718223 1.42310085 1.38713289 1.40384966
 1.34705871 1.36394472 1.36796341 1.35675044 1.35916204 1.35169557
 1.3895811  1.4124213 ]","[1.88164831 1.78100339 1.70502384 1.65381408 1.61871821 1.59655478
 1.57144402 1.55064944 1.53199747 1.51229857 1.48780677 1.46890803
 1.45016596 1.43170604 1.40291571 1.39614397 1.36737231 1.36554697
 1.38512692 1.3971109 ]",mean_absolute_error_optimizers.SGD-momentum=0.8-decay=0.001-nesterov=True
0.04311717856923739,0.13580242071119844,"[1.73802001 1.66506892 1.61981491 1.58151253 1.55227727 1.51202826
 1.47529435 1.45209975 1.4293319  1.4095656  1.39721348 1.36673087
 1.34865606 1.34429232 1.3405737  1.3724709  1.31719488 1.31025708
 1.32081227 1.324788  ]","[1.87859297 1.77758727 1.70136827 1.64999148 1.61477226 1.59250688
 1.56727073 1.54634621 1.52756656 1.50771659 1.48306524 1.46403289
 1.44512177 1.42647952 1.3975239  1.39062999 1.36179323 1.35991008
 1.37953517 1.39164328]",mean_absolute_error_optimizers.SGD-momentum=0.8-decay=0.001-nesterov=True
0.04294674237569173,0.12588733461291352,"[1.68461813 1.57031834 1.51810164 1.46998577 1.39901462 1.35961259
 1.32089542 1.2884867  1.25271081 1.23873195 1.21186767 1.18968604
 1.16796153 1.14310688 1.1215369  1.10537891 1.08038163 1.08167432
 1.09681309 1.12158466]","[1.87463139 1.77322517 1.69673553 1.64515765 1.6097653  1.58735518
 1.56194885 1.54088597 1.52195453 1.50194628 1.47712516 1.45794887
 1.43890847 1.42012358 1.39100854 1.38399015 1.35508712 1.35313159
 1.37280362 1.38506646]",mean_absolute_error_optimizers.SGD-momentum=0.8-decay=0.001-nesterov=True
0.04260875245928764,0.13089227478414367,"[1.73960006 1.66030606 1.60647359 1.56700392 1.53222693 1.4970394
 1.44154133 1.39484274 1.36178611 1.37222311 1.3604582  1.34530176
 1.33022178 1.33888092 1.3184959  1.29991835 1.29521311 1.2963254
 1.30835123 1.32662127]","[1.87141111 1.76973571 1.69305957 1.64135025 1.60585493 1.58331853
 1.55777376 1.53659648 1.51756674 1.49743033 1.47247634 1.45323203
 1.43409525 1.41518952 1.38595081 1.37883865 1.34989846 1.3478985
 1.36763543 1.38003515]",mean_absolute_error_optimizers.SGD-momentum=0.8-decay=0.001-nesterov=True
0.04261908413966497,0.13521135911021956,"[1.76388166 1.70462507 1.65047264 1.61400282 1.59328118 1.52783743
 1.52243329 1.44884661 1.40986648 1.38337027 1.38337607 1.30002586
 1.26559772 1.25650768 1.26403228 1.25358557 1.24908128 1.26986023
 1.26879807 1.30617301]","[1.8678208  1.76585534 1.6890002  1.63718268 1.60158289 1.57896531
 1.55326668 1.53192926 1.51273441 1.49245532 1.46732815 1.44794229
 1.42862684 1.40954578 1.38010883 1.37290285 1.34390791 1.34188361
 1.36170854 1.37429723]",mean_absolute_error_optimizers.SGD-momentum=0.8-decay=0.001-nesterov=True
0.04247457589705785,0.12306188269928384,"[1.58843933 1.51894467 1.46237133 1.39035449 1.3641666  1.34111947
 1.35045838 1.28572823 1.25746278 1.22867772 1.20534206 1.17956393
 1.15383968 1.14392673 1.13390289 1.12136085 1.11597555 1.11178472
 1.12994826 1.15916355]","[1.8661377  1.76405577 1.68711439 1.63521603 1.59956824 1.57687814
 1.55108038 1.52966515 1.51041954 1.49007466 1.46484169 1.44538061
 1.42597081 1.40676592 1.37723537 1.36993651 1.34088521 1.3387817
 1.35862543 1.37130664]",mean_absolute_error_optimizers.SGD-momentum=0.8-decay=0.001-nesterov=True
0.042493866235017774,0.13075472331199053,"[1.72558512 1.64918565 1.59773031 1.56140557 1.53088657 1.49600448
 1.4656851  1.39929305 1.36434441 1.36785351 1.33919895 1.32191099
 1.3043937  1.28998495 1.29217923 1.25205048 1.25326344 1.28648392
 1.2928708  1.31040147]","[1.86253509 1.76010948 1.68295253 1.63091479 1.59513459 1.57233103
 1.5463987  1.52488512 1.50553488 1.48504057 1.4596569  1.4400872
 1.42056481 1.40124871 1.37158159 1.36421155 1.33510517 1.33294551
 1.35285854 1.36568324]",mean_absolute_error_optimizers.SGD-momentum=0.8-decay=0.001-nesterov=True
0.04233348524570465,0.1132322186950583,"[1.4718712  1.40064826 1.33983806 1.30832067 1.28216378 1.25095113
 1.21223442 1.16072105 1.12895987 1.09167657 1.05668676 1.03453474
 1.00232155 0.98649658 0.98422596 0.97858747 0.96152997 0.99381454
 0.99948083 1.01844378]","[1.86000814 1.75737007 1.68007807 1.62795767 1.59210694 1.56923498
 1.54321079 1.52159326 1.50214302 1.48152324 1.45599889 1.43632672
 1.41666535 1.39719121 1.36738964 1.35991553 1.33075478 1.32858363
 1.34854067 1.36149338]",mean_absolute_error_optimizers.SGD-momentum=0.8-decay=0.001-nesterov=True
0.04207582170764605,0.13325118952308634,"[1.7798357  1.70213894 1.63805062 1.5973534  1.58077943 1.54879083
 1.50293015 1.4586587  1.43352091 1.4184256  1.39511718 1.36739863
 1.30648054 1.28811228 1.26935507 1.26656001 1.24725784 1.23994191
 1.26370997 1.32229879]","[1.85767691 1.75488415 1.67748929 1.62527574 1.58935634 1.5664252
 1.54032096 1.51864024 1.49910533 1.4783807  1.45274515 1.43298547
 1.4132289  1.39364657 1.36374371 1.35619321 1.3270008  1.32475711
 1.34474702 1.35779935]",mean_absolute_error_optimizers.SGD-momentum=0.8-decay=0.001-nesterov=True
0.041955574413140614,0.1291074544134026,"[1.7004815  1.60974291 1.54904565 1.50488418 1.426229   1.3854804
 1.37615945 1.345765   1.3852948  1.35392446 1.33141749 1.35128064
 1.3231207  1.29926915 1.30916908 1.30469635 1.26401898 1.25531432
 1.27924693 1.27911767]","[1.85445362 1.75131812 1.67368732 1.62130299 1.58522897 1.5621464
 1.53587926 1.51408233 1.49446527 1.47360054 1.44780757 1.42792547
 1.4080522  1.38834405 1.35830763 1.35068848 1.3214087  1.31912064
 1.33917962 1.35237425]",mean_absolute_error_optimizers.SGD-momentum=0.8-decay=0.001-nesterov=True
0.04189603247245153,0.13158914180255377,"[1.68748848 1.59160075 1.54692182 1.51563622 1.48687213 1.46688288
 1.44376526 1.45733518 1.44133475 1.42698845 1.42423646 1.38075016
 1.41149337 1.33898756 1.29225696 1.25143149 1.19979813 1.1927944
 1.21438992 1.25019545]","[1.85252129 1.74927405 1.67160906 1.61920712 1.58310853 1.56000681
 1.53367335 1.51178582 1.49205628 1.47110721 1.44522449 1.42524886
 1.40525586 1.3854088  1.35523229 1.34751052 1.3182431  1.31590942
 1.33598661 1.34930416]",mean_absolute_error_optimizers.SGD-momentum=0.8-decay=0.001-nesterov=True
0.04170231302579244,0.12312492426736296,"[1.60017761 1.55272959 1.49178444 1.44317573 1.41048594 1.37737848
 1.3449167  1.30138001 1.26421457 1.24449093 1.23433106 1.21114113
 1.20001898 1.15536502 1.15258265 1.11929759 1.11225928 1.1038516
 1.113103   1.14382095]","[1.84983839 1.74629346 1.66839484 1.61581137 1.57956312 1.55632422
 1.52985331 1.50784995 1.48803477 1.4669672  1.44093053 1.42086626
 1.40077629 1.38081915 1.35054658 1.34273362 1.31340097 1.31104073
 1.33117468 1.34461992]",mean_absolute_error_optimizers.SGD-momentum=0.8-decay=0.001-nesterov=True
0.04156083423892657,0.12672043771344396,"[1.6662277  1.58100898 1.52184664 1.48354566 1.45148817 1.43055937
 1.39454945 1.37319509 1.34586858 1.31488679 1.30383494 1.27517114
 1.26260311 1.21573901 1.2108722  1.21003561 1.20207379 1.23118046
 1.25266394 1.25998271]","[1.84790581 1.74423077 1.66623079 1.61356188 1.57725475 1.55397108
 1.52741567 1.50532979 1.48541461 1.46423825 1.43809421 1.41796313
 1.39777611 1.3777184  1.34735633 1.33947886 1.31012602 1.30774286
 1.32793031 1.34148508]",mean_absolute_error_optimizers.SGD-momentum=0.8-decay=0.001-nesterov=True
0.04151038177808126,0.13527697999785634,"[1.81717329 1.71216086 1.65179972 1.61353397 1.57670846 1.54870272
 1.52819276 1.5081164  1.49581707 1.48516466 1.48896598 1.42595642
 1.40595884 1.39565774 1.38801844 1.37337816 1.3920155  1.39635378
 1.39936529 1.38282575]","[1.84536301 1.74144588 1.66334158 1.61062821 1.5742787  1.55095922
 1.52434465 1.50220562 1.48222165 1.46093046 1.43465934 1.41442313
 1.39412455 1.37393983 1.34345896 1.33551087 1.30611284 1.30365589
 1.3238754  1.33753467]",mean_absolute_error_optimizers.SGD-momentum=0.8-decay=0.001-nesterov=True
0.0413464672267437,0.11859884997709727,"[1.50330643 1.42643964 1.36613482 1.33075903 1.28780428 1.25253434
 1.21458935 1.17893428 1.15254002 1.16412567 1.13588228 1.11647847
 1.12593283 1.12109675 1.08507457 1.06947973 1.07581307 1.05135799
 1.05306751 1.07213152]","[1.84299316 1.73885053 1.66057509 1.60772532 1.57127297 1.54784104
 1.52109295 1.49884963 1.47876664 1.45737604 1.43100989 1.41071932
 1.39033814 1.37005187 1.33947068 1.33144955 1.3020191  1.29951854
 1.31977423 1.3335439 ]",mean_absolute_error_optimizers.SGD-momentum=0.8-decay=0.001-nesterov=True
0.041313385178645454,0.12795017874833575,"[1.62960466 1.55336375 1.50314387 1.49692754 1.47610311 1.43647742
 1.37681191 1.34928853 1.34108726 1.31560698 1.28780783 1.26130061
 1.24145354 1.22295067 1.20758747 1.19360628 1.18301459 1.18226971
 1.18752788 1.21249603]","[1.84101025 1.73667823 1.65826367 1.60530529 1.56873443 1.54518341
 1.51829446 1.49593454 1.47575819 1.45426661 1.42777424 1.40737535
 1.38688633 1.36647404 1.33574848 1.32763863 1.29814417 1.29561201
 1.31591507 1.32982056]",mean_absolute_error_optimizers.SGD-momentum=0.8-decay=0.001-nesterov=True
0.04135037476817767,0.13603445777503925,"[1.79984117 1.7089265  1.65225403 1.66860036 1.56730376 1.56344596
 1.52139445 1.473073   1.42731416 1.38039561 1.35444584 1.33775522
 1.31710171 1.31555154 1.28762679 1.26187633 1.24972644 1.26944096
 1.28394439 1.31767463]","[1.83839678 1.73387497 1.65536712 1.60234994 1.56573757 1.54215426
 1.51522289 1.49281062 1.47254993 1.45094381 1.42433147 1.40384201
 1.38324639 1.36271575 1.33188914 1.32369377 1.29416927 1.29161572
 1.3119678  1.32599281]",mean_absolute_error_optimizers.SGD-momentum=0.8-decay=0.001-nesterov=True
0.041162113726139066,0.13747934753647997,"[1.80149863 1.70388281 1.63092913 1.57813521 1.53618036 1.5456512
 1.52329872 1.48101339 1.45853679 1.43553229 1.42350021 1.39716988
 1.39182667 1.36823247 1.33530175 1.31615279 1.30882187 1.30761738
 1.31312828 1.34797006]","[1.83701941 1.73245256 1.65391945 1.60087632 1.56423729 1.54059555
 1.51357768 1.49109741 1.47077858 1.44910931 1.42241721 1.40187712
 1.38121784 1.36060633 1.32970021 1.32147075 1.29194615 1.28933135
 1.30971653 1.3238268 ]",mean_absolute_error_optimizers.SGD-momentum=0.8-decay=0.001-nesterov=True
0.04122500439484914,0.12800437771718556,"[1.77537929 1.671643   1.65068423 1.58609371 1.46631844 1.4229276
 1.37533078 1.34026153 1.32797134 1.29744845 1.27117145 1.24005073
 1.20370881 1.19010447 1.17980323 1.17024276 1.18000221 1.22879444
 1.24109954 1.25950974]","[1.83449188 1.72961743 1.65085639 1.59765127 1.56089043 1.53717318
 1.51006669 1.48751232 1.46713476 1.44536682 1.41856358 1.39793723
 1.37716137 1.35643612 1.32542746 1.31711499 1.28750955 1.28487197
 1.30532523 1.31956172]",mean_absolute_error_optimizers.SGD-momentum=0.8-decay=0.001-nesterov=True
0.04104679838816325,0.12482310136947332,"[1.69809819 1.55212371 1.51238338 1.4854946  1.45079728 1.4468266
 1.42175203 1.36323877 1.32354824 1.28679777 1.29728626 1.24710284
 1.16875485 1.15617994 1.16199291 1.17403627 1.09829189 1.10511753
 1.11740798 1.14218565]","[1.83308772 1.7281308  1.64933682 1.59609767 1.55930742 1.53555844
 1.50836757 1.48572074 1.46524406 1.44339012 1.41649139 1.395792
 1.37494254 1.35411238 1.32299972 1.31459631 1.28496904 1.28226141
 1.30270841 1.3170292 ]",mean_absolute_error_optimizers.SGD-momentum=0.8-decay=0.001-nesterov=True
0.04107282505432765,0.12218327499283155,"[1.60760822 1.52125675 1.45464182 1.39646723 1.33291642 1.30071012
 1.26293449 1.22009437 1.19669621 1.18836884 1.15266989 1.15348053
 1.1361011  1.17928312 1.11519018 1.08347923 1.10103309 1.10440425
 1.12950223 1.15395922]","[1.83043665 1.72521138 1.6462461  1.59289738 1.55601583 1.53217658
 1.50490513 1.48219992 1.46165349 1.4396677  1.41264858 1.39186135
 1.37091807 1.34999008 1.31880828 1.31036342 1.28069376 1.27795194
 1.29845813 1.31288693]",mean_absolute_error_optimizers.SGD-momentum=0.8-decay=0.001-nesterov=True
