0.026946026762326557,"[1.74233752 1.7486063  1.75531068 1.74550768 1.72828616 1.70949637
 1.68566154 1.65284227 1.62362867 1.59538033 1.5594782  1.52093697
 1.48417335 1.44486777 1.40568005 1.35776633 1.31283759 1.26429805
 1.21484805 1.16052404 1.1018699  1.04316754 0.97329688 0.89533087
 0.8149856  0.72810194 0.64495575 0.5832664  0.55655038 0.6019174 ]","[1.71717594 1.69475783 1.67986358 1.66484012 1.65126939 1.63713568
 1.6121534  1.58892878 1.58212789 1.55362327 1.5169437  1.47911583
 1.44125474 1.39483837 1.33200558 1.28276853 1.20140457 1.1571042
 1.11254788 1.05195475 0.99201319 0.91981985 0.85549041 0.77844351
 0.71139202 0.61116646 0.51717163 0.45270354 0.42588648 0.47350812]","[1.5106035  1.46422269 1.42560094 1.39391954 1.36257332 1.33743823
 1.29984849 1.26435475 1.221099   1.16798583 1.09581451 1.02560589
 0.95094784 0.8646322  0.74616444 0.64768571 0.52510547 0.40890986
 0.37422851 0.41825255 0.51760628 0.63766648 0.77292607 0.87321539
 0.95885807 1.02760124 1.0954682  1.1679208  1.22475827 1.27808567]",0.0077496045,0.0011794769,mean_absolute_error_optimizers.Adam-lr=0.002
0.02311858654518922,"[1.49487511 1.47719895 1.45306683 1.42470823 1.3947319  1.36172402
 1.32131825 1.28316295 1.24607948 1.2074369  1.17546019 1.14464726
 1.11534434 1.08869646 1.05327238 1.01713207 0.98472165 0.95003974
 0.92339822 0.90396601 0.88927407 0.87745093 0.8675975  0.86120146
 0.85329393 0.84859351 0.84836223 0.8511233  0.87697091 0.92242373]","[1.49073828 1.43825702 1.39375284 1.3520225  1.31740513 1.28404048
 1.24523571 1.21180361 1.20081833 1.16773293 1.13113935 1.09934055
 1.06805739 1.02713804 0.9801844  0.94337949 0.88206061 0.85023038
 0.83045519 0.80318121 0.78185141 0.76198811 0.74634236 0.7387388
 0.75250091 0.72517276 0.71645506 0.73448062 0.76537389 0.81561066]","[1.3564943  1.28499911 1.22236943 1.16285637 1.11063089 1.06308303
 1.01044996 0.96294307 0.9314855  0.88457726 0.83304789 0.79358767
 0.75507488 0.71013694 0.66262431 0.63333347 0.58744514 0.57907206
 0.60891006 0.65718503 0.72535976 0.80858443 0.89327607 0.97450298
 1.067608   1.11768947 1.17282732 1.23396105 1.28634265 1.33331828]",0.004886681,0.0006294372,mean_absolute_error_optimizers.Adam-lr=0.002
0.020173587530851363,"[1.31890755 1.27101562 1.22574816 1.17525285 1.12457341 1.06651503
 1.0119481  0.9585357  0.90704965 0.87009999 0.84159575 0.81895082
 0.80113853 0.77426242 0.75093005 0.73155103 0.72088425 0.7084968
 0.70921097 0.72356972 0.76309074 0.80995213 0.85636659 0.9007087
 0.93894541 0.97822123 1.00953387 1.05044781 1.08354162 1.12493939]","[1.33208753 1.25491993 1.18910226 1.12622371 1.07192745 1.02468432
 0.97089819 0.92034563 0.8906861  0.85180646 0.81246831 0.79008673
 0.77063374 0.74598631 0.71382079 0.70083131 0.65736359 0.64305801
 0.64991497 0.65900332 0.68158133 0.71682348 0.76365185 0.81176279
 0.87651225 0.9010027  0.93313233 0.97686357 1.01803169 1.06091453]","[1.30353832 1.22230444 1.15162039 1.08263545 1.02237488 0.97132312
 0.91460847 0.8600804  0.82126911 0.77651833 0.73314011 0.71108203
 0.69211871 0.67115258 0.64457758 0.64039197 0.60818409 0.60632581
 0.6357366  0.67843247 0.7375338  0.81308994 0.89684749 0.9761018
 1.06799711 1.11975831 1.17387896 1.23388463 1.2848002  1.32982593]",0.0029056512,0.0021896965,mean_absolute_error_optimizers.Adam-lr=0.002
0.018518450846274695,"[1.30727669 1.2642504  1.21463807 1.17115449 1.1108714  1.05938212
 0.99818895 0.94260646 0.8882785  0.84391895 0.81659706 0.79602021
 0.7708636  0.74263506 0.72641351 0.70633692 0.69173005 0.67738564
 0.68061792 0.7007893  0.74846084 0.80118874 0.86036617 0.91419012
 0.96508459 1.0083631  1.0449178  1.08908562 1.12737928 1.17202319]","[1.30486868 1.22460791 1.15455671 1.08863637 1.03237408 0.98368885
 0.92751632 0.8746632  0.83982489 0.79815748 0.75804086 0.73590983
 0.71770159 0.69379783 0.66045158 0.64592925 0.6029371  0.58600614
 0.59674825 0.61227833 0.6440266  0.69371563 0.75483621 0.81336541
 0.88552105 0.91823963 0.95698049 1.00482448 1.04875988 1.09197977]","[1.29536866 1.21331272 1.14055083 1.07164777 1.01288804 0.96355248
 0.90722522 0.85298138 0.81180035 0.76631563 0.7231084  0.70041482
 0.68125096 0.65812735 0.62627104 0.61501167 0.57723025 0.56716082
 0.59299386 0.63213577 0.69076075 0.77006358 0.85771389 0.93844942
 1.02892821 1.08145912 1.13682304 1.19800463 1.25021497 1.29635906]",0.0025948246,0.0023684658,mean_absolute_error_optimizers.Adam-lr=0.002
0.018129523620009424,"[1.29649879 1.24128246 1.18992807 1.14198927 1.09121441 1.03719027
 0.98200183 0.92234355 0.87095343 0.81968596 0.79007033 0.76856365
 0.74605779 0.72976996 0.70947097 0.68306577 0.65692159 0.64488812
 0.64183474 0.66366256 0.71827629 0.77361595 0.83324583 0.88676086
 0.93795374 0.98219045 1.02690411 1.07196744 1.11629308 1.15993265]","[1.28791918 1.20741628 1.13608732 1.06961781 1.01138365 0.96188909
 0.90486394 0.85234979 0.81738147 0.77960844 0.74152515 0.7224535
 0.7049857  0.67995972 0.64145864 0.62610649 0.58062795 0.56329703
 0.57315151 0.58933393 0.62560576 0.68151624 0.7539208  0.81622798
 0.88738458 0.92269138 0.96348723 1.01386539 1.05754428 1.10040515]","[1.28496976 1.2031576  1.12965412 1.06086475 1.00133074 0.95216113
 0.8953029  0.84160646 0.80049529 0.75974304 0.71988965 0.701698
 0.68511267 0.66218919 0.62501425 0.61115214 0.56930527 0.55403018
 0.57687518 0.61541262 0.67688447 0.76033245 0.85748826 0.93986568
 1.0271868  1.0819715  1.13850727 1.20141903 1.25285881 1.29874154]",0.0026085088,0.0024154144,mean_absolute_error_optimizers.Adam-lr=0.002
0.017583400872846443,"[1.2524028  1.19851446 1.14897994 1.09088624 1.03850748 0.97973854
 0.91936196 0.86014117 0.81111265 0.77527289 0.76146538 0.74506544
 0.73807234 0.72539184 0.71647434 0.6949242  0.67720912 0.66659147
 0.66775788 0.67881675 0.72776688 0.77399025 0.82485141 0.87320637
 0.92433603 0.96216778 0.99668155 1.03149305 1.06893784 1.10859977]","[1.24417256 1.15480944 1.07649367 1.00185413 0.9383257  0.88498193
 0.82663631 0.77610316 0.74681642 0.71494012 0.68621459 0.67664452
 0.66971511 0.65644802 0.62893779 0.62466156 0.58875573 0.57545126
 0.58197258 0.58967753 0.61469932 0.66056099 0.72587681 0.78318782
 0.84996928 0.87997089 0.91344513 0.95808939 0.99862524 1.04299183]","[1.24304571 1.15220103 1.0718533  0.99438595 0.92923034 0.87533747
 0.81496714 0.76050839 0.7246391  0.69158715 0.66565569 0.66019199
 0.65592707 0.64375251 0.61538854 0.60930836 0.57130857 0.55525143
 0.56999923 0.59907909 0.65265427 0.73305986 0.8308533  0.91598326
 1.00600113 1.06407533 1.12195872 1.18710603 1.24058891 1.29052364]",0.0027472218,0.0029348494,mean_absolute_error_optimizers.Adam-lr=0.002
0.016793894745409488,"[1.22866436 1.15743589 1.10145039 1.03616963 0.97383161 0.91320667
 0.85101621 0.79925946 0.74474091 0.70889351 0.69998693 0.70091006
 0.70860189 0.71143342 0.70444908 0.70251185 0.69272748 0.67968437
 0.67059395 0.67301765 0.71048021 0.75760942 0.80225149 0.83993709
 0.87503852 0.91152049 0.95086257 0.98153088 1.02230156 1.06893013]","[1.19801875 1.0999834  1.01599499 0.93660265 0.86798386 0.81144244
 0.7517529  0.70098952 0.67624946 0.65291287 0.63635349 0.64206154
 0.64626479 0.64123024 0.62342546 0.62485193 0.59243139 0.57665775
 0.57714075 0.57524863 0.59010625 0.62578441 0.68329144 0.73196215
 0.78818304 0.81219619 0.84231997 0.88539563 0.92293793 0.96546813]","[1.19654885 1.09598483 1.00845038 0.92403456 0.85247707 0.7945635
 0.73341087 0.67947069 0.650842   0.628723   0.61594964 0.62592391
 0.63237346 0.62715312 0.60549163 0.60148084 0.56301142 0.53791891
 0.54153656 0.56239637 0.61421836 0.69658409 0.79610617 0.88100585
 0.96865817 1.02886828 1.08976839 1.1578531  1.21339439 1.264358  ]",0.0029064775,0.0034242827,mean_absolute_error_optimizers.Adam-lr=0.002
0.016012774258852006,"[1.1134264  1.04286687 0.96847338 0.91220684 0.84775751 0.79102375
 0.72946624 0.674538   0.63264128 0.61106555 0.62245614 0.6410002
 0.65377616 0.66284784 0.67179158 0.66267502 0.65141575 0.63624681
 0.61882808 0.61527675 0.64293298 0.67534878 0.71380544 0.74822495
 0.78325084 0.81290395 0.84178787 0.87491437 0.90757143 0.95039048]","[1.14288707 1.03616161 0.94694034 0.86097205 0.78535608 0.72265326
 0.66293603 0.61458366 0.60196672 0.59405611 0.59678814 0.62121338
 0.63984519 0.64633611 0.63446412 0.63254603 0.59415493 0.56943522
 0.559408   0.54629278 0.55485356 0.58246978 0.64413    0.68475904
 0.7263658  0.74373655 0.76936156 0.81045264 0.84703898 0.89184828]","[1.13980736 1.02974095 0.93524777 0.84274742 0.76262042 0.69696352
 0.63651053 0.58590324 0.57220571 0.56851293 0.57580452 0.60313348
 0.62112805 0.62427047 0.60381397 0.59244599 0.5437849  0.49943822
 0.48693251 0.49660827 0.55292877 0.64385367 0.76537393 0.85581104
 0.94024528 1.00720175 1.07398273 1.14653708 1.20514991 1.25854129]",0.0030098248,0.0035785213,mean_absolute_error_optimizers.Adam-lr=0.002
0.01500120397657156,"[1.05363567 0.97133727 0.88619613 0.82102138 0.75759182 0.68578376
 0.62959231 0.58233511 0.55197549 0.55163671 0.57813092 0.61374855
 0.64997367 0.66694794 0.67818559 0.67493039 0.66573801 0.65455132
 0.63383116 0.62030812 0.64104182 0.66117095 0.69402499 0.71878184
 0.74171036 0.76594594 0.79321837 0.82372529 0.85584185 0.8994699 ]","[1.06433848 0.94647739 0.85353832 0.76256756 0.68382036 0.61888528
 0.56021651 0.51395457 0.51177125 0.5178486  0.54425853 0.58567729
 0.61843462 0.639958   0.63919368 0.64470221 0.60965031 0.58770925
 0.56832974 0.54561923 0.54551731 0.5638825  0.62062613 0.65362841
 0.69001759 0.70336179 0.72651562 0.76664534 0.79964579 0.84481687]","[1.06316293 0.94285471 0.84438728 0.7467868  0.66324114 0.5945936
 0.5347055  0.48809008 0.48945102 0.50533866 0.5411274  0.58937018
 0.62441551 0.6456629  0.64016058 0.6376545  0.58649284 0.54187692
 0.51388923 0.50640995 0.55094617 0.63655566 0.76291491 0.85782839
 0.94904335 1.02001552 1.09030232 1.16596408 1.22292723 1.27594064]",0.0031308094,0.0036523335,mean_absolute_error_optimizers.Adam-lr=0.002
0.013955290044347445,"[1.00751379 0.91547243 0.83109737 0.75696855 0.69440153 0.63691084
 0.58099578 0.54132825 0.51391734 0.51472551 0.55523228 0.60268866
 0.63473201 0.64998243 0.66525859 0.66228383 0.64886197 0.62741158
 0.60435283 0.58265756 0.5997708  0.63003209 0.66394217 0.69503726
 0.72007843 0.74821451 0.77672727 0.8022183  0.82511643 0.86090862]","[0.98749996 0.86321229 0.76757494 0.67716146 0.60218136 0.54123929
 0.49130582 0.45222353 0.45638002 0.4696701  0.5034771  0.55001431
 0.59094773 0.62148269 0.6291865  0.64160185 0.60455743 0.57235604
 0.54892006 0.51827602 0.51271925 0.53042321 0.58547001 0.62043419
 0.65327222 0.66827578 0.69258956 0.73363884 0.76732195 0.81586881]","[0.98703431 0.86170735 0.76114069 0.66488431 0.58568953 0.52044251
 0.4691021  0.42992147 0.43857743 0.46180734 0.50340648 0.55388111
 0.59460344 0.62099658 0.62619295 0.63070658 0.57799841 0.52235173
 0.48823249 0.47070574 0.51348964 0.60343232 0.73239541 0.83128948
 0.92113529 0.9941609  1.06666415 1.14418863 1.20365162 1.26059666]",0.002987736,0.0037317632,mean_absolute_error_optimizers.Adam-lr=0.002
0.013350141587356727,"[0.91632495 0.81144784 0.74331265 0.68604191 0.63204156 0.57795753
 0.53969962 0.51012681 0.49379448 0.49715384 0.53227801 0.56895832
 0.60320244 0.62726371 0.64540329 0.64359496 0.63656527 0.61463781
 0.5865988  0.56798524 0.5823981  0.59569956 0.63416164 0.65727619
 0.68704143 0.70886369 0.72752327 0.75288863 0.78339328 0.82606997]","[0.92513798 0.79771191 0.70090677 0.61298381 0.54851525 0.50251869
 0.46778585 0.43921741 0.45308864 0.46610193 0.49307303 0.53327646
 0.57101529 0.59610164 0.61006986 0.62315535 0.59244797 0.56710023
 0.54539541 0.51030742 0.49805302 0.51210568 0.55574897 0.58873619
 0.62247788 0.64076475 0.66844293 0.71144947 0.74397529 0.79092127]","[0.92552857 0.79768504 0.69805453 0.60625291 0.53878593 0.48995346
 0.45452147 0.42651754 0.44557491 0.46949465 0.5070528  0.55316762
 0.59276079 0.61565005 0.62820833 0.63402295 0.58974034 0.55276882
 0.52616495 0.50611127 0.54221557 0.62295474 0.71985055 0.81792391
 0.92167162 0.99737524 1.07169921 1.15030943 1.20911188 1.26410397]",0.0030706436,0.003907618,mean_absolute_error_optimizers.Adam-lr=0.002
0.01279046953221162,"[0.86766049 0.7689133  0.68929792 0.62510514 0.57228908 0.53828651
 0.51260263 0.4921623  0.48308755 0.49210163 0.53083599 0.55897882
 0.58743608 0.61138561 0.62614804 0.62958469 0.6243738  0.59929478
 0.57623707 0.55378357 0.56094953 0.58198748 0.60072936 0.62551163
 0.65157904 0.67524794 0.70953962 0.73896765 0.77653953 0.81638804]","[0.86978393 0.74150139 0.64717723 0.56583738 0.5082242  0.47044967
 0.44518238 0.42523409 0.4437836  0.45858542 0.48476045 0.52726994
 0.56660682 0.59363894 0.60423431 0.61662195 0.5811114  0.55157398
 0.52761712 0.4931268  0.48403952 0.49697815 0.54706831 0.57640492
 0.60664807 0.62051974 0.64462635 0.6854582  0.72042692 0.76919241]","[0.86843244 0.73833296 0.64113975 0.55692362 0.49690081 0.45585928
 0.42781742 0.40553982 0.42501217 0.44522733 0.47726722 0.52146345
 0.55787731 0.57798993 0.58245786 0.58395392 0.52977774 0.48338512
 0.45249988 0.43713003 0.48997649 0.58345273 0.71157174 0.81348459
 0.90816013 0.98382356 1.05800754 1.13576718 1.19510638 1.25081671]",0.0030215355,0.0039403373,mean_absolute_error_optimizers.Adam-lr=0.002
0.012215870911876361,"[0.8295766  0.73622099 0.64846487 0.58854939 0.54580384 0.5180086
 0.49592894 0.47945002 0.4708832  0.48071566 0.51940135 0.55814353
 0.59074067 0.61148331 0.62822686 0.63032591 0.62130146 0.59680309
 0.57551503 0.54988402 0.55913121 0.57809352 0.59885928 0.62037506
 0.64645127 0.67301553 0.69764551 0.72345287 0.75845171 0.79966754]","[0.8100136  0.682673   0.58792207 0.51052555 0.46333604 0.43693666
 0.42326303 0.41463745 0.43394787 0.44470738 0.46868016 0.50987703
 0.550258   0.57994267 0.59307188 0.60867325 0.5773271  0.55070133
 0.52522561 0.48948799 0.4772332  0.48794268 0.53840389 0.56751753
 0.59559234 0.6103069  0.63559096 0.67885946 0.7152248  0.76665585]","[0.80827663 0.67876833 0.58193604 0.50278637 0.45438321 0.42601398
 0.40978854 0.40035483 0.42157465 0.43912091 0.46847081 0.51083375
 0.54805783 0.57102231 0.57811851 0.58634694 0.54010209 0.49915604
 0.46874876 0.45071693 0.49802375 0.58694418 0.71486652 0.81572649
 0.90985798 0.98428617 1.0574667  1.135566   1.19564202 1.25269228]",0.002932879,0.004044361,mean_absolute_error_optimizers.Adam-lr=0.002
0.011658738339940708,"[0.77741075 0.67050313 0.5905154  0.53862991 0.50036263 0.48787669
 0.48521496 0.46809452 0.46297368 0.46194373 0.4925449  0.52398247
 0.55648892 0.58032213 0.59678121 0.60693604 0.60247138 0.59213662
 0.5705395  0.55117069 0.55857352 0.58072034 0.60144372 0.62810338
 0.64427964 0.65927075 0.67948449 0.70360237 0.73652226 0.77657462]","[0.76887485 0.6377728  0.54561426 0.47446337 0.43674298 0.41905901
 0.41223167 0.40810798 0.42627973 0.432681   0.45452489 0.49687293
 0.53850305 0.57015287 0.58912943 0.60850911 0.57762637 0.54669374
 0.51706297 0.47794965 0.4637358  0.47507954 0.52594688 0.55106778
 0.5725378  0.58463738 0.60620886 0.64403109 0.67889624 0.72786901]","[0.76622003 0.63333978 0.53961983 0.46705019 0.42862976 0.40934327
 0.39974911 0.3931662  0.40907541 0.41879706 0.44569916 0.48891388
 0.52938263 0.55676951 0.57396593 0.58644643 0.54591789 0.5034952
 0.46812041 0.44473019 0.49199108 0.5840111  0.71455154 0.81962542
 0.91436487 0.99261127 1.0690691  1.14822885 1.20954904 1.26601462]",0.003041442,0.004230692,mean_absolute_error_optimizers.Adam-lr=0.002
0.011274660594761371,"[0.77615858 0.66553861 0.5787931  0.52342347 0.48608521 0.47030118
 0.46673922 0.45404962 0.44780125 0.4477611  0.4729968  0.51696681
 0.55488225 0.58347867 0.60262163 0.60978971 0.60990961 0.58550713
 0.56311592 0.53093354 0.53985286 0.55313863 0.5779766  0.59776843
 0.61880067 0.63554424 0.65460977 0.68430153 0.71831458 0.76524046]","[0.73726328 0.61319302 0.52114111 0.45371204 0.42000669 0.40736195
 0.40469621 0.40155904 0.41934649 0.4281343  0.45058942 0.49254307
 0.53750025 0.57061227 0.59028555 0.60897334 0.58056578 0.5538864
 0.52769755 0.48798735 0.46953947 0.47621176 0.52225097 0.54560592
 0.56871312 0.57878959 0.59834878 0.63711472 0.67253713 0.72336141]","[0.73515636 0.6084486  0.51468956 0.44630709 0.41207945 0.3985583
 0.39234057 0.38536013 0.39799519 0.406484   0.43004141 0.46897691
 0.50707989 0.53058155 0.54378783 0.55421786 0.51316251 0.47275763
 0.44052133 0.42171547 0.47365892 0.56899522 0.70206868 0.80635489
 0.90009238 0.9786101  1.05465332 1.13483759 1.19679449 1.25454973]",0.003001293,0.004336555,mean_absolute_error_optimizers.Adam-lr=0.002
0.010868109213809173,"[0.71938881 0.61088574 0.52416305 0.47722009 0.45437455 0.4455591
 0.44131312 0.42783178 0.41131949 0.4103596  0.42970537 0.47306846
 0.5030757  0.52634381 0.5430479  0.54985564 0.54849974 0.53725313
 0.51772715 0.49137411 0.50137374 0.51531548 0.53947096 0.5609926
 0.5805939  0.59515817 0.60328097 0.62963867 0.66170841 0.70129384]","[0.70240947 0.57761817 0.48649717 0.42319329 0.40048702 0.39778665
 0.39850425 0.39796978 0.41240702 0.41330868 0.42993458 0.46865728
 0.5097169  0.54184028 0.56165003 0.58626793 0.55818993 0.53217415
 0.50623417 0.47084267 0.45578198 0.46350865 0.50703898 0.52923166
 0.5510656  0.55849446 0.57456929 0.60852429 0.63890783 0.68825072]","[0.70268694 0.57638    0.48367897 0.41949914 0.39701638 0.39459047
 0.39241628 0.38818281 0.39748057 0.3984456  0.42037776 0.46405248
 0.50877768 0.54203723 0.56655218 0.58806844 0.55622484 0.52219156
 0.48877033 0.46210816 0.4946733  0.5777178  0.7070618  0.81118412
 0.90500567 0.98552343 1.06386563 1.14553429 1.2082801  1.26840245]",0.0029302351,0.004271109,mean_absolute_error_optimizers.Adam-lr=0.002
0.010497191280126572,"[0.71952459 0.60498356 0.53306863 0.48324731 0.46197114 0.46514923
 0.46045264 0.45008682 0.42816957 0.4199094  0.46005353 0.49829055
 0.53083922 0.5483729  0.57502156 0.5840537  0.58532363 0.57108112
 0.54859045 0.51966046 0.52475016 0.54527839 0.56295246 0.5890175
 0.60211412 0.62138382 0.64300027 0.66138719 0.69248196 0.73317934]","[0.67008244 0.54875851 0.46063687 0.40455286 0.38886402 0.38952034
 0.39154187 0.3903272  0.39801224 0.39587979 0.41303911 0.4536764
 0.49743905 0.53218658 0.55135813 0.57567915 0.54902682 0.52755448
 0.5071129  0.47255417 0.4526782  0.45838759 0.50186922 0.52248234
 0.54023598 0.54357224 0.55876146 0.59152459 0.62137332 0.67128201]","[0.66779281 0.54527757 0.45578517 0.39874741 0.3834328  0.38537653
 0.38546916 0.38315527 0.38900918 0.39135539 0.41797575 0.46707651
 0.51818045 0.55778005 0.58744494 0.61488116 0.59002139 0.56478395
 0.53918386 0.51271882 0.53308965 0.60875008 0.73293106 0.82970047
 0.91600658 0.993888   1.07109025 1.15172866 1.21397298 1.27424106]",0.0031016963,0.0044703027,mean_absolute_error_optimizers.Adam-lr=0.002
0.010163347045580546,"[0.68564258 0.5854226  0.51032888 0.46091917 0.44296148 0.44095316
 0.43241803 0.4198446  0.40084438 0.3874488  0.41560812 0.44736803
 0.4871056  0.50765008 0.52030014 0.53153822 0.53174503 0.51675621
 0.50168442 0.48426667 0.48575576 0.51008277 0.5248163  0.54931172
 0.56408468 0.57545091 0.59546385 0.61500864 0.64568049 0.68106297]","[0.65428143 0.52968691 0.4398013  0.38946104 0.38441298 0.39276057
 0.39623782 0.39035847 0.39377657 0.38616721 0.39826524 0.43695842
 0.47601049 0.5065528  0.53231007 0.55743586 0.5384253  0.52040561
 0.49798591 0.46374852 0.44390028 0.4491799  0.4992909  0.52416908
 0.54314812 0.54784496 0.56261971 0.59294754 0.62105291 0.6680029 ]","[0.65176259 0.52586669 0.43534035 0.38481425 0.38048865 0.39120144
 0.39406723 0.38652764 0.38519702 0.37839552 0.39953984 0.44653992
 0.49523663 0.53483099 0.5744149  0.60837625 0.59595683 0.58318855
 0.56338907 0.53891952 0.55584073 0.61972205 0.73199377 0.82915604
 0.91485072 0.99183328 1.06941441 1.15058594 1.2143906  1.27519176]",0.002928812,0.00448526,mean_absolute_error_optimizers.Adam-lr=0.002
0.009956703297793865,"[0.68654081 0.57228771 0.4989923  0.45266312 0.4407878  0.43811152
 0.43741357 0.42765199 0.40117248 0.38671786 0.41361484 0.45447084
 0.49117236 0.50553746 0.51598547 0.52294712 0.52561951 0.52026172
 0.49832997 0.48151388 0.48364928 0.50135223 0.518086   0.53627152
 0.5596284  0.58226547 0.58664039 0.59722335 0.6232532  0.66275239]","[0.63629299 0.5172151  0.42928241 0.38007359 0.37314832 0.38024639
 0.38503376 0.38142141 0.38566778 0.37900803 0.39806062 0.43725426
 0.47731053 0.50790073 0.53200927 0.55231452 0.52953683 0.50996497
 0.4891977  0.45922117 0.44322941 0.44976113 0.49738967 0.51705755
 0.53093394 0.53073259 0.53845585 0.5623287  0.58373542 0.62814117]","[0.63365095 0.5135798  0.42592551 0.37740746 0.37112012 0.37972103
 0.38315116 0.3770076  0.37553629 0.3684043  0.3952352  0.4415724
 0.489245   0.52726926 0.56443529 0.59638752 0.58280699 0.56642493
 0.54373275 0.51894065 0.53784296 0.61107195 0.73340379 0.83135664
 0.9187481  0.99907197 1.07802773 1.16036168 1.22450902 1.28600301]",0.0029830053,0.004572478,mean_absolute_error_optimizers.Adam-lr=0.002
0.009566687718033791,"[0.64246764 0.54484227 0.46551783 0.42883987 0.41751445 0.41951075
 0.41653223 0.39947534 0.3744898  0.35917719 0.38627193 0.42412178
 0.45673429 0.48030291 0.49929927 0.50676165 0.50649837 0.50346236
 0.48769714 0.47162984 0.47471985 0.4908226  0.51622571 0.53351746
 0.54503446 0.55284717 0.55985006 0.57384554 0.60208051 0.64126649]","[0.61572508 0.49542823 0.40805023 0.3622082  0.35827188 0.36885541
 0.37329571 0.36587133 0.36835193 0.35851266 0.37705784 0.41995855
 0.46339248 0.4960805  0.5170147  0.53610861 0.50995453 0.48933497
 0.46820693 0.4384372  0.42275154 0.43240356 0.48224053 0.50263879
 0.51619317 0.51670057 0.52546643 0.54877879 0.57299028 0.61879875]","[0.61537576 0.49413942 0.40700538 0.36109791 0.35662147 0.36808548
 0.37033608 0.36101644 0.3576926  0.34726214 0.37525167 0.4262318
 0.47803157 0.51923235 0.55758062 0.59125669 0.57801949 0.56479055
 0.54528658 0.52088623 0.53435717 0.60021995 0.72129831 0.81667133
 0.90298439 0.98419593 1.06496827 1.1486287  1.21513379 1.27757993]",0.0030675367,0.004739896,mean_absolute_error_optimizers.Adam-lr=0.002
0.009275021433830261,"[0.63494104 0.52671188 0.45123593 0.41049225 0.40741047 0.405599
 0.4013864  0.3869646  0.36745216 0.35670618 0.38959143 0.42603595
 0.4609594  0.48184074 0.49079927 0.50080156 0.49734974 0.49773933
 0.47446677 0.45847572 0.46572071 0.4795081  0.49834512 0.51146674
 0.52431091 0.53181339 0.54374656 0.55566632 0.57096393 0.61154062]","[0.59195634 0.46941877 0.38153617 0.33677599 0.33625906 0.34773486
 0.35422322 0.34627397 0.34685644 0.33935912 0.36391753 0.40899136
 0.45369078 0.48768662 0.50357849 0.51696472 0.49243046 0.47467674
 0.45786914 0.42901821 0.41469776 0.42463995 0.47249954 0.49165006
 0.50316547 0.50056975 0.50571552 0.526855   0.54911803 0.59524055]","[0.59003568 0.4666183  0.37910832 0.33449694 0.3338694  0.34646447
 0.35009585 0.33902006 0.33399382 0.32418784 0.35430531 0.40403579
 0.45428896 0.49346734 0.52999352 0.56442627 0.55690329 0.54829741
 0.53664092 0.51934909 0.54075381 0.61163534 0.73139525 0.82477058
 0.91026141 0.99251073 1.07402025 1.15838582 1.22471859 1.28749017]",0.0030205622,0.004700058,mean_absolute_error_optimizers.Adam-lr=0.002
0.00908928254370888,"[0.64298048 0.5264678  0.45376794 0.41195973 0.40391516 0.40955431
 0.40184765 0.39312664 0.36627538 0.35698393 0.392051   0.43053049
 0.46445228 0.48478352 0.4903667  0.49759147 0.49339374 0.48223126
 0.46830791 0.45736654 0.47769693 0.48928384 0.50661295 0.52327949
 0.53458274 0.54222095 0.54946894 0.54928605 0.56800275 0.60739826]","[0.58209908 0.46181354 0.37731405 0.33758141 0.33827635 0.34743023
 0.35201551 0.3384742  0.34262163 0.33498654 0.35865221 0.40346261
 0.44604616 0.47665914 0.49013989 0.50926622 0.48183097 0.46535736
 0.44831093 0.42157882 0.41234353 0.42386045 0.47096853 0.49089392
 0.50599208 0.5016236  0.50539956 0.52594698 0.54511305 0.59108097]","[0.57996923 0.45857995 0.3745894  0.3348795  0.33508913 0.34492886
 0.34677684 0.33050137 0.32972031 0.32079723 0.35211182 0.40316263
 0.45354891 0.49309569 0.53212062 0.57035554 0.56256259 0.55217419
 0.53697055 0.51568729 0.53734511 0.61149502 0.73437369 0.83130433
 0.92144487 1.00648534 1.09025045 1.17637645 1.24267002 1.30645329]",0.00314478,0.0048816907,mean_absolute_error_optimizers.Adam-lr=0.002
0.008983911849558353,"[0.61740164 0.51615385 0.43730953 0.40273097 0.39414052 0.39776177
 0.39195107 0.3745037  0.35179768 0.33424543 0.36980559 0.40638404
 0.44112539 0.46862458 0.48238998 0.48404511 0.47702755 0.46602233
 0.4507029  0.43388283 0.45052711 0.46492598 0.48532974 0.50212608
 0.51765644 0.51961793 0.52399773 0.52586073 0.53838744 0.58689005]","[0.56757049 0.44470783 0.36306362 0.33146612 0.3388927  0.35018191
 0.3539989  0.340043   0.34038808 0.33143786 0.35921246 0.40726763
 0.44997258 0.48031753 0.49659184 0.51023319 0.4857589  0.46439266
 0.44652396 0.41829355 0.40980483 0.42216843 0.46711015 0.48848855
 0.50151405 0.49290099 0.49014954 0.50364095 0.52084143 0.56576616]","[0.56577972 0.44236984 0.36213565 0.33211599 0.34040356 0.35315549
 0.35483383 0.33725914 0.33208291 0.32033214 0.35281905 0.40337266
 0.44851245 0.48171336 0.51393732 0.5450965  0.5372366  0.52403667
 0.51127489 0.49347323 0.51672528 0.59126931 0.71530168 0.82266627
 0.91664404 1.00368027 1.08787169 1.17389416 1.24143108 1.30371636]",0.003041431,0.0047839754,mean_absolute_error_optimizers.Adam-lr=0.002
0.008754522625356913,"[0.61968709 0.51220073 0.43969087 0.40720984 0.39047969 0.39493573
 0.3960578  0.3804551  0.35305612 0.34308576 0.38186336 0.42010515
 0.45142306 0.46643057 0.48339619 0.48498601 0.48643056 0.47982063
 0.46295164 0.44919554 0.46392777 0.47920827 0.49764855 0.51284738
 0.51767592 0.51738141 0.52157288 0.52493269 0.54775977 0.59037737]","[0.56293435 0.44087783 0.36033904 0.3305379  0.33744248 0.34817412
 0.35127203 0.33894374 0.33961653 0.33179663 0.36030351 0.41047999
 0.45419765 0.48257224 0.49135272 0.50677504 0.47503756 0.4549226
 0.43982506 0.41497586 0.40541005 0.41504735 0.45942781 0.4794135
 0.49172982 0.48041605 0.47640998 0.48773695 0.50363733 0.55163003]","[0.56250816 0.44024689 0.36049045 0.33211349 0.34056757 0.35324672
 0.35508188 0.34063891 0.33773556 0.32906168 0.36284286 0.41530318
 0.46383089 0.49876358 0.53018067 0.56461353 0.55555005 0.54844825
 0.5353991  0.5138789  0.52917574 0.59586533 0.71444826 0.81519812
 0.90981951 0.99680292 1.08331864 1.16985896 1.23649398 1.29993871]",0.003165781,0.0048941066,mean_absolute_error_optimizers.Adam-lr=0.002
0.008637931178013484,"[0.57623844 0.47095222 0.40104134 0.36640451 0.35800645 0.36096101
 0.36010101 0.35407426 0.32745504 0.31874584 0.34748885 0.39572036
 0.42801703 0.4512984  0.46273511 0.45801882 0.460375   0.45565513
 0.4436582  0.43261214 0.44085077 0.46488493 0.47828758 0.49480674
 0.50616235 0.50418487 0.50787341 0.51407336 0.53173307 0.56993745]","[0.54702291 0.42660943 0.3500082  0.31735791 0.3202761  0.32809247
 0.32914123 0.31779002 0.32259696 0.31848283 0.34919451 0.3959277
 0.43737054 0.46493281 0.47660469 0.49570532 0.46782828 0.45140201
 0.437081   0.41369112 0.40437709 0.41171151 0.44739119 0.4666631
 0.47913784 0.46653328 0.46130975 0.47018033 0.48582232 0.53336326]","[0.54483039 0.42424149 0.34820276 0.31632117 0.31995558 0.32944921
 0.32902871 0.31738792 0.31879739 0.31343313 0.34894614 0.39931025
 0.44561234 0.48097895 0.5168404  0.55534072 0.55678849 0.55510707
 0.55057687 0.53395111 0.5475226  0.61223744 0.72101248 0.82046477
 0.91113719 0.99865246 1.08498831 1.1729539  1.24197021 1.30669165]",0.0032306344,0.0050422903,mean_absolute_error_optimizers.Adam-lr=0.002
0.008421028361966213,"[0.5835147  0.4862478  0.41509466 0.37683004 0.37088153 0.37338531
 0.37139819 0.35395344 0.33980924 0.3231869  0.35633945 0.40573991
 0.43690963 0.45009426 0.45533615 0.45635764 0.4414078  0.43771797
 0.42535245 0.42062644 0.43443062 0.45721753 0.47136265 0.48501155
 0.49292111 0.49280025 0.48049297 0.48481257 0.50847456 0.56255276]","[0.53712264 0.41416734 0.33681413 0.30831598 0.31637218 0.32888162
 0.33520987 0.32608364 0.33088766 0.32516111 0.35600816 0.40298893
 0.44622716 0.47333319 0.47839763 0.48513805 0.4504607  0.43075327
 0.41499815 0.39465257 0.39183905 0.40816194 0.45140809 0.46877655
 0.47817398 0.46382816 0.4573573  0.46798469 0.48529272 0.53554602]","[0.53513051 0.41290841 0.33630995 0.30883576 0.31764297 0.33060657
 0.33404554 0.32386384 0.32529975 0.31766284 0.35131694 0.39608472
 0.43481702 0.45931899 0.48397612 0.5131434  0.49990155 0.49629091
 0.48620108 0.47292035 0.50129472 0.58121297 0.71037826 0.81487015
 0.91608944 1.00366095 1.09071899 1.17993699 1.24986106 1.31593074]",0.003173878,0.0049938094,mean_absolute_error_optimizers.Adam-lr=0.002
0.008164617801705996,"[0.57517723 0.4714007  0.39944306 0.37393458 0.37114569 0.37590024
 0.36788566 0.35528656 0.32724991 0.32310368 0.35463514 0.39382162
 0.42499135 0.43449994 0.436809   0.43544761 0.42576467 0.4132865
 0.41269992 0.40275859 0.42015811 0.44398901 0.46580903 0.48128971
 0.48550332 0.48359415 0.47925778 0.48160099 0.50195843 0.56025833]","[0.52617741 0.40239857 0.32831853 0.30010682 0.30572103 0.31604196
 0.32233558 0.31503122 0.32161331 0.31688621 0.34852656 0.39674531
 0.43785439 0.46337393 0.46515767 0.4716059  0.43717033 0.41954485
 0.40525799 0.38506034 0.38281194 0.39915828 0.43309013 0.44953694
 0.46266154 0.44722103 0.43894825 0.45048904 0.47081525 0.52304804]","[0.52501875 0.40292503 0.32967048 0.30122167 0.30596421 0.31583959
 0.31968209 0.31153192 0.31658652 0.30948952 0.34166696 0.38574851
 0.42335032 0.44957404 0.47430222 0.50469013 0.4967659  0.49378166
 0.48660308 0.4723133  0.49530971 0.57507321 0.69797561 0.80095785
 0.89511365 0.98529053 1.0741269  1.16441146 1.23541076 1.30236632]",0.0031469655,0.004926661,mean_absolute_error_optimizers.Adam-lr=0.002
0.008017582796514034,"[0.56511492 0.45640582 0.38604808 0.35098967 0.34169183 0.34875458
 0.34423502 0.33952553 0.31736447 0.30416446 0.34219891 0.38441629
 0.41870244 0.43882162 0.44976204 0.44212485 0.4295219  0.41573781
 0.40418527 0.39758284 0.41286332 0.43316112 0.46131463 0.47732805
 0.47845554 0.47517002 0.47012653 0.47721884 0.50006247 0.54973156]","[0.51816139 0.39349321 0.320088   0.29326794 0.30036734 0.3114935
 0.31591056 0.30656677 0.31279997 0.30661604 0.3372599  0.38204729
 0.41992743 0.44272411 0.44415248 0.45896041 0.42838596 0.41300075
 0.40185845 0.38587027 0.38576667 0.40236123 0.437965   0.45456741
 0.4637553  0.44602449 0.43451831 0.44228275 0.46137429 0.51702576]","[0.51739351 0.39442196 0.32165965 0.29505591 0.30248427 0.31435797
 0.31713221 0.30758616 0.31193665 0.30351321 0.33676111 0.38243258
 0.42167725 0.44802987 0.4749428  0.50792075 0.50408892 0.50503806
 0.4988917  0.48294798 0.50293547 0.57810427 0.69654695 0.79875914
 0.89489215 0.98606277 1.07619489 1.16784044 1.23944597 1.30819751]",0.0031454712,0.0049782945,mean_absolute_error_optimizers.Adam-lr=0.002
0.007921576637774706,"[0.56850558 0.45838549 0.39709472 0.36720313 0.36086556 0.36449712
 0.36902652 0.34436921 0.32869858 0.31807815 0.35500366 0.38547796
 0.41804601 0.43231119 0.43429652 0.42521907 0.41906223 0.40888213
 0.39829183 0.39195962 0.41841824 0.4423136  0.45904757 0.46612626
 0.46363064 0.46090853 0.46598136 0.46914888 0.49578852 0.54670132]","[0.51865189 0.39578786 0.32542988 0.297977   0.30535626 0.31626107
 0.32074606 0.31198878 0.31669065 0.30929545 0.33610678 0.38007129
 0.4196758  0.44499519 0.44492461 0.4568064  0.4211736  0.40190206
 0.38905261 0.37046169 0.36926207 0.38804429 0.42730496 0.44083679
 0.44571314 0.42699074 0.41838866 0.42907391 0.44799982 0.50344679]","[0.51679644 0.39534415 0.32508944 0.29712272 0.30455101 0.31609238
 0.31944066 0.31148185 0.31705543 0.3102714  0.34005288 0.38438859
 0.42516549 0.45440785 0.47973307 0.5119142  0.50793548 0.5072952
 0.50254081 0.48790198 0.50631571 0.58612967 0.70894422 0.80929998
 0.90054319 0.99142844 1.08182298 1.17396091 1.24531225 1.31347209]",0.0032180883,0.004985732,mean_absolute_error_optimizers.Adam-lr=0.002
0.007753150327752034,"[0.51989701 0.41888186 0.35286777 0.3273214  0.32895286 0.32701988
 0.33310409 0.31565671 0.29770813 0.28672327 0.3234302  0.35821708
 0.39391784 0.40707961 0.41369593 0.41492118 0.40825158 0.39242968
 0.38032442 0.37283075 0.3930037  0.41714463 0.43876458 0.44711162
 0.45353342 0.44084466 0.43280133 0.43703915 0.46071599 0.52547881]","[0.49880607 0.37584214 0.30735848 0.28564751 0.29361152 0.30453672
 0.30822136 0.30252268 0.30847116 0.30191116 0.3288063  0.37469251
 0.41230815 0.43544448 0.43591921 0.44494664 0.40704599 0.38613567
 0.3721785  0.35500993 0.35663009 0.37718055 0.41730129 0.43171563
 0.43501732 0.41725276 0.40992127 0.42051008 0.4417363  0.49369178]","[0.49576529 0.37451079 0.30566053 0.28278379 0.29007464 0.30152032
 0.30342602 0.2980958  0.30305126 0.29685115 0.32817808 0.37469828
 0.41322165 0.43977594 0.4668798  0.50165079 0.49787422 0.50307583
 0.49894183 0.48568837 0.50604451 0.58273409 0.70892169 0.81573263
 0.91337263 1.00681415 1.09960517 1.19263909 1.26469132 1.33192669]",0.0030851974,0.004869413,mean_absolute_error_optimizers.Adam-lr=0.002
0.007682921656717857,"[0.52785758 0.42189906 0.36632541 0.33917617 0.33405175 0.33643253
 0.33647433 0.32675375 0.30672714 0.2870125  0.33130063 0.37190287
 0.39231882 0.39962654 0.39988679 0.39173793 0.3847846  0.38748479
 0.38191223 0.37220715 0.39130615 0.41938311 0.43592696 0.44069253
 0.43386697 0.42757332 0.42155326 0.42257249 0.451721   0.51834127]","[0.49284496 0.36817019 0.3011932  0.27884158 0.28478531 0.29287126
 0.29763942 0.29393687 0.30277138 0.29550605 0.32481485 0.37014621
 0.40586919 0.42562801 0.42578177 0.43348857 0.40006413 0.38368611
 0.3692899  0.34878324 0.34805011 0.36935551 0.41032539 0.42433712
 0.42693236 0.40893573 0.39871695 0.40656433 0.42785459 0.48580987]","[0.49041407 0.36737655 0.30019125 0.27643288 0.28132387 0.28877688
 0.29035693 0.28678233 0.29605238 0.29082837 0.32540284 0.37340893
 0.41136313 0.43613766 0.46408873 0.49550095 0.4984701  0.50421728
 0.50094575 0.48475491 0.5020248  0.58173437 0.70719345 0.8107571
 0.90265217 0.99436315 1.08439526 1.17551754 1.24600279 1.31329025]",0.0030459873,0.004838851,mean_absolute_error_optimizers.Adam-lr=0.002
0.00754350383579731,"[0.52394782 0.4226154  0.36151871 0.33986396 0.34965726 0.35209586
 0.3538936  0.34460303 0.33301309 0.30891249 0.33636106 0.37693864
 0.40710418 0.41749147 0.41622688 0.41454441 0.41797625 0.40498103
 0.38737547 0.3801862  0.39652399 0.4236956  0.43664909 0.43888075
 0.43865135 0.43807542 0.43194816 0.43886235 0.46260327 0.52878117]","[0.47554662 0.35203555 0.28718937 0.26870491 0.27659664 0.28485531
 0.28874789 0.28473944 0.29439259 0.29031744 0.31805991 0.36188975
 0.39824019 0.41849762 0.41911751 0.42562446 0.38710816 0.36573145
 0.35354901 0.33578341 0.3410204  0.36603754 0.4029402  0.41663771
 0.42049989 0.40112699 0.39180122 0.40024216 0.42228696 0.4800593 ]","[0.47291522 0.35155222 0.28624434 0.26570253 0.27252552 0.28063812
 0.28248902 0.27838293 0.28867624 0.28668238 0.32120707 0.37073159
 0.41131075 0.43709258 0.46470185 0.49821326 0.49615347 0.5073342
 0.50935933 0.49826817 0.51580946 0.5847062  0.70088338 0.80612223
 0.90489709 0.99834707 1.09071927 1.18265842 1.25292735 1.31971662]",0.0031082488,0.00491994,mean_absolute_error_optimizers.Adam-lr=0.002
0.007389623666803042,"[0.50989809 0.39172017 0.33856001 0.31873761 0.31617103 0.31717237
 0.31911806 0.30938343 0.28962793 0.27175205 0.30595391 0.3356241
 0.35796216 0.36794457 0.3645327  0.35701658 0.3542178  0.34939853
 0.34371945 0.34199473 0.35947866 0.38084828 0.39992888 0.40869274
 0.41320529 0.40262578 0.40420303 0.40581523 0.43263898 0.49278679]","[0.47470718 0.35139821 0.28317341 0.2628185  0.2713458  0.28037157
 0.28683432 0.28698939 0.29665445 0.28909783 0.31433004 0.35486831
 0.39010297 0.41059379 0.41095527 0.41773286 0.38252923 0.36249216
 0.3496875  0.33021157 0.3320349  0.35564877 0.3962431  0.41173666
 0.41371517 0.39538712 0.38527603 0.39315708 0.41527772 0.47408538]","[0.47231933 0.35061369 0.28292524 0.26086397 0.26841713 0.2773794
 0.28166483 0.28097589 0.29050205 0.28433402 0.31561077 0.35924715
 0.39617179 0.42033644 0.44483328 0.47821254 0.47646923 0.48731251
 0.49119195 0.48212166 0.50190239 0.57353824 0.6897539  0.79871491
 0.90056377 0.9970327  1.09115335 1.18529778 1.25798814 1.32670372]",0.0030110148,0.0047843135,mean_absolute_error_optimizers.Adam-lr=0.002
0.007351812476913134,"[0.49902693 0.38832894 0.33503115 0.32188065 0.31985222 0.3206701
 0.31704569 0.30958621 0.29366725 0.28295411 0.32091642 0.35673384
 0.37744731 0.38887224 0.3874883  0.38354737 0.37958407 0.37038781
 0.35341349 0.35354008 0.37451212 0.39519359 0.40923609 0.418562
 0.4121842  0.40853536 0.39645859 0.40160594 0.43007471 0.49022613]","[0.46843299 0.3469707  0.28716576 0.27314924 0.28189454 0.28876239
 0.2929363  0.28680056 0.29461127 0.28620056 0.31455277 0.35731367
 0.39173449 0.41125791 0.40906205 0.42051427 0.38494191 0.36602025
 0.35145041 0.331509   0.33646981 0.36195461 0.3974146  0.41088207
 0.41518451 0.39622515 0.38520931 0.38831405 0.40903833 0.46840404]","[0.46635684 0.34632457 0.28664403 0.27097662 0.2783173  0.28457974
 0.2861558  0.28067617 0.28950173 0.28355988 0.31772872 0.36399381
 0.40123856 0.4230397  0.44499232 0.47563261 0.4706309  0.47571728
 0.47135357 0.45607643 0.47678873 0.56055422 0.69074484 0.80179081
 0.90073965 0.99517832 1.08866359 1.18208415 1.25498207 1.32502663]",0.0030761529,0.0049039773,mean_absolute_error_optimizers.Adam-lr=0.002
0.007232478159169356,"[0.49959465 0.39113173 0.33951986 0.32703447 0.33735878 0.32927322
 0.33547602 0.32874385 0.30366932 0.29568868 0.32248569 0.34538026
 0.36353282 0.3695864  0.37844451 0.37991476 0.37726016 0.36870695
 0.36167793 0.34980922 0.36807978 0.3949281  0.41269126 0.42300976
 0.42528481 0.41793345 0.40016362 0.40276672 0.43042373 0.48908872]","[0.46426888 0.34533627 0.28500592 0.26965117 0.27764205 0.2863663
 0.29238829 0.28878139 0.29532373 0.28511213 0.31017725 0.35124757
 0.38486469 0.40519992 0.40350897 0.41665531 0.38478754 0.36742118
 0.35345224 0.33382132 0.33924718 0.3652879  0.39846333 0.40815063
 0.40996888 0.3911436  0.38010955 0.3873302  0.40597222 0.46515626]","[0.46284057 0.34567579 0.28620533 0.27012641 0.27712691 0.28536261
 0.28813474 0.2851865  0.2901302  0.27959322 0.30718542 0.34804353
 0.38210067 0.40418185 0.42556688 0.45669362 0.45553721 0.46290467
 0.45858294 0.4443846  0.46923637 0.55429517 0.67679297 0.79200893
 0.89627053 0.99375807 1.08913412 1.18515459 1.25824037 1.32787871]",0.0031165872,0.004912664,mean_absolute_error_optimizers.Adam-lr=0.002
0.007059689039985339,"[0.49672373 0.39005535 0.33487639 0.31609642 0.31756353 0.32024222
 0.31271954 0.31356135 0.29784603 0.27538948 0.32193406 0.35207412
 0.3649678  0.36899346 0.36516044 0.36548834 0.37003834 0.36109407
 0.35346889 0.34181641 0.36275679 0.39091433 0.40858738 0.42149543
 0.42054288 0.41863822 0.40775383 0.40654122 0.44295892 0.50520328]","[0.4560745  0.33663536 0.27957636 0.26701469 0.27275329 0.27752795
 0.28165387 0.27686307 0.2870167  0.28132299 0.30998243 0.35208133
 0.38370651 0.39885882 0.38952854 0.39767242 0.36242832 0.3460445
 0.33586943 0.31695171 0.32218984 0.34869962 0.38557657 0.39769238
 0.40259752 0.38283049 0.37136094 0.37990041 0.40326817 0.4630415 ]","[0.45250223 0.33420637 0.27761483 0.26318218 0.26766703 0.27285884
 0.2754514  0.27123754 0.28257322 0.27795417 0.3099761  0.35243696
 0.38483005 0.40286784 0.42009105 0.44978471 0.44896329 0.45422358
 0.45528987 0.44486944 0.47009095 0.55891173 0.68657532 0.79452931
 0.89417009 0.99156329 1.08719214 1.18336132 1.25752574 1.32676248]",0.0030466635,0.004827742,mean_absolute_error_optimizers.Adam-lr=0.002
0.00694828225299716,"[0.50824671 0.38691968 0.33881489 0.3198894  0.32557977 0.3280817
 0.32078125 0.31364574 0.29746245 0.28332188 0.31840407 0.35471515
 0.36663255 0.37041873 0.37896225 0.37506389 0.37006808 0.35693184
 0.34392849 0.32511446 0.34928972 0.37133239 0.39938452 0.40716084
 0.40542029 0.3966772  0.38961029 0.3991896  0.42723814 0.48831099]","[0.45152356 0.32791271 0.26977579 0.25997018 0.26942766 0.2745739
 0.27711675 0.27234964 0.28248746 0.27556366 0.30379311 0.3440668
 0.37486394 0.38970453 0.38523902 0.39448748 0.35997551 0.34202179
 0.3294848  0.30818264 0.31328818 0.34233302 0.38143043 0.39525844
 0.39839444 0.37764481 0.365336   0.37281851 0.39472618 0.45572242]","[0.4492071  0.32773677 0.27159503 0.26119209 0.27028472 0.27699855
 0.27812103 0.27556062 0.2858558  0.28030596 0.31245198 0.35584145
 0.39195886 0.411894   0.43472987 0.46479801 0.46475819 0.4737894
 0.47396086 0.46114993 0.47906647 0.56017664 0.68495218 0.79447341
 0.89212596 0.98912207 1.08444832 1.18077517 1.25507202 1.32493722]",0.003003986,0.004788114,mean_absolute_error_optimizers.Adam-lr=0.002
0.006985903181135654,"[0.49578638 0.39029417 0.32859205 0.30964558 0.30618242 0.31092891
 0.30245421 0.29635509 0.2741537  0.26156108 0.30176132 0.34020692
 0.35591309 0.36297921 0.36148721 0.36369868 0.36254488 0.36378519
 0.35375301 0.34063177 0.37232014 0.39812242 0.41330191 0.41733766
 0.41024696 0.39936918 0.39144691 0.39690956 0.42770558 0.48523669]","[0.44531263 0.32758887 0.2728967  0.26235397 0.2704446  0.27603219
 0.27931693 0.27457545 0.28579806 0.27938107 0.30835141 0.34969308
 0.37870331 0.39111855 0.38527129 0.39333361 0.36239427 0.34547683
 0.33167794 0.31119278 0.31753399 0.34559184 0.38388613 0.39604662
 0.39723301 0.3777212  0.36972161 0.38049819 0.40313877 0.46401442]","[0.44371892 0.32675174 0.27281313 0.26050374 0.26788429 0.27443962
 0.27619335 0.27409027 0.28644144 0.28245465 0.31684883 0.36288918
 0.39901647 0.41922722 0.44487092 0.47693128 0.48252438 0.4929641
 0.49249528 0.47808461 0.49405533 0.57221309 0.69388074 0.80360208
 0.90139537 0.99934469 1.09580013 1.19325378 1.26843973 1.33967912]",0.0031081499,0.004910907,mean_absolute_error_optimizers.Adam-lr=0.002
0.006875736419111491,"[0.47941644 0.38004974 0.32072578 0.31244575 0.31031836 0.31398934
 0.31636238 0.30651701 0.29010737 0.27677428 0.30701118 0.33368804
 0.35060116 0.35495986 0.35958473 0.3478303  0.34184165 0.33341408
 0.32710303 0.31352894 0.33240956 0.35735544 0.37999746 0.3920383
 0.38513582 0.37282906 0.35959496 0.36020167 0.39571489 0.46319789]","[0.4392658  0.31973772 0.26618014 0.25747366 0.26633331 0.27314014
 0.27911149 0.27297411 0.28200806 0.27097067 0.29540787 0.33473935
 0.36657628 0.38094105 0.37151025 0.38033679 0.35196547 0.33791389
 0.32503742 0.30539417 0.31386274 0.34061002 0.37441356 0.38466598
 0.38575907 0.36567246 0.35656561 0.36443954 0.38741317 0.45050168]","[0.43687328 0.3188819  0.26613856 0.25614062 0.26434654 0.27134817
 0.27561803 0.27155549 0.28124668 0.27260145 0.30187024 0.34494777
 0.38156376 0.40107633 0.41852182 0.44718546 0.44959706 0.46045037
 0.46111551 0.44782573 0.46896041 0.5522106  0.67309045 0.78453496
 0.88986435 0.9881606  1.08458564 1.18077107 1.25436132 1.3240296 ]",0.0029481319,0.004709629,mean_absolute_error_optimizers.Adam-lr=0.002
0.006768403844286998,"[0.49715301 0.37889635 0.32781142 0.31097394 0.30941439 0.31916248
 0.31734307 0.30797424 0.2876857  0.26536003 0.28628647 0.32398336
 0.34734997 0.35116592 0.35624806 0.3490269  0.35337376 0.34307108
 0.33153638 0.31955623 0.33767719 0.3601913  0.38787182 0.38982916
 0.38454465 0.38237308 0.37999186 0.38450481 0.41654787 0.48558468]","[0.437663   0.31865246 0.26613728 0.25761996 0.26437415 0.26982017
 0.27491432 0.26856264 0.27702398 0.26894402 0.29450482 0.33468136
 0.36560074 0.38103723 0.37413407 0.38375472 0.35002133 0.33243372
 0.31915042 0.2968045  0.30377585 0.33168606 0.36817765 0.38063201
 0.38404524 0.36542169 0.35665903 0.36609355 0.39064104 0.45276339]","[0.43537444 0.31890439 0.26793348 0.25809225 0.26347849 0.26827265
 0.27055487 0.26538683 0.27356098 0.266081   0.29472718 0.33680789
 0.3704633  0.38894644 0.40884329 0.43896843 0.43575894 0.44569123
 0.44340494 0.42927815 0.45366367 0.54064866 0.66791219 0.78250854
 0.89042584 0.99094034 1.08882995 1.18650119 1.26064948 1.3303072 ]",0.0029551166,0.0047149053,mean_absolute_error_optimizers.Adam-lr=0.002
0.0067014373876154425,"[0.48503917 0.37295936 0.32619256 0.31636218 0.3176089  0.32287839
 0.31725039 0.31745329 0.30125929 0.28480928 0.31637546 0.34605556
 0.36823247 0.37954637 0.37112419 0.3732103  0.36995875 0.3622558
 0.34110903 0.33731745 0.36009679 0.38020113 0.39404096 0.40063679
 0.39289736 0.39165694 0.37742539 0.37611627 0.40877275 0.47555787]","[0.43484082 0.31461051 0.26229479 0.25651937 0.26579172 0.27232903
 0.27691029 0.27026816 0.28001548 0.27161523 0.29704128 0.33472098
 0.36478739 0.38075464 0.36983877 0.38371517 0.349889   0.33406705
 0.31825202 0.29338733 0.29904588 0.327092   0.36444558 0.37605177
 0.37597385 0.35448775 0.34331248 0.34913217 0.37329098 0.4356578 ]","[0.43125976 0.31314035 0.26236972 0.25550445 0.26421525 0.27123147
 0.27421515 0.26884287 0.27981438 0.27316702 0.30372503 0.34445729
 0.37814884 0.3972265  0.41065383 0.43820097 0.4321653  0.43992398
 0.43837978 0.42532559 0.45022528 0.53978733 0.66975057 0.78281362
 0.88735439 0.98594079 1.08206195 1.17786908 1.2519994  1.32222556]",0.002989416,0.004749222,mean_absolute_error_optimizers.Adam-lr=0.002
0.006685790489117304,"[0.48853881 0.37089521 0.31819805 0.29504296 0.2977115  0.29022854
 0.28854405 0.29638551 0.2847044  0.26664932 0.29304773 0.33261973
 0.35478455 0.35750807 0.3581872  0.35695775 0.36685437 0.35891913
 0.34937068 0.33744412 0.35717152 0.3850061  0.40508234 0.41668362
 0.41020084 0.40369877 0.38887474 0.38467045 0.40834912 0.47845041]","[0.42687177 0.30526682 0.25428273 0.25274408 0.26057349 0.26105747
 0.26445231 0.26249723 0.27487189 0.26399111 0.28722372 0.32571281
 0.35749024 0.37407866 0.36642039 0.37903877 0.34751219 0.32614908
 0.30787292 0.28507612 0.29554215 0.32761756 0.36464833 0.37517941
 0.37570295 0.35586684 0.34360433 0.34565187 0.36652795 0.43043343]","[0.4237476  0.30425827 0.25527568 0.25327904 0.26046854 0.26132966
 0.26261725 0.2626238  0.27583067 0.26672729 0.29472429 0.33567154
 0.37047175 0.38925608 0.40620719 0.43474653 0.42888855 0.43167641
 0.42596036 0.41178197 0.43870441 0.53454275 0.66721976 0.78327588
 0.88881955 0.98795123 1.0840693  1.17974379 1.25297214 1.3225523 ]",0.0029928985,0.0047452557,mean_absolute_error_optimizers.Adam-lr=0.002
0.006537812226762374,"[0.47064029 0.36366887 0.3111261  0.30685243 0.29897432 0.30420872
 0.31017278 0.30073779 0.28419462 0.26352273 0.29281215 0.33737391
 0.34596812 0.35015265 0.3502422  0.3602445  0.35710523 0.34704864
 0.32947772 0.32058099 0.34181248 0.36378297 0.38689211 0.40005228
 0.39737259 0.38739432 0.376224   0.37764447 0.40516405 0.47183518]","[0.42412772 0.3061378  0.25575562 0.25243579 0.26017235 0.26174519
 0.26607197 0.259519   0.27100702 0.26032975 0.28698253 0.32798185
 0.35718885 0.36873037 0.35792419 0.36904481 0.33990049 0.3236496
 0.30778731 0.28487555 0.29564509 0.32415897 0.35909729 0.37083525
 0.37135762 0.35220505 0.3423979  0.34833997 0.36999125 0.43352189]","[0.42207273 0.30509866 0.25549195 0.25080581 0.25813719 0.26023047
 0.26244705 0.25797626 0.26974717 0.26143969 0.29274803 0.33661575
 0.36883334 0.38314673 0.3963769  0.42130858 0.41460914 0.42171398
 0.41716997 0.40445838 0.43749465 0.53208219 0.66380444 0.7826847
 0.89242683 0.99163593 1.08752631 1.18376826 1.25860886 1.33068613]",0.0029142392,0.0046561947,mean_absolute_error_optimizers.Adam-lr=0.002
0.0064815997891128066,"[0.46326151 0.36290997 0.30538973 0.29296093 0.29755377 0.29341795
 0.29831409 0.29882997 0.28855727 0.26508972 0.29451319 0.32956906
 0.33677596 0.34276076 0.33383561 0.33215863 0.33868695 0.32559991
 0.31593257 0.30904411 0.32704609 0.36034968 0.3769558  0.38260729
 0.37956531 0.36292977 0.35108099 0.35294609 0.3878908  0.45398121]","[0.41767022 0.29625854 0.24671615 0.24195827 0.24885433 0.25455664
 0.26193782 0.25590941 0.26682509 0.25623157 0.28235742 0.32279213
 0.35121138 0.36314949 0.35153315 0.3657136  0.33753097 0.32291075
 0.30856145 0.28416126 0.29246884 0.32133769 0.35435891 0.36394393
 0.36689968 0.3479865  0.33793825 0.34396897 0.36528332 0.42809751]","[0.41450231 0.29423429 0.24629991 0.24064212 0.24685866 0.25282297
 0.25825282 0.25399523 0.26411813 0.25465255 0.28456093 0.32546547
 0.3542157  0.36667641 0.37557642 0.40242938 0.3957335  0.40155124
 0.39602781 0.38196065 0.41768525 0.520245   0.65947944 0.78007819
 0.88929676 0.98933963 1.08516004 1.18030249 1.25277915 1.3206153 ]",0.0029223561,0.004631233,mean_absolute_error_optimizers.Adam-lr=0.002
0.006507368177175522,"[0.49146521 0.36926141 0.32300392 0.31499545 0.30952759 0.30744694
 0.30128755 0.29336988 0.28289001 0.26284618 0.29854173 0.32574844
 0.34334474 0.33976279 0.33217    0.33409288 0.3307652  0.3329469
 0.31677537 0.30276703 0.32421918 0.35113794 0.36459754 0.37562381
 0.38028019 0.37959454 0.36354134 0.36884186 0.39340953 0.4608879 ]","[0.41804093 0.30253168 0.25810446 0.25727752 0.26284105 0.26611045
 0.27105089 0.27071039 0.2826171  0.26855409 0.29256181 0.32848209
 0.35697885 0.37137236 0.3642731  0.37667202 0.34374291 0.32548248
 0.30674861 0.28339958 0.2930787  0.32284025 0.35801739 0.36833596
 0.3687142  0.35071445 0.34078402 0.34636853 0.36639106 0.42883623]","[0.41691768 0.3029116  0.25981067 0.25842031 0.26375852 0.26782481
 0.27085677 0.27135621 0.28233934 0.26777588 0.29479858 0.33211794
 0.36285056 0.38044243 0.39702527 0.42386903 0.41733873 0.42283809
 0.41570257 0.40202247 0.43448021 0.53277723 0.66985067 0.78804107
 0.89537897 0.99654151 1.09496508 1.19376344 1.26955439 1.34045136]",0.0029151426,0.0046270695,mean_absolute_error_optimizers.Adam-lr=0.002
0.006372540729741256,"[0.47570845 0.3617236  0.31247204 0.3019152  0.30606286 0.30942978
 0.3032362  0.29600865 0.27674508 0.25995304 0.28388318 0.31953503
 0.34662454 0.3476942  0.34066877 0.34139319 0.34667217 0.34174586
 0.33129783 0.31870115 0.33358511 0.36562718 0.38381128 0.38845289
 0.39041071 0.39058221 0.37651905 0.37724731 0.40508401 0.47238258]","[0.40842969 0.29175741 0.24574803 0.24453088 0.25018766 0.25267491
 0.26101603 0.26054596 0.27183625 0.26032873 0.28314619 0.32027824
 0.34802696 0.35956435 0.34807936 0.35940822 0.32965113 0.31842895
 0.30303278 0.27870349 0.2872008  0.31569148 0.34964494 0.36127571
 0.37031087 0.35544077 0.348637   0.35499318 0.37397769 0.43499361]","[0.40659606 0.29181372 0.24750265 0.24572437 0.25139617 0.25441808
 0.26132688 0.26246933 0.27443017 0.26455053 0.29218797 0.33172778
 0.36348085 0.37801403 0.39089582 0.41512241 0.40771712 0.40907544
 0.39999359 0.38441537 0.41900569 0.5238119  0.66212442 0.78193369
 0.89021055 0.98994255 1.08558501 1.18096911 1.25433992 1.32497733]",0.002868384,0.0045401626,mean_absolute_error_optimizers.Adam-lr=0.002
0.006347882021218538,"[0.47498578 0.35568264 0.30783092 0.29788867 0.30540347 0.30577414
 0.29921066 0.28524668 0.2689816  0.25016366 0.2828953  0.3216971
 0.34336431 0.33877967 0.33635713 0.32879003 0.32127948 0.32222354
 0.30994544 0.30570411 0.32669058 0.35190575 0.37485782 0.38341059
 0.37756988 0.36665685 0.35940344 0.36111305 0.39169851 0.45992591]","[0.40387934 0.28834944 0.2438626  0.24111343 0.24664485 0.24828966
 0.25551924 0.25420633 0.26391838 0.25103354 0.27374443 0.31192328
 0.33970838 0.35182476 0.34290916 0.35386013 0.32363039 0.30932809
 0.29191971 0.26799639 0.2785249  0.30726751 0.34184603 0.35256013
 0.35653301 0.33960203 0.33065917 0.33428531 0.35340521 0.41430404]","[0.40277311 0.28899377 0.24614664 0.24303212 0.24796885 0.25013864
 0.25537406 0.25620155 0.26713658 0.25630053 0.28353199 0.32401109
 0.35606162 0.37392988 0.39324285 0.42026783 0.41470882 0.41832009
 0.41012911 0.39452396 0.42497958 0.52342232 0.65873885 0.77689773
 0.88415848 0.98472263 1.08172684 1.17879248 1.25380603 1.32413667]",0.0029147621,0.00460882,mean_absolute_error_optimizers.Adam-lr=0.002
0.00629946331679821,"[0.45552415 0.34957409 0.30562543 0.29390414 0.29787129 0.2994384
 0.30717297 0.29749198 0.27567642 0.25505972 0.27517545 0.31201385
 0.329149   0.33647758 0.33124383 0.32717465 0.33084668 0.32372591
 0.31305233 0.29011683 0.3176134  0.34916107 0.36173293 0.37093904
 0.36887927 0.35948945 0.34970015 0.35735258 0.38231174 0.44199141]","[0.40114494 0.28637325 0.24392198 0.24416918 0.25081135 0.25559585
 0.26339248 0.25855936 0.26629372 0.25220217 0.27667752 0.31404302
 0.34213405 0.35547453 0.34616103 0.35715749 0.32870359 0.31539899
 0.30054572 0.27683584 0.28676939 0.3148583  0.34871675 0.35677983
 0.35735101 0.340648   0.33340497 0.33576488 0.35066967 0.41436152]","[0.39846514 0.28450849 0.24280345 0.24180509 0.2480576  0.25347299
 0.25940411 0.25653182 0.26400942 0.2507933  0.2779583  0.3163368
 0.34472131 0.3574083  0.36968066 0.39285847 0.38437743 0.38704863
 0.37943144 0.36594575 0.40636789 0.51369446 0.65859553 0.78050959
 0.88997172 0.9909879  1.08730082 1.18320886 1.25784307 1.32860091]",0.0027978052,0.0044703293,mean_absolute_error_optimizers.Adam-lr=0.002
0.006255532934019963,"[0.45755755 0.33283825 0.28030502 0.28438407 0.28987681 0.29490526
 0.29539703 0.29083546 0.27489    0.24575606 0.27377878 0.29985566
 0.31896762 0.3194405  0.31632282 0.32126413 0.32705826 0.32259187
 0.3090358  0.29297741 0.31536305 0.33904652 0.36036551 0.37416875
 0.37555421 0.37198579 0.36430231 0.3626082  0.39012452 0.45635195]","[0.39899327 0.2802323  0.23649656 0.23722289 0.24361051 0.2466707
 0.25674563 0.25375842 0.26498351 0.25169972 0.27338172 0.30976026
 0.33698575 0.35031221 0.33972555 0.35671342 0.33004665 0.31635962
 0.30162946 0.27764118 0.28762629 0.31708803 0.34914056 0.35518253
 0.35784715 0.34127635 0.33119355 0.33608596 0.35380014 0.41520109]","[0.39706023 0.27915642 0.23578986 0.2347189  0.24017358 0.24332694
 0.25189477 0.2503122  0.2611151  0.2482863  0.27310161 0.31049251
 0.33930656 0.35205976 0.36291674 0.38690226 0.37817254 0.38177253
 0.37699401 0.36475895 0.40669772 0.51609879 0.66063899 0.78221796
 0.89004211 0.99199213 1.08910547 1.18619458 1.26105247 1.33047789]",0.0027949738,0.0044349907,mean_absolute_error_optimizers.Adam-lr=0.002
0.006155489186445872,"[0.44946816 0.33270613 0.29143072 0.28396023 0.28303921 0.28558131
 0.28447049 0.28297625 0.2624648  0.23488437 0.27341949 0.3010728
 0.31602512 0.32161464 0.32062803 0.32817258 0.32889044 0.33137359
 0.31318627 0.30146327 0.31867058 0.34006757 0.35408888 0.35856759
 0.36049189 0.35516054 0.34718639 0.34854182 0.3788856  0.43091833]","[0.39718    0.27864993 0.23427208 0.23224043 0.23641154 0.24084104
 0.25223628 0.2511276  0.25891459 0.24526405 0.2684707  0.30701149
 0.33698609 0.3503031  0.33949671 0.35467514 0.32257657 0.30613094
 0.29022029 0.26806192 0.27830133 0.30548299 0.33709726 0.34556327
 0.35158291 0.33357818 0.32637668 0.33142195 0.350162   0.410584  ]","[0.39454952 0.276797   0.23315499 0.23010284 0.23398843 0.23846076
 0.2485981  0.24832692 0.25682969 0.24390691 0.26984412 0.30886737
 0.34002298 0.35397009 0.3642375  0.38831118 0.37508163 0.37934766
 0.37579051 0.36613183 0.40860676 0.51349559 0.65614259 0.77692761
 0.88753049 0.98881891 1.08739723 1.18584987 1.26194736 1.33191949]",0.0027926106,0.004505095,mean_absolute_error_optimizers.Adam-lr=0.002
0.0061613426630695665,"[0.44545783 0.33869093 0.28365327 0.28726155 0.28894487 0.28357259
 0.27555703 0.27535322 0.2591202  0.23727769 0.27473246 0.30380523
 0.31790563 0.3184013  0.31536684 0.32075855 0.31767813 0.31620777
 0.30399213 0.28719623 0.32006032 0.34593821 0.36148671 0.37369873
 0.37673815 0.36740529 0.35940356 0.36435549 0.38557805 0.43873267]","[0.40011407 0.28528393 0.24218353 0.24302141 0.24812301 0.24860344
 0.25708591 0.25564277 0.26484018 0.25041124 0.2735151  0.30909361
 0.33516409 0.34724291 0.33844827 0.35680842 0.32627257 0.30934947
 0.29067152 0.2667371  0.27996151 0.31142664 0.34578392 0.35541131
 0.35949724 0.34571812 0.33943706 0.34134708 0.35771023 0.42020108]","[0.39853078 0.28422732 0.24179594 0.24137718 0.24578922 0.24613689
 0.25331837 0.25311593 0.26361821 0.25118514 0.27756424 0.31362829
 0.33900251 0.3482771  0.35901214 0.38107735 0.36764867 0.37231635
 0.36279963 0.35014916 0.39729155 0.50675786 0.6528899  0.77703244
 0.88818487 0.98921505 1.08761049 1.18574893 1.26241861 1.33358379]",0.0027784226,0.004411102,mean_absolute_error_optimizers.Adam-lr=0.002
0.006152224935591221,"[0.45021289 0.33874784 0.29311211 0.29523096 0.29693393 0.29462887
 0.29529746 0.29439212 0.28099508 0.25652427 0.28548643 0.30362676
 0.31797454 0.31727182 0.31986272 0.31647527 0.31739942 0.30604827
 0.28878987 0.27757284 0.30350256 0.31858679 0.34142458 0.35423474
 0.36521461 0.36440994 0.3661886  0.36054503 0.38515512 0.44071023]","[0.39318855 0.2782626  0.23769154 0.2401083  0.24512191 0.24700358
 0.25281526 0.255189   0.26302107 0.24863015 0.26956408 0.30504006
 0.33143035 0.34214576 0.33369099 0.3502665  0.32036932 0.3060416
 0.28873641 0.26222125 0.27154332 0.29807273 0.3309785  0.33940944
 0.34575154 0.33189596 0.32684429 0.33177111 0.34705744 0.40565454]","[0.39118278 0.27735589 0.2383181  0.24003764 0.2454765  0.24865529
 0.25353575 0.25627251 0.26439879 0.24954685 0.27256178 0.30889168
 0.33774142 0.35140261 0.36622117 0.39515162 0.38745017 0.39325014
 0.38578108 0.36911919 0.40565281 0.5058835  0.64877993 0.77004362
 0.88066021 0.98207799 1.08166509 1.18155048 1.25893473 1.33188489]",0.0027208626,0.0043530404,mean_absolute_error_optimizers.Adam-lr=0.002
0.006007487837225199,"[0.43937725 0.32232903 0.27731513 0.28208524 0.28198406 0.27863459
 0.28807761 0.27869426 0.26546671 0.2383171  0.25899758 0.29093175
 0.30873935 0.31155859 0.31641239 0.30584542 0.29896779 0.30138874
 0.28275865 0.2770283  0.30254075 0.32803357 0.34325033 0.35756134
 0.3612204  0.35599057 0.34413805 0.34539696 0.36608754 0.42174442]","[0.38410576 0.26927519 0.22806263 0.22915096 0.23478401 0.23883091
 0.24900737 0.24876758 0.25662846 0.23903361 0.2582404  0.29504791
 0.32293288 0.33470164 0.32435501 0.34044265 0.31211092 0.30240053
 0.28397619 0.25859902 0.26836601 0.29327166 0.32372255 0.33083109
 0.33774599 0.32310517 0.31842341 0.32547416 0.34474405 0.40657727]","[0.38242222 0.26854464 0.22829212 0.22834496 0.23412759 0.23856865
 0.24767512 0.24821606 0.25855726 0.24320255 0.26696093 0.30557382
 0.33569235 0.34910752 0.36185023 0.38934048 0.37936757 0.38607379
 0.38060378 0.36947367 0.408569   0.50981709 0.65314113 0.7717052
 0.88107691 0.98051526 1.07847194 1.17728203 1.25538027 1.32907589]",0.0028131353,0.0044726287,mean_absolute_error_optimizers.Adam-lr=0.002
0.006014736442516247,"[0.45804213 0.32768672 0.27587431 0.27215556 0.27074749 0.26705642
 0.26990512 0.27016411 0.2629159  0.23735155 0.27453054 0.30519318
 0.31757603 0.32025555 0.32135391 0.32714584 0.33082861 0.33162708
 0.31720755 0.2960074  0.31345392 0.33893357 0.35954461 0.36749693
 0.37410492 0.37518699 0.36650896 0.3732113  0.3827214  0.44226069]","[0.38691632 0.27164125 0.23010483 0.22836922 0.23432538 0.23840856
 0.24864579 0.24623066 0.25795626 0.24397967 0.26676944 0.30294925
 0.32996914 0.3417991  0.33013889 0.3454209  0.31617087 0.30465392
 0.28912557 0.26261551 0.27011894 0.29470252 0.32261926 0.328697
 0.33406713 0.3190937  0.31510069 0.32028904 0.33506985 0.39537615]","[0.38397347 0.2696761  0.22910668 0.22654707 0.23263362 0.23719627
 0.24626765 0.24415422 0.25673808 0.24342937 0.26863679 0.30555411
 0.33349905 0.34478998 0.35414772 0.37672327 0.36252226 0.37079565
 0.36440835 0.35222165 0.39631689 0.50026985 0.64838674 0.77075471
 0.8858492  0.98732822 1.08754128 1.18804562 1.26590035 1.33896116]",0.0028120633,0.004468019,mean_absolute_error_optimizers.Adam-lr=0.002
0.006006992377340793,"[0.42677251 0.30066907 0.25899139 0.27395882 0.27420563 0.27035346
 0.27283689 0.27936329 0.25463992 0.23506251 0.26225352 0.29298479
 0.30575903 0.30841944 0.30470152 0.31595902 0.31799779 0.31175408
 0.298576   0.28520833 0.30283379 0.32735021 0.34168529 0.34736046
 0.34946209 0.34393961 0.34075138 0.33842244 0.35651355 0.41758597]","[0.37782153 0.26049796 0.22623486 0.23134974 0.23813173 0.24110172
 0.25067947 0.24850086 0.26137111 0.24713223 0.26802192 0.30331624
 0.3300569  0.34187901 0.32968109 0.345911   0.31533122 0.29999063
 0.28516305 0.26122116 0.2730627  0.30368884 0.33376277 0.34236853
 0.3457883  0.33014592 0.32150201 0.32153658 0.33296005 0.3946272 ]","[0.37658984 0.2598693  0.22557699 0.22883328 0.23510848 0.23836926
 0.24737001 0.24496694 0.25703512 0.24211132 0.26399606 0.29854473
 0.32365573 0.33409507 0.33997888 0.36310045 0.34599108 0.34809312
 0.3411755  0.33042044 0.38235264 0.49713888 0.6516993  0.77642053
 0.88795431 0.98785971 1.08545953 1.18342787 1.25998402 1.33116892]",0.0026933798,0.0042946963,mean_absolute_error_optimizers.Adam-lr=0.002
0.00588828461120526,"[0.4426045  0.32124177 0.27245833 0.27118793 0.2825204  0.28580655
 0.28249164 0.27673479 0.25616529 0.22677608 0.25434085 0.29076697
 0.30625802 0.31102863 0.31366093 0.32120436 0.33058614 0.32589174
 0.30930906 0.29750652 0.31143763 0.33935844 0.36132225 0.37305711
 0.38120293 0.36791815 0.36468296 0.35911331 0.37559773 0.44332655]","[0.38473924 0.27063941 0.22996968 0.22765452 0.23188499 0.23386073
 0.24281501 0.24107298 0.25140349 0.23731025 0.259753   0.29228552
 0.31688654 0.32836121 0.32092267 0.33994926 0.30760157 0.29444457
 0.2781326  0.25430123 0.26647317 0.29246305 0.32216104 0.32860878
 0.33558677 0.31934952 0.31035519 0.31269666 0.3268426  0.38898525]","[0.38289867 0.269184   0.22973982 0.22637464 0.23043145 0.23267261
 0.23983564 0.23870735 0.25040712 0.23784323 0.2636696  0.29793674
 0.32519637 0.33777185 0.35068466 0.37533339 0.36062881 0.36647132
 0.35942631 0.34614545 0.3918565  0.49929417 0.64772711 0.77041622
 0.88428945 0.98325277 1.07979758 1.17692737 1.25271088 1.32496748]",0.0027117357,0.0043293913,mean_absolute_error_optimizers.Adam-lr=0.002
0.005873644144584736,"[0.41823972 0.29253381 0.26427329 0.26781351 0.26294057 0.26097704
 0.25520497 0.25860037 0.25060172 0.23269983 0.26552094 0.28903084
 0.30137084 0.29396492 0.29178987 0.30194341 0.30796523 0.30404453
 0.28793229 0.27681826 0.29355297 0.32317125 0.33592175 0.34656521
 0.34818504 0.34253092 0.33831879 0.33715589 0.36343473 0.42531363]","[0.37349479 0.26001427 0.2230146  0.22324728 0.22774495 0.23143578
 0.24058363 0.24252124 0.25342751 0.23815051 0.25674463 0.28938552
 0.31383924 0.32224209 0.31426162 0.33178474 0.30516836 0.29433447
 0.27679064 0.25057488 0.2593734  0.28613466 0.31451314 0.32339663
 0.33248614 0.31780164 0.31024815 0.31417605 0.32856158 0.38814059]","[0.37239422 0.25977332 0.22380907 0.22263165 0.22672871 0.23133111
 0.23914849 0.2413855  0.25276775 0.23808621 0.25906931 0.2928133
 0.3187564  0.32841706 0.34285972 0.3698309  0.35929204 0.36377423
 0.35467041 0.34014582 0.38434975 0.49195207 0.6410183  0.76482154
 0.87815599 0.97837045 1.07630584 1.17601596 1.25470958 1.32900738]",0.0026893956,0.004317023,mean_absolute_error_optimizers.Adam-lr=0.002
0.005861455609401067,"[0.44789081 0.31250128 0.27064433 0.27488444 0.27118739 0.26988591
 0.27459706 0.27653818 0.25349201 0.22810442 0.25905568 0.28369377
 0.29067029 0.29128935 0.29235476 0.29319788 0.3027854  0.2988844
 0.29479152 0.28356497 0.30821364 0.32401374 0.33939594 0.34201091
 0.33388007 0.34248006 0.33801898 0.33140815 0.3465308  0.4103192 ]","[0.36921543 0.25048454 0.21253912 0.21779444 0.22620923 0.23043657
 0.24358648 0.24419406 0.25160684 0.23402895 0.25013165 0.28211648
 0.30683669 0.31911839 0.31412744 0.33519712 0.30884672 0.29847056
 0.2803699  0.2529141  0.26081939 0.28365692 0.31342717 0.32076191
 0.32763941 0.31311008 0.3085114  0.31558938 0.33113732 0.39120598]","[0.36812608 0.25024669 0.213074   0.21656803 0.22479039 0.22950887
 0.2422673  0.24305314 0.25268535 0.23784445 0.25814678 0.29286836
 0.32168183 0.33636508 0.35006125 0.37742636 0.36752271 0.37259759
 0.36511743 0.35017638 0.38957061 0.49357903 0.64181193 0.76629998
 0.87891249 0.97914837 1.07752201 1.17737217 1.25633537 1.3322495 ]",0.0026550908,0.004270254,mean_absolute_error_optimizers.Adam-lr=0.002
0.005842693681518237,"[0.44394551 0.31333535 0.2630055  0.27054806 0.28043296 0.28001896
 0.27799414 0.27722689 0.25918114 0.23538441 0.26473937 0.29645539
 0.30124603 0.29893467 0.30167374 0.30259394 0.30432986 0.30478957
 0.2902142  0.27057675 0.29576572 0.32157855 0.33871568 0.35087226
 0.35439941 0.34925116 0.34660842 0.34294305 0.35942038 0.41656483]","[0.37238168 0.25353008 0.21443296 0.21838354 0.22311236 0.22328937
 0.23238582 0.23718139 0.25204354 0.2377591  0.25717227 0.28863947
 0.31105028 0.32040764 0.31309185 0.33106403 0.30287121 0.29154206
 0.27378489 0.24838051 0.25803838 0.28501242 0.31334129 0.32084904
 0.32712243 0.31525389 0.31035097 0.31531034 0.32595682 0.38408684]","[0.37067067 0.25267251 0.21418036 0.21716112 0.22195137 0.22330845
 0.23124948 0.23656307 0.25306062 0.23958226 0.26167238 0.29379008
 0.31802165 0.32776625 0.33773757 0.36225896 0.34927363 0.35379098
 0.34739879 0.33708404 0.38592355 0.49745963 0.64916398 0.77292847
 0.88376932 0.98563687 1.08459301 1.18475761 1.26241259 1.33583184]",0.0027747718,0.004282864,mean_absolute_error_optimizers.Adam-lr=0.002
0.0058211445671816665,"[0.44151885 0.31857776 0.27275597 0.28150475 0.282836   0.27832314
 0.28976731 0.28534692 0.2710367  0.2468071  0.26982074 0.29528109
 0.30929804 0.30908194 0.30964786 0.30891798 0.31218754 0.30634842
 0.2816377  0.26522604 0.28034149 0.30680466 0.32221781 0.33293629
 0.34077142 0.33807146 0.33652374 0.32890939 0.34613501 0.4020049 ]","[0.37409435 0.25759658 0.21685298 0.21590302 0.22328797 0.22874797
 0.24134258 0.24767854 0.25800987 0.24150904 0.25938041 0.28876111
 0.31111737 0.32051782 0.31543722 0.33526794 0.30397951 0.28870711
 0.27265547 0.24766369 0.25771163 0.28612166 0.3169137  0.32347032
 0.33175809 0.31811442 0.31339562 0.31713926 0.32786389 0.38279987]","[0.37266984 0.25663214 0.21696109 0.21479666 0.22131504 0.22641874
 0.23812082 0.24461957 0.25669195 0.24154526 0.26255688 0.29293344
 0.31586118 0.3240097  0.32913964 0.35002921 0.33025935 0.32999899
 0.32097729 0.31066461 0.36724132 0.48732109 0.64432497 0.7700009
 0.88218507 0.98382581 1.08216907 1.18109641 1.2571368  1.32794614]",0.0026109677,0.0042184433,mean_absolute_error_optimizers.Adam-lr=0.002
0.005774843850483497,"[0.4467906  0.316969   0.27017684 0.27112433 0.27183913 0.27174132
 0.2719201  0.27919494 0.26695277 0.24035839 0.26717107 0.29803998
 0.30873233 0.30504826 0.30911335 0.30766227 0.31627238 0.31084156
 0.30157935 0.28793411 0.30956605 0.33892194 0.34595836 0.35333732
 0.34622363 0.34040628 0.32849137 0.3330263  0.35330155 0.4118942 ]","[0.3743865  0.26160323 0.22579458 0.22428637 0.22655349 0.22664889
 0.23575269 0.23772325 0.24785322 0.23269906 0.25032424 0.28114978
 0.304929   0.31464109 0.30574271 0.32433779 0.29722051 0.28666636
 0.27184152 0.24830052 0.25904632 0.28486839 0.31266728 0.32062067
 0.32742029 0.31365965 0.30792858 0.31047608 0.32296296 0.38257707]","[0.37293495 0.26090179 0.22525746 0.22248656 0.22395126 0.22403973
 0.23208557 0.23412182 0.2464515  0.23142711 0.25108043 0.28255271
 0.30722573 0.31667999 0.32441139 0.34809401 0.3334908  0.34075771
 0.3361776  0.32691762 0.37830273 0.48768502 0.64137659 0.7672635
 0.88503975 0.98634303 1.08546908 1.18611151 1.26517292 1.33882395]",0.0026255087,0.004246097,mean_absolute_error_optimizers.Adam-lr=0.002
0.005669155017783245,"[0.41829988 0.29614336 0.25989519 0.27249221 0.27609009 0.26602576
 0.27173295 0.27039154 0.25746719 0.2329034  0.26273256 0.29120915
 0.29624262 0.29726611 0.29339208 0.29749306 0.30831841 0.30468894
 0.2872448  0.26780307 0.29540467 0.31485016 0.32720805 0.33442398
 0.33441952 0.33727632 0.32954159 0.31978219 0.34200251 0.39813326]","[0.36542537 0.24897678 0.21405003 0.21883507 0.22307155 0.22330496
 0.23340585 0.23797837 0.24913621 0.23555922 0.25455081 0.2849195
 0.307778   0.3171323  0.30877174 0.3252055  0.29830812 0.28836957
 0.27210977 0.24667613 0.25619289 0.28234852 0.30987946 0.31510419
 0.32265882 0.31131409 0.30723227 0.3079909  0.31854438 0.37582668]","[0.3649091  0.24898403 0.21402764 0.21698706 0.22105133 0.22198506
 0.23081875 0.23508173 0.24833586 0.23491733 0.25581624 0.28641914
 0.30904046 0.31611914 0.32022575 0.33913915 0.32256726 0.32702775
 0.31955472 0.30793434 0.36224068 0.47953605 0.6351222  0.76158695
 0.87627595 0.9782882  1.07709686 1.17620551 1.2537404  1.32623196]",0.0025377471,0.004096919,mean_absolute_error_optimizers.Adam-lr=0.002
0.0056600017237166565,"[0.42686904 0.29788742 0.26664258 0.27173428 0.27601661 0.27158906
 0.27359095 0.2764037  0.2526509  0.22674441 0.25737512 0.28574925
 0.29719746 0.29888892 0.2966824  0.29878732 0.30463727 0.30660785
 0.29316789 0.28345545 0.3007833  0.3176167  0.33004432 0.34174114
 0.33996458 0.34291208 0.34153651 0.33765357 0.35148403 0.40286835]","[0.37242584 0.2568859  0.21923673 0.22051239 0.22258925 0.22314341
 0.23393348 0.23941938 0.25168883 0.23920382 0.2583395  0.28786742
 0.31032187 0.3204581  0.31137841 0.32805025 0.29709926 0.285377
 0.26636168 0.23925052 0.25057735 0.27638898 0.3068427  0.31413783
 0.32268913 0.31261507 0.30923451 0.31292324 0.3195327  0.37674913]","[0.37221089 0.25749984 0.22017487 0.21951044 0.22068429 0.22175253
 0.23151822 0.23748207 0.25172679 0.24027888 0.26174184 0.29208274
 0.31560045 0.32398797 0.32961302 0.34848455 0.3279309  0.33105217
 0.32392912 0.31459066 0.37128593 0.48593697 0.64238071 0.76791674
 0.88191523 0.98248007 1.0812832  1.18108522 1.25809323 1.3325217 ]",0.002595887,0.0041469377,mean_absolute_error_optimizers.Adam-lr=0.002
0.005693077160666386,"[0.41617711 0.30678363 0.26445188 0.2726122  0.28177276 0.27147777
 0.27344441 0.27325546 0.26936187 0.23681605 0.26787282 0.29738182
 0.30494671 0.30988941 0.31204964 0.31004809 0.30658645 0.29932147
 0.28496458 0.27363599 0.30331663 0.32697038 0.34125075 0.35499631
 0.36042938 0.35984613 0.35105059 0.33238179 0.35074648 0.4064996 ]","[0.36770515 0.25236188 0.21784119 0.22041112 0.22405356 0.22782233
 0.23829642 0.24357971 0.25776131 0.2426713  0.26174975 0.29091314
 0.30974805 0.31745038 0.31217642 0.32847613 0.30054128 0.29014748
 0.27459167 0.24933693 0.2559717  0.2792447  0.31010023 0.31693206
 0.32423488 0.31237842 0.30896411 0.31178358 0.3220858  0.38087103]","[0.3668495  0.25271372 0.21844392 0.21988597 0.22379812 0.22848637
 0.236933   0.24410853 0.25994205 0.24650541 0.26793617 0.29777937
 0.31789044 0.3255388  0.33546728 0.35549568 0.34063291 0.34553798
 0.33806405 0.32382559 0.37289365 0.48456576 0.63789485 0.76142034
 0.87258362 0.97114878 1.06781129 1.16646092 1.24338213 1.3163745 ]",0.0026065973,0.004165032,mean_absolute_error_optimizers.Adam-lr=0.002
0.005644307398547729,"[0.43889913 0.31525034 0.27989709 0.29092606 0.29402641 0.28019541
 0.28700761 0.28168705 0.2667055  0.23476422 0.25573929 0.28573434
 0.2918575  0.28970385 0.28741456 0.28870246 0.30441941 0.30554963
 0.28493227 0.27149386 0.29420523 0.32516279 0.3230015  0.3325331
 0.34030474 0.33694024 0.33371965 0.32582662 0.346018   0.40129175]","[0.35388218 0.24122842 0.21014436 0.21656423 0.22471795 0.22838925
 0.23714662 0.23997323 0.25024403 0.23321002 0.24931958 0.27588053
 0.29598597 0.30466988 0.30262541 0.32178733 0.29285832 0.2856523
 0.26953566 0.24458333 0.25210989 0.27469313 0.30473036 0.31284371
 0.32305846 0.3122636  0.30998478 0.31344135 0.32269715 0.37885122]","[0.35282929 0.24120118 0.21001551 0.21471581 0.22251315 0.22711574
 0.23383202 0.23892598 0.24980758 0.23368586 0.25277904 0.28191335
 0.30549699 0.31537304 0.32878245 0.35243347 0.33614553 0.34403051
 0.33670566 0.32492021 0.37704637 0.48418026 0.63623842 0.76130556
 0.87527744 0.97401201 1.07074029 1.16922968 1.24631091 1.31957378]",0.0025540637,0.0041041537,mean_absolute_error_optimizers.Adam-lr=0.002
0.005588374679287275,"[0.41526927 0.29427528 0.25906994 0.27333457 0.26891982 0.26516354
 0.273549   0.27558636 0.25532962 0.23264283 0.25815791 0.28147754
 0.28826457 0.28739377 0.29247835 0.29453185 0.29876754 0.30003439
 0.28423693 0.27133417 0.29148578 0.31028882 0.32112553 0.33227597
 0.33690395 0.33850074 0.33915847 0.3390451  0.35479278 0.41580972]","[0.362986   0.2444191  0.20864579 0.21259161 0.21746205 0.22068225
 0.23520811 0.24230946 0.25318524 0.23453115 0.24795218 0.27413725
 0.29414147 0.30278381 0.29862199 0.31790416 0.29118632 0.28299256
 0.26798855 0.24499864 0.25354305 0.27757846 0.30617881 0.31156769
 0.31781111 0.30457848 0.30100846 0.30338512 0.31280379 0.37157068]","[0.36020753 0.24237329 0.20661488 0.20897475 0.21413624 0.21866396
 0.23222928 0.24036963 0.25209137 0.23462368 0.25032129 0.27867036
 0.3015536  0.31045892 0.32257971 0.34465854 0.32913201 0.33735547
 0.33180849 0.3230996  0.37639345 0.48759546 0.64220102 0.76528716
 0.87757147 0.97625291 1.07404472 1.17406237 1.25351539 1.32874965]",0.0025822623,0.0041360296,mean_absolute_error_optimizers.Adam-lr=0.002
0.005582498498260975,"[0.42398604 0.308745   0.26806007 0.27261079 0.26887072 0.26892428
 0.27356279 0.2649148  0.24931573 0.21876925 0.24681836 0.26926727
 0.28091519 0.27457327 0.27624863 0.28295173 0.28580481 0.28745472
 0.26835007 0.25434152 0.27923998 0.30111108 0.31280126 0.32412545
 0.32891709 0.33270236 0.32233601 0.3265946  0.34009448 0.39684225]","[0.35971848 0.24781852 0.21402756 0.21691028 0.21947483 0.21826457
 0.22934836 0.23474257 0.2488183  0.23267964 0.25090182 0.28003859
 0.30212034 0.31394712 0.30926676 0.32920593 0.29901092 0.2884554
 0.27200712 0.24556537 0.2506526  0.2707863  0.30019125 0.30682219
 0.31641059 0.30662497 0.303675   0.30639628 0.31662531 0.37561606]","[0.35904829 0.24845034 0.2154752  0.21651845 0.21837235 0.21819686
 0.22857294 0.23543259 0.25134283 0.23686765 0.25720011 0.28725789
 0.31055497 0.32141265 0.33105835 0.35386626 0.33295779 0.33335446
 0.32320961 0.30988111 0.3650836  0.47912436 0.63625911 0.762422
 0.87551344 0.97452147 1.07152143 1.17046581 1.24782788 1.32151895]",0.0025517892,0.004079777,mean_absolute_error_optimizers.Adam-lr=0.002
0.0055357857594887415,"[0.42881978 0.30178619 0.26653723 0.26476504 0.27124752 0.27005319
 0.26770874 0.26828881 0.25140501 0.23108964 0.24664291 0.28080099
 0.28306403 0.28058452 0.28199953 0.28588067 0.28812052 0.29316331
 0.27974083 0.26514698 0.28776111 0.31229449 0.31928094 0.32233365
 0.32021306 0.31873475 0.31900673 0.31676336 0.33461742 0.39051001]","[0.36089037 0.24358596 0.21010815 0.21149843 0.2150705  0.21820481
 0.22777629 0.23302928 0.24563135 0.22755209 0.24639414 0.27546811
 0.29644537 0.30528042 0.30035071 0.318061   0.28895113 0.28332366
 0.26898187 0.24542573 0.25648594 0.2790322  0.3058331  0.3094971
 0.31788176 0.30702172 0.3037251  0.30680539 0.31484263 0.37144872]","[0.35918332 0.24270477 0.2093541  0.20942571 0.21286499 0.21724566
 0.22533426 0.23214822 0.24596955 0.22938195 0.25099906 0.28164757
 0.30427821 0.31215363 0.31929497 0.34131552 0.32160379 0.33088744
 0.32761771 0.32152941 0.37915034 0.48896385 0.64216228 0.76588361
 0.87912019 0.97843294 1.07657906 1.17684577 1.25548712 1.32984958]",0.0025212737,0.00406416,mean_absolute_error_optimizers.Adam-lr=0.002
0.005555789680530628,"[0.42471958 0.30844195 0.26896248 0.27526786 0.27008443 0.26565758
 0.26300985 0.26902802 0.25384881 0.22826829 0.25858846 0.28897507
 0.30591142 0.30655099 0.31045605 0.31899314 0.32019062 0.31610057
 0.30099613 0.29332895 0.30545609 0.32439674 0.33089888 0.34246802
 0.34733333 0.34447838 0.3375843  0.33253852 0.35053389 0.40803272]","[0.3521339  0.23663827 0.20708265 0.21291502 0.21598495 0.21738992
 0.22530201 0.23233305 0.24662871 0.23095317 0.24776619 0.27384738
 0.29248013 0.29976473 0.29685059 0.31668254 0.28911122 0.2805918
 0.26401196 0.23905559 0.24826257 0.27446819 0.30376621 0.30884043
 0.31496169 0.30170011 0.29789944 0.30107363 0.30836776 0.36344624]","[0.35014326 0.23514235 0.20594761 0.21054938 0.2135759  0.21646589
 0.22269499 0.23088853 0.24702478 0.23316174 0.25320316 0.28132586
 0.30220892 0.30809756 0.31560332 0.33602666 0.31775093 0.32272229
 0.31560487 0.30594279 0.36201972 0.48044109 0.63702018 0.76180252
 0.87234972 0.97134902 1.06943492 1.16930948 1.24759182 1.32176047]",0.0026108618,0.0041484153,mean_absolute_error_optimizers.Adam-lr=0.002
0.005456373269359271,"[0.40826206 0.26988602 0.23545697 0.24487194 0.24566281 0.24221135
 0.24820907 0.2617279  0.25150941 0.21918404 0.24830214 0.27542589
 0.28035472 0.28483218 0.28887255 0.28932722 0.29820171 0.28995716
 0.28395447 0.27360733 0.29685881 0.31274619 0.32429451 0.32892027
 0.32951712 0.32950747 0.32555519 0.32365411 0.33527889 0.40001579]","[0.35404443 0.23783701 0.20552447 0.21161303 0.21499277 0.21747088
 0.22952931 0.23217565 0.24469507 0.22616588 0.2448309  0.27368674
 0.29528067 0.30455316 0.29841701 0.32089016 0.29281974 0.28370597
 0.26766285 0.24345589 0.25192104 0.27277947 0.29581518 0.30211921
 0.31208858 0.30260002 0.30123097 0.30469851 0.3136307  0.37196847]","[0.3530482  0.23801819 0.20626107 0.21082416 0.21382809 0.21724626
 0.22895124 0.23278355 0.24772864 0.23108422 0.25193046 0.28286375
 0.30757015 0.31796669 0.32551732 0.34749366 0.3261559  0.32624456
 0.31481722 0.30342464 0.36143719 0.47893795 0.63556408 0.76097099
 0.87386352 0.97478311 1.07416069 1.17465045 1.25372656 1.32950894]",0.002479188,0.0039992766,mean_absolute_error_optimizers.Adam-lr=0.002
0.005463904781887929,"[0.40657514 0.29334128 0.25928831 0.26205113 0.26661518 0.26967287
 0.27415804 0.26525802 0.24763502 0.21583958 0.25221084 0.27568148
 0.29041785 0.2928992  0.29294267 0.29284989 0.29590931 0.29564325
 0.28362494 0.26560869 0.29059843 0.31504827 0.31190359 0.32880672
 0.33291513 0.33636864 0.33525622 0.33365109 0.35028661 0.39759256]","[0.35457498 0.23967173 0.20656455 0.21002925 0.21273428 0.21532398
 0.22854016 0.23266167 0.24638112 0.22913607 0.24593109 0.27418562
 0.2933356  0.30117927 0.29717485 0.31427575 0.28631633 0.28024834
 0.26531854 0.24197361 0.24783309 0.26699833 0.29044339 0.29658644
 0.30838166 0.30006723 0.29886479 0.30092614 0.30571171 0.35918975]","[0.35464908 0.2404145  0.20797931 0.20984404 0.21170758 0.21477907
 0.22686441 0.23158306 0.24669656 0.23060704 0.24987726 0.28040453
 0.30212657 0.30988178 0.31856382 0.33694246 0.31718133 0.32075017
 0.31162889 0.30270142 0.35929685 0.47521342 0.63210534 0.75765558
 0.87110632 0.97116699 1.06935116 1.16877607 1.24556973 1.31870881]",0.0024763308,0.0039555198,mean_absolute_error_optimizers.Adam-lr=0.002
0.00547690728182594,"[0.41068891 0.298753   0.26697333 0.26584537 0.26810404 0.26156736
 0.26747591 0.26291459 0.24841415 0.2220723  0.24061976 0.27649838
 0.28470985 0.28346948 0.28690761 0.29296963 0.30293616 0.29690502
 0.27852385 0.26550505 0.28175005 0.3006855  0.32393654 0.33298981
 0.33068248 0.33147434 0.33286837 0.32815424 0.33995278 0.39571657]","[0.3537108  0.24340684 0.21230438 0.21651773 0.21550096 0.21546211
 0.22378774 0.22974653 0.24346883 0.22539829 0.24262784 0.26966122
 0.29013187 0.29948531 0.2960116  0.31861539 0.28759404 0.27704842
 0.26343176 0.23953391 0.24825087 0.26646438 0.29107226 0.29583894
 0.30479829 0.2959384  0.29462488 0.30023047 0.30944782 0.36698299]","[0.35292878 0.24326665 0.21242723 0.21509376 0.21330975 0.21408599
 0.22194595 0.22906016 0.24381827 0.22704591 0.24541873 0.27423451
 0.29824575 0.30937664 0.31799984 0.34072409 0.31759689 0.31720942
 0.30967473 0.29929811 0.35660407 0.47354148 0.63083038 0.75641446
 0.86862641 0.96850947 1.06675251 1.16668157 1.24440907 1.31854808]",0.002454009,0.0039634653,mean_absolute_error_optimizers.Adam-lr=0.002
0.005377656120806933,"[0.41362219 0.28237313 0.24650109 0.24710074 0.2499372  0.2394299
 0.24719595 0.25601957 0.24141895 0.21436622 0.23765911 0.26436201
 0.26884446 0.26397169 0.27090035 0.27496353 0.27757168 0.26985089
 0.25477572 0.24372401 0.27131076 0.2956622  0.30067351 0.3047481
 0.31805939 0.31832151 0.31449099 0.311741   0.33055892 0.38406452]","[0.35354301 0.2424329  0.21270673 0.21674136 0.21670735 0.2160502
 0.22714822 0.23194098 0.2501174  0.23039865 0.24811343 0.27404232
 0.29141742 0.29936407 0.293635   0.31272256 0.28057735 0.27346921
 0.26180894 0.24138341 0.25256373 0.27000797 0.29215747 0.29736403
 0.30913541 0.30043778 0.29819298 0.29949088 0.30485152 0.36225508]","[0.35262893 0.24149389 0.21200835 0.2147437  0.21412546 0.21476548
 0.22464543 0.23096889 0.248509   0.22946765 0.24833027 0.2755634
 0.29560956 0.30305956 0.30722964 0.32602995 0.3014198  0.30320111
 0.29680958 0.28972269 0.35368839 0.47478387 0.632059   0.75814767
 0.87193659 0.97252269 1.07141311 1.17181657 1.25113109 1.32737065]",0.002438006,0.003942147,mean_absolute_error_optimizers.Adam-lr=0.002
0.005411224573850632,"[0.41559009 0.28597845 0.2537751  0.26677523 0.25851409 0.25789953
 0.26445765 0.25732271 0.24658479 0.21323895 0.23791356 0.26524431
 0.26957517 0.27899624 0.27943512 0.28383568 0.28987664 0.27874894
 0.27783834 0.25888406 0.28503342 0.29733649 0.30554315 0.31656645
 0.32256255 0.32459458 0.32531342 0.32558705 0.33098836 0.38222589]","[0.36036461 0.24600075 0.21313934 0.21313132 0.2125474  0.21122621
 0.2217178  0.22791212 0.24424148 0.22741256 0.24650844 0.27145602
 0.28785604 0.29440539 0.29461352 0.31529888 0.28240719 0.27485029
 0.26038225 0.23491071 0.24230857 0.26484037 0.28918506 0.29394909
 0.30546661 0.2974184  0.29539074 0.29699089 0.29858729 0.35016341]","[0.35977341 0.24584568 0.21236051 0.21029538 0.20907019 0.20904345
 0.2184359  0.22554746 0.24161139 0.22551674 0.24521974 0.27126634
 0.28941507 0.29377348 0.30183738 0.32207846 0.29628258 0.29939203
 0.29151406 0.28357556 0.35015341 0.46996855 0.63105792 0.75944694
 0.87610258 0.97587564 1.07375252 1.17379278 1.25246388 1.32554104]",0.0024813437,0.003958678,mean_absolute_error_optimizers.Adam-lr=0.002
0.005319191546489795,"[0.41053972 0.29141515 0.27020505 0.27588468 0.26614141 0.27093611
 0.27128509 0.27179603 0.25323345 0.20902917 0.24391326 0.26813211
 0.2866605  0.29060308 0.29176195 0.29448477 0.29300958 0.28447145
 0.27356726 0.25876733 0.28460465 0.3019888  0.31050951 0.31415024
 0.31927282 0.32356587 0.32296855 0.31595764 0.33134802 0.38791056]","[0.35239638 0.23987837 0.20940395 0.21219782 0.21231768 0.21350521
 0.2244542  0.23343715 0.24696264 0.23085893 0.24695732 0.27445746
 0.29124554 0.2962092  0.29398209 0.31285134 0.28301927 0.27523847
 0.26018854 0.23721992 0.24595777 0.26497104 0.29004237 0.29704618
 0.3081552  0.30013155 0.29934582 0.30219011 0.30925996 0.36484683]","[0.35197529 0.23978892 0.20924886 0.21032534 0.20989847 0.21281402
 0.22283358 0.23387856 0.24870529 0.23425031 0.25165398 0.28072337
 0.30085765 0.30701234 0.31593197 0.33310081 0.30994085 0.30961272
 0.29822673 0.2893543  0.35300033 0.47273636 0.632153   0.75924662
 0.87191144 0.97272235 1.07163607 1.17164544 1.25011465 1.32368405]",0.002420725,0.003917191,mean_absolute_error_optimizers.Adam-lr=0.002
0.005283127543826898,"[0.39912926 0.28529609 0.2585083  0.2767566  0.26071442 0.25602964
 0.26182689 0.255627   0.2371209  0.20893996 0.24033819 0.26470018
 0.27156625 0.2822249  0.28203974 0.27880898 0.28532373 0.28399403
 0.27325124 0.25985055 0.28781651 0.30133505 0.30947861 0.31272745
 0.31848848 0.32299632 0.3157573  0.31734784 0.32055811 0.37715892]","[0.34539589 0.23212654 0.20387881 0.21033968 0.21230134 0.21271403
 0.22349349 0.22907352 0.24316866 0.22569221 0.24358497 0.26761515
 0.28444832 0.29222295 0.29085794 0.31147146 0.28257679 0.2708267
 0.25758125 0.23488775 0.245167   0.26802485 0.29149733 0.29755653
 0.30844331 0.30092483 0.29798135 0.30021885 0.30314547 0.35761044]","[0.34497585 0.23225816 0.2039611  0.20865567 0.21015232 0.21221571
 0.22200984 0.2288169  0.24329883 0.22576481 0.24352023 0.268143
 0.28622115 0.29142049 0.29713785 0.31635723 0.29105673 0.29054269
 0.28358464 0.27778269 0.34737048 0.47197476 0.63131383 0.75944408
 0.874557   0.97541068 1.07360877 1.17207062 1.24710005 1.31807089]",0.002458864,0.0039431634,mean_absolute_error_optimizers.Adam-lr=0.002
0.005322896103064219,"[0.39575122 0.27439969 0.24918253 0.25100281 0.25304551 0.24850367
 0.26170789 0.26252991 0.24245412 0.22095953 0.23900354 0.26280669
 0.26895055 0.26147725 0.26818181 0.2661371  0.27176313 0.27976254
 0.27103309 0.26072894 0.28725981 0.30169887 0.30720543 0.3109332
 0.31973373 0.31914693 0.31020637 0.31080442 0.32226399 0.38234354]","[0.34263575 0.22806204 0.19879489 0.2049031  0.20593351 0.20589811
 0.21790039 0.22386512 0.23904685 0.21987442 0.23892323 0.26582026
 0.28254669 0.28774438 0.28724221 0.30815583 0.27819743 0.27173365
 0.25788356 0.23293728 0.2430254  0.26459914 0.28576139 0.28881916
 0.29966719 0.29134688 0.29172481 0.29445955 0.30005311 0.35513352]","[0.34106625 0.22722179 0.19838967 0.20294476 0.20350804 0.20520911
 0.21658604 0.22381339 0.23839473 0.22034233 0.23981087 0.26791873
 0.28783121 0.29384103 0.30359762 0.32424528 0.30318597 0.30637123
 0.29867726 0.28962592 0.3518858  0.47232734 0.63021313 0.75691232
 0.86980464 0.97011002 1.06850683 1.16800401 1.2457226  1.31889645]",0.002455491,0.0039602267,mean_absolute_error_optimizers.Adam-lr=0.002
0.005279881505916516,"[0.38493606 0.27652042 0.2450484  0.25188844 0.25140323 0.24047422
 0.23914183 0.24875343 0.23220211 0.2095913  0.23992762 0.25889869
 0.27136127 0.27036417 0.26839834 0.27070243 0.27840151 0.2754495
 0.26339083 0.25733453 0.28627927 0.30410307 0.30722846 0.31677816
 0.31795208 0.31953606 0.31477261 0.3087149  0.32351363 0.37807538]","[0.3438079  0.23094116 0.20143295 0.20762379 0.21017539 0.21130197
 0.22377882 0.22900818 0.24569447 0.22747517 0.2453144  0.27128591
 0.28724641 0.2915009  0.29223493 0.3115937  0.28284987 0.27745096
 0.2657523  0.24200298 0.24838685 0.26559308 0.2865271  0.29081416
 0.30212591 0.29381431 0.29261216 0.29575019 0.3025496  0.35837305]","[0.34341315 0.23119383 0.20144378 0.20517558 0.20737712 0.20996327
 0.2207153  0.22700713 0.24389838 0.226697   0.24539092 0.27355382
 0.29228859 0.29780565 0.30581173 0.32489787 0.3039439  0.30568093
 0.29979151 0.2926271  0.35483122 0.47569231 0.63237987 0.75820752
 0.87094721 0.96970898 1.06673009 1.16603083 1.24379143 1.31743462]",0.0024068558,0.0038842838,mean_absolute_error_optimizers.Adam-lr=0.002
0.005240510368098816,"[0.38332786 0.26107095 0.23259392 0.23951675 0.23698118 0.23471295
 0.23821051 0.23792754 0.2243394  0.19881399 0.22889471 0.25386191
 0.25540443 0.25535135 0.25276434 0.26138286 0.26006502 0.26285805
 0.25287131 0.2400536  0.26359611 0.27962208 0.28716189 0.28526237
 0.28711927 0.29334253 0.29347823 0.29221989 0.30272906 0.36039704]","[0.34338897 0.23178035 0.20280936 0.2061136  0.20587245 0.20406801
 0.21557313 0.22256551 0.23960982 0.22157727 0.24152465 0.26922377
 0.28717314 0.29160301 0.29007774 0.30724474 0.27374686 0.26542212
 0.25146775 0.22919564 0.23999424 0.26205213 0.28273105 0.28652331
 0.29789315 0.2885077  0.28886905 0.29100277 0.29898168 0.35517776]","[0.34260889 0.23083602 0.20145941 0.20319475 0.20254227 0.20173733
 0.21246424 0.22062611 0.23727693 0.21950853 0.23943396 0.26804898
 0.28774781 0.29159878 0.29513422 0.3126598  0.28503458 0.28652848
 0.27923384 0.27294914 0.34026905 0.46321033 0.6224379  0.74900283
 0.86427967 0.96417072 1.06267764 1.16274837 1.24063727 1.31156804]",0.0022924156,0.0037271283,mean_absolute_error_optimizers.Adam-lr=0.002
0.005220568291842937,"[0.3891993  0.26465131 0.22931331 0.24318616 0.2435333  0.24531626
 0.24519923 0.24788759 0.2276247  0.20072147 0.23201891 0.25583764
 0.26942175 0.27051063 0.27036922 0.26482961 0.27089096 0.2654424
 0.25226938 0.24695201 0.26975196 0.28616727 0.29599808 0.29872817
 0.30355292 0.30224954 0.31154425 0.30901731 0.32314657 0.38015664]","[0.34508004 0.23277622 0.20519576 0.21055922 0.21306737 0.21363026
 0.2235941  0.22643    0.24147403 0.22462457 0.24160444 0.26508234
 0.28100712 0.28689527 0.28727357 0.30904856 0.27849505 0.2715027
 0.25919411 0.2358601  0.2447286  0.2662572  0.28625232 0.28937009
 0.30225897 0.29601065 0.29513742 0.29426243 0.29564604 0.3503026 ]","[0.34399896 0.23214255 0.20487209 0.20877309 0.21092557 0.21264473
 0.22144516 0.22515993 0.24027054 0.22526173 0.24361008 0.26945947
 0.28808998 0.29411756 0.30271123 0.32374038 0.30054303 0.30181599
 0.2940756  0.28506255 0.34854181 0.47057961 0.62623456 0.75285701
 0.86863107 0.96916523 1.06631657 1.16416489 1.23997049 1.31235342]",0.0023023472,0.0037523364,mean_absolute_error_optimizers.Adam-lr=0.002
