-0.94227065072457,0.07177514788119946,"[1.43635546 1.33033019 1.25185518 1.18921219 1.12717961 1.0260948
 0.92692969 0.84581047 0.77391798 0.72008051 0.69083039 0.66700065
 0.65900093 0.68870153 0.67912463 0.69668839 0.7385175  0.77428525
 0.82952254 0.92382077]","[1.29800982 1.15999558 1.06212936 0.98531639 0.92228715 0.86775369
 0.80696955 0.75144964 0.71233325 0.6733633  0.63412746 0.61895211
 0.61097464 0.60621298 0.60259944 0.62876919 0.63705455 0.67417922
 0.73381425 0.79388518]",cosine_proximity_optimizers.Adamax-
-0.9598669606844584,0.06610913412030286,"[1.15345862 1.04982353 0.98186547 0.92838445 0.89474132 0.8452937
 0.80074964 0.75844002 0.71663924 0.71476563 0.70405891 0.73515642
 0.71267508 0.73525179 0.76624797 0.79793822 0.82045899 0.88355075
 0.95408086 0.99963939]","[1.22325564 1.08292827 0.98343731 0.90282432 0.83744587 0.78191691
 0.72380938 0.67416186 0.64517892 0.61729284 0.59194994 0.59117399
 0.59715917 0.60612606 0.61865739 0.65841579 0.67478424 0.72067166
 0.78063738 0.83844491]",cosine_proximity_optimizers.Adamax-
-0.9633812829653422,0.05695574197178824,"[1.12349201 0.94064335 0.8893208  0.75822215 0.65449392 0.59044566
 0.57358985 0.52669871 0.48330147 0.46462733 0.46904252 0.49108745
 0.52293352 0.57236032 0.58465931 0.61194263 0.637092   0.62647008
 0.67003464 0.72344338]","[1.17706609 1.02939347 0.92106319 0.83399268 0.76746514 0.71456728
 0.66089192 0.61790867 0.59698415 0.58010143 0.56651275 0.5754124
 0.58781346 0.59934228 0.61143748 0.64755791 0.65601185 0.69576725
 0.74855891 0.79924364]",cosine_proximity_optimizers.Adamax-
-0.9686950047810873,0.05752184906155696,"[0.98576536 0.87363206 0.79542064 0.74976823 0.7242603  0.70573806
 0.66604108 0.64705887 0.6271739  0.62245154 0.62372483 0.61246436
 0.61107945 0.60668375 0.60571156 0.64172405 0.66235135 0.6979811
 0.74358878 0.79978023]","[1.07386934 0.9250192  0.82215178 0.74699613 0.69751985 0.66413012
 0.63056151 0.60438839 0.59832015 0.58869753 0.5784155  0.58684332
 0.59688051 0.60432728 0.60720177 0.63392393 0.63040462 0.65741083
 0.70448658 0.75485067]",cosine_proximity_optimizers.Adamax-
-0.9734481352170309,0.06007658348467158,"[1.04463129 0.94469737 0.8600142  0.77954145 0.73741803 0.69402165
 0.67741001 0.67783398 0.6731079  0.67017981 0.62167549 0.61849088
 0.63273704 0.66100729 0.6747678  0.68092156 0.63923522 0.67716548
 0.71478172 0.76902987]","[0.98983451 0.83633708 0.72413755 0.64697309 0.60820899 0.59309011
 0.58257447 0.57722774 0.58903006 0.59083259 0.58821219 0.59862128
 0.60966201 0.61416131 0.60963368 0.62828834 0.6088118  0.61950746
 0.65949981 0.70792136]",cosine_proximity_optimizers.Adamax-
-0.9777134690284729,0.056795922092778936,"[1.04728153 0.95566105 0.88908471 0.82938418 0.72715003 0.67420697
 0.64427283 0.58830298 0.5827771  0.58133632 0.57848294 0.58998981
 0.60589923 0.61241049 0.60267949 0.60447501 0.61263825 0.63296977
 0.71302727 0.76954312]","[0.96748712 0.81326841 0.69140623 0.60140031 0.55410631 0.53633012
 0.5295026  0.53171077 0.55206535 0.5601897  0.55712106 0.56778385
 0.57650835 0.57849506 0.57093593 0.58744078 0.56526475 0.57261078
 0.60778451 0.6571686 ]",cosine_proximity_optimizers.Adamax-
-0.9802790369987487,0.05926413867895847,"[1.027464   0.89277263 0.87674686 0.79902293 0.75067545 0.70152821
 0.70182476 0.74690216 0.73723364 0.73090584 0.63290696 0.6080388
 0.65236407 0.69710326 0.71115448 0.66878424 0.67777364 0.70944328
 0.75168455 0.7936938 ]","[0.97839132 0.8308596  0.71252446 0.62018826 0.56836943 0.54422131
 0.53390524 0.53213908 0.54821273 0.55352036 0.54601185 0.55181579
 0.55526947 0.55098857 0.53890209 0.55128733 0.52940719 0.53982038
 0.57545503 0.62506693]",cosine_proximity_optimizers.Adamax-
-0.9823570826848348,0.055361668305403254,"[0.92424618 0.81754047 0.73593963 0.69614062 0.64443865 0.62083307
 0.60345354 0.57907571 0.57793897 0.58265627 0.5797247  0.58345871
 0.59152582 0.586533   0.68349293 0.71785062 0.70451614 0.64150747
 0.66013375 0.72215706]","[0.95799471 0.81671594 0.70292856 0.6147086  0.56774486 0.5473679
 0.53776227 0.53730769 0.55377083 0.55902837 0.55346767 0.55978196
 0.56412574 0.56269747 0.54849866 0.556151   0.5270704  0.5299056
 0.56021176 0.61009378]",cosine_proximity_optimizers.Adamax-
-0.9841098062197368,0.055679310214303834,"[0.93670519 0.85753491 0.78317716 0.69291706 0.65299272 0.62467625
 0.60720748 0.58428419 0.56657316 0.5463838  0.52294631 0.51621044
 0.51580347 0.53221071 0.51881443 0.51169916 0.51874179 0.51396652
 0.55277091 0.61048109]","[0.97402297 0.84083102 0.7360859  0.65374182 0.60768537 0.58198684
 0.56516034 0.55403106 0.55748989 0.55037312 0.53169728 0.52807181
 0.52627666 0.51870435 0.49821357 0.50056951 0.46545594 0.46038691
 0.48699001 0.54216353]",cosine_proximity_optimizers.Adamax-
-0.9853153411547343,0.06163306827220644,"[1.0322574  0.96265157 0.89032291 0.81963155 0.7568173  0.73422361
 0.71256199 0.68273303 0.64447248 0.61791842 0.64906401 0.65287945
 0.63926722 0.63931173 0.61331778 0.62194203 0.60310045 0.62529849
 0.58815848 0.6449514 ]","[1.01837524 0.89381717 0.80017348 0.73018856 0.69092328 0.66598108
 0.64335791 0.62218067 0.61124058 0.59036162 0.56161412 0.5483307
 0.53965806 0.52708763 0.5027226  0.49912382 0.45574734 0.44354052
 0.46441389 0.51655509]",cosine_proximity_optimizers.Adamax-
-0.9866241200764974,0.061170348581187584,"[1.07483258 1.01114543 0.95199596 0.93885927 0.87043392 0.82785156
 0.78644532 0.74834187 0.68155172 0.63239463 0.59467908 0.56028743
 0.53577337 0.52419944 0.50661691 0.50338322 0.47912822 0.47071495
 0.49798265 0.55453075]","[1.06176601 0.94534797 0.85994386 0.79716477 0.76148375 0.73641854
 0.71036978 0.68282182 0.66317359 0.63216822 0.59372871 0.56960322
 0.55061478 0.5292171  0.49678444 0.48450076 0.43448694 0.42374786
 0.44373467 0.49429987]",cosine_proximity_optimizers.Adamax-
-0.987675417582194,0.07591480869241249,"[1.24371132 1.19837553 1.14914437 1.10997432 1.06493233 1.02711695
 0.98644539 0.95261505 0.91042776 0.82396505 0.786171   0.76456763
 0.73861271 0.68375899 0.70077931 0.67445872 0.65438379 0.6398852
 0.65181198 0.6845921 ]","[1.11674613 1.01076875 0.93476584 0.88057975 0.84789774 0.82186099
 0.79118216 0.75721207 0.72905082 0.69040652 0.64690576 0.61672936
 0.59469662 0.57186979 0.53427205 0.51875058 0.46367516 0.44487088
 0.45557614 0.50150127]",cosine_proximity_optimizers.Adamax-
-0.988483571211497,0.07188577687303326,"[1.16183061 1.14816623 1.05822961 1.02702384 0.98709347 0.94727625
 0.90744348 0.88009262 0.81840396 0.77685961 0.73431225 0.70439097
 0.66094982 0.63667972 0.60786271 0.60695579 0.58037984 0.53938942
 0.55180239 0.58721421]","[1.16566914 1.0659779  0.99453464 0.94260122 0.90864982 0.87949831
 0.84306532 0.8016041  0.76463681 0.71698943 0.66661278 0.62793686
 0.59938123 0.57236677 0.5312704  0.5094001  0.45056815 0.42926693
 0.43801905 0.48391707]",cosine_proximity_optimizers.Adamax-
-0.9894179555575053,0.0719487880615729,"[1.14698605 1.09362833 1.04351967 1.00202656 0.97257904 0.93437182
 0.88844264 0.83721605 0.79553159 0.74943497 0.69318248 0.64345958
 0.5957915  0.56316343 0.5407542  0.50307765 0.51222058 0.45564982
 0.4841734  0.52866113]","[1.18392608 1.08921435 1.02240809 0.97465075 0.94301904 0.91453833
 0.87788096 0.83338681 0.793819   0.74285077 0.68729825 0.64364962
 0.60882893 0.57397419 0.52775878 0.50417947 0.44052233 0.41416874
 0.41979573 0.4652341 ]",cosine_proximity_optimizers.Adamax-
-0.9898073832194011,0.08182378148777912,"[1.24849117 1.21371405 1.20662408 1.14444333 1.10465806 1.07392338
 1.02759991 0.96317393 0.89474509 0.82450289 0.7659833  0.76410409
 0.70997099 0.65238319 0.60231079 0.62343256 0.58204484 0.52169522
 0.5439453  0.57589977]","[1.20372769 1.11324536 1.04955531 1.00387093 0.97144107 0.94068396
 0.90085414 0.85558511 0.81384193 0.76059102 0.70337652 0.65732238
 0.62152831 0.58647734 0.54396201 0.51996227 0.46054405 0.43085245
 0.43671547 0.47958276]",cosine_proximity_optimizers.Adamax-
-0.9908188641866048,0.08234681479043228,"[1.33115049 1.28182668 1.23164622 1.21823948 1.18557638 1.15390395
 1.11483928 1.06632266 1.03553997 0.93340656 0.91271016 0.83291068
 0.78950778 0.75910064 0.72199217 0.68641037 0.60674793 0.56952213
 0.58194374 0.63435043]","[1.26772124 1.18316779 1.12339027 1.08069466 1.04873864 1.01725524
 0.97589476 0.92658497 0.88029732 0.82218358 0.76035077 0.70870804
 0.66644865 0.62509672 0.57496766 0.54426068 0.47493196 0.44205862
 0.43982836 0.4764493 ]",cosine_proximity_optimizers.Adamax-
-0.9909887105623881,0.08331290740538683,"[1.39479937 1.32934541 1.29175016 1.24914584 1.16367372 1.16168406
 1.10219912 1.04869534 0.96919401 0.86751156 0.79149542 0.75029707
 0.65047561 0.60895011 0.56003886 0.51511453 0.44176796 0.43149733
 0.42089841 0.43858055]","[1.30150111 1.22247809 1.16705122 1.12660918 1.0949401  1.06192244
 1.01819699 0.96625929 0.91738277 0.85692521 0.79269239 0.73662422
 0.69004883 0.64435908 0.58675941 0.55335864 0.48297387 0.44819116
 0.44370092 0.4777119 ]",cosine_proximity_optimizers.Adamax-
-0.9913860192298889,0.0793018290299901,"[1.24708291 1.19049702 1.16149658 1.1336608  1.10492374 1.0662074
 1.01744498 0.95523015 0.92128755 0.85974378 0.77800853 0.70072799
 0.64626569 0.59363787 0.54486502 0.48922847 0.43873026 0.40484617
 0.40389704 0.43881076]","[1.3324208  1.25672468 1.20371017 1.16517016 1.13378255 1.10036929
 1.05505183 1.00137026 0.94951384 0.88536379 0.81651981 0.75569075
 0.70440237 0.65498561 0.59756975 0.56132688 0.49164766 0.45852801
 0.45639873 0.49149477]",cosine_proximity_optimizers.Adamax-
-0.9917728330294291,0.09056931287150616,"[1.38720118 1.37781935 1.35213727 1.32603341 1.35569632 1.3082788
 1.21379765 1.16088855 1.07502053 1.00587139 0.94414065 0.88637699
 0.79503527 0.75218895 0.70767008 0.66303636 0.68715119 0.67357992
 0.67157807 0.70230904]","[1.36111338 1.28875669 1.23732696 1.19806518 1.16419312 1.12630906
 1.07602213 1.01546259 0.95751422 0.887465   0.81350147 0.74839692
 0.69410591 0.64337382 0.58555815 0.55008089 0.4806545  0.44454484
 0.43927553 0.47378667]",cosine_proximity_optimizers.Adamax-
-0.9921482137044271,0.08920923593599384,"[1.34548391 1.31791191 1.29209019 1.27064538 1.22801257 1.17669415
 1.11489729 1.03812026 0.96288796 0.88851684 0.82430368 0.76109098
 0.71057122 0.63149993 0.58563436 0.53146689 0.50356801 0.48811452
 0.50578373 0.52313305]","[1.37629349 1.30615132 1.25726527 1.21965309 1.18584728 1.14727331
 1.0960923  1.03599196 0.97987222 0.91135362 0.83702715 0.7710982
 0.71493703 0.66214324 0.60171783 0.56871494 0.49968652 0.46244772
 0.45402039 0.48322013]",cosine_proximity_optimizers.Adamax-
-0.9923296675682068,0.09546310670831747,"[1.50837476 1.45996274 1.43602925 1.40636486 1.37227297 1.3363506
 1.27679402 1.19319303 1.12260083 1.04811062 0.97293274 0.91765733
 0.85854796 0.78683604 0.73022446 0.67898039 0.64288837 0.61409695
 0.6018754  0.62669405]","[1.41199886 1.34552602 1.29840591 1.2604834  1.22401301 1.18096399
 1.12452441 1.05913589 0.99823246 0.92479332 0.84735766 0.77881628
 0.72099501 0.66670837 0.60194512 0.56553472 0.49483123 0.45637884
 0.44858935 0.48033025]",cosine_proximity_optimizers.Adamax-
-0.9926307799021403,0.08926881629283573,"[1.50459446 1.45102403 1.41294086 1.39205673 1.36314373 1.30175801
 1.22165163 1.13623283 1.03547321 0.97193567 0.92645611 0.78512421
 0.71386232 0.69274657 0.6788162  0.64589597 0.61810518 0.59318865
 0.56517209 0.59236411]","[1.44239649 1.37821924 1.33236383 1.29369686 1.25390476 1.20561985
 1.14252135 1.07030215 1.00201656 0.92181817 0.83776489 0.76276899
 0.70070478 0.64597053 0.58505958 0.55221637 0.48256877 0.44458926
 0.43796395 0.47132216]",cosine_proximity_optimizers.Adamax-
-0.992968621412913,0.09257694833617963,"[1.41734057 1.38779643 1.34959608 1.31142564 1.27985921 1.23204659
 1.17981504 1.10415339 1.01614248 0.92731925 0.85204806 0.77541987
 0.7025647  0.64059242 0.58277151 0.54763502 0.50678847 0.47230106
 0.49361961 0.50593706]","[1.48680012 1.42560425 1.38225874 1.34586018 1.30715608 1.25987675
 1.19789656 1.12792182 1.06192998 0.9848674  0.90291482 0.82940538
 0.76628551 0.70729402 0.64179304 0.60188751 0.52790475 0.48750159
 0.47701959 0.50342826]",cosine_proximity_optimizers.Adamax-
-0.9931642196973165,0.0915234053790244,"[1.40825088 1.39105085 1.38437452 1.34993516 1.38991262 1.30886838
 1.20664671 1.12180615 1.02557379 0.95219878 0.8677333  0.79136427
 0.71909157 0.66018804 0.64699124 0.61284251 0.56338448 0.50970951
 0.49553322 0.51217826]","[1.50532243 1.44529773 1.40112948 1.36209037 1.3191244  1.26646329
 1.19794848 1.121728   1.04964149 0.96793726 0.88232527 0.80586162
 0.74244205 0.68422089 0.62576608 0.58823603 0.51631583 0.4732494
 0.46381349 0.49173072]",cosine_proximity_optimizers.Adamax-
-0.9934013296763102,0.0966717654358505,"[1.57683512 1.53178667 1.48221715 1.44327195 1.39949817 1.31962881
 1.25364465 1.17683944 1.10375388 1.01711215 0.93543319 0.85284481
 0.77991834 0.71851182 0.6681239  0.61644716 0.58100047 0.54805987
 0.51410259 0.53451205]","[1.51232    1.45272645 1.40957639 1.37182422 1.33035788 1.27948265
 1.21334839 1.1394809  1.07015623 0.99001073 0.90562792 0.82971017
 0.76554776 0.7066694  0.64315028 0.60261675 0.52680186 0.48576353
 0.47512812 0.50185025]",cosine_proximity_optimizers.Adamax-
-0.9932892789840698,0.10046733588111408,"[1.55543768 1.53562754 1.51980131 1.49615202 1.45205565 1.39883029
 1.34221052 1.27018178 1.1903898  1.1134098  1.02256126 0.94527016
 0.87864    0.82357279 0.79079613 0.7270986  0.67561797 0.63167151
 0.61568274 0.63746925]","[1.54789167 1.48902275 1.44559348 1.40678994 1.36416837 1.31228483
 1.24575042 1.17159528 1.10226601 1.02189146 0.93703966 0.86039472
 0.79445267 0.73309431 0.66413272 0.61932097 0.54074929 0.49822683
 0.48389971 0.50721264]",cosine_proximity_optimizers.Adamax-
-0.9936372709274292,0.09900823319113149,"[1.52844056 1.49961558 1.47461467 1.44363564 1.4162682  1.3534745
 1.29283417 1.20496623 1.13657848 1.04400774 0.93593541 0.85926995
 0.74911457 0.68108927 0.64286142 0.59702302 0.56967657 0.52508368
 0.51491983 0.57104842]","[1.56171614 1.50285898 1.45870127 1.41819941 1.37191521 1.31501174
 1.24214686 1.1615326  1.08503787 0.99897513 0.90974521 0.83025084
 0.76482487 0.7058882  0.6445133  0.60598805 0.53249045 0.49175322
 0.48410871 0.51116816]",cosine_proximity_optimizers.Adamax-
-0.9941086031595866,0.10686680307418664,"[1.6511575  1.63769166 1.61141344 1.60926917 1.56457465 1.5215557
 1.43731321 1.3540242  1.26874798 1.17039222 1.08802061 0.98766649
 0.90831886 0.83367805 0.76493164 0.7018349  0.65995627 0.5872959
 0.57506313 0.62744415]","[1.5859589  1.52907501 1.48629632 1.44710912 1.40240692 1.34737192
 1.27680694 1.19833838 1.12429224 1.04006101 0.95283622 0.87510016
 0.80912756 0.74882667 0.68133713 0.63625467 0.55982504 0.51870906
 0.50644786 0.52707248]",cosine_proximity_optimizers.Adamax-
-0.9940575987497966,0.10098744288159092,"[1.59059274 1.56218914 1.53287873 1.50577924 1.46569728 1.403548
 1.3186152  1.22694319 1.13139629 1.03872348 0.9557634  0.8786809
 0.80059886 0.7395568  0.68345838 0.63284068 0.59734373 0.56047141
 0.54476665 0.55679852]","[1.58393158 1.52725894 1.48520649 1.44658084 1.40224566 1.34728219
 1.27563831 1.19478452 1.11691703 1.02755023 0.93433033 0.85238286
 0.78479983 0.72610891 0.66524497 0.62491991 0.55545101 0.52026835
 0.51138948 0.53366061]",cosine_proximity_optimizers.Adamax-
-0.9943188810348511,0.10357023882682964,"[1.58157882 1.55906835 1.53064429 1.49908347 1.46195051 1.41325184
 1.34084231 1.22428282 1.13084286 1.05941546 0.99221593 0.93065171
 0.86372243 0.78995308 0.75629328 0.72085212 0.67119492 0.6532765
 0.6926968  0.73430061]","[1.59956316 1.54232007 1.49852086 1.45697393 1.40916016 1.35058735
 1.27567382 1.19188556 1.11313478 1.02422193 0.93318603 0.85365364
 0.78807965 0.73055914 0.66874495 0.63249837 0.56393567 0.52341135
 0.51057644 0.53169965]",cosine_proximity_optimizers.Adamax-
-0.9942574739456177,0.11530569534287563,"[1.85895338 1.87289117 1.84971602 1.80527705 1.75882287 1.69637006
 1.56728602 1.47697584 1.38365302 1.25954203 1.19562208 1.11827639
 0.99600554 0.93377027 0.88509133 0.82311107 0.80720338 0.75044956
 0.73737401 0.73392446]","[1.61458452 1.55762326 1.51315281 1.47074853 1.42210176 1.36306789
 1.28834021 1.20526968 1.12654509 1.03684503 0.94530577 0.86546966
 0.79990886 0.74121388 0.67879107 0.64082306 0.56997511 0.52837454
 0.51565799 0.5342813 ]",cosine_proximity_optimizers.Adamax-
-0.9946193950970967,0.10563652003380368,"[1.66224521 1.62036947 1.60469958 1.56562847 1.51375116 1.45207048
 1.3832547  1.31768886 1.21837434 1.1207943  0.99656504 0.90751139
 0.84046241 0.80828334 0.75512675 0.71912678 0.6981824  0.68285188
 0.64555512 0.66930105]","[1.62121595 1.56395746 1.51997052 1.47825675 1.4300867  1.37103192
 1.29580639 1.21121316 1.12982449 1.03845915 0.94511027 0.86369428
 0.79769918 0.73906065 0.67742071 0.64059148 0.57034194 0.52768232
 0.51401825 0.53520681]",cosine_proximity_optimizers.Adamax-
-0.9946489839553833,0.09581526049032181,"[1.48172511 1.44913969 1.43122532 1.40217173 1.36112387 1.31212314
 1.26055189 1.17915876 1.06525185 0.96319775 0.87638631 0.79673269
 0.72126173 0.6604617  0.61041101 0.56360697 0.53032797 0.51022059
 0.50414569 0.52208882]","[1.65665396 1.60093704 1.55688454 1.51418468 1.46451397 1.4035598
 1.32650623 1.23955798 1.15635278 1.06193135 0.96666658 0.88575254
 0.82134548 0.76694111 0.70308313 0.66807551 0.59757582 0.55687993
 0.54000207 0.5541469 ]",cosine_proximity_optimizers.Adamax-
-0.9945962244669596,0.11657688101180899,"[1.82804205 1.79054868 1.80990312 1.72920408 1.6788027  1.59483574
 1.51588353 1.43190597 1.35164107 1.25860319 1.14715818 1.10129501
 1.03016437 0.96156985 0.91149937 0.87574245 0.85449323 0.83193537
 0.81965553 0.83422273]","[1.64134211 1.58475715 1.53965507 1.49595048 1.44539603 1.38436659
 1.30726346 1.22093026 1.13572785 1.03990988 0.94230238 0.85824617
 0.79063555 0.73276674 0.67481182 0.6400132  0.57232995 0.53604271
 0.52554728 0.5465654 ]",cosine_proximity_optimizers.Adamax-
-0.994855841477712,0.10614395206667425,"[1.68898986 1.6392037  1.6162489  1.57558262 1.51540322 1.44122777
 1.36701425 1.27936008 1.18627003 1.08802156 0.98645353 0.90100299
 0.82138429 0.75403311 0.74532549 0.69311136 0.60979443 0.59157465
 0.64301792 0.63820032]","[1.67841591 1.62342136 1.57962205 1.53695941 1.48695296 1.42608108
 1.34882101 1.26176671 1.17532689 1.0779468  0.98017968 0.8964021
 0.82948966 0.77230473 0.71472973 0.67908454 0.60876857 0.57042652
 0.55544512 0.57087162]",cosine_proximity_optimizers.Adamax-
-0.9950040259361267,0.1140207080096442,"[1.889168   1.80091282 1.76645296 1.71245373 1.65624351 1.58177355
 1.51676987 1.36420097 1.25441299 1.154502   1.0630687  0.96328784
 0.87952036 0.81443115 0.76746923 0.73791852 0.70046314 0.68783263
 0.66766665 0.70885173]","[1.6754606  1.62067637 1.57651655 1.53290844 1.48162951 1.41868983
 1.33870701 1.2480977  1.15839831 1.05762033 0.95755327 0.87340272
 0.80907203 0.75662684 0.70263172 0.6719582  0.60912124 0.57530356
 0.56635633 0.5879728 ]",cosine_proximity_optimizers.Adamax-
-0.9948710862795512,0.11070480756718205,"[1.80399952 1.73329242 1.7114791  1.67298302 1.61931234 1.54446135
 1.4732227  1.39334178 1.30847695 1.24580708 1.17831242 1.05588278
 0.97108351 0.91140109 0.86314513 0.824645   0.80092297 0.7743088
 0.77955886 0.77984461]","[1.70168337 1.64608034 1.59947186 1.55233654 1.49727058 1.43170875
 1.35120873 1.26243619 1.17657293 1.07976744 0.98288028 0.90051651
 0.83570791 0.78042396 0.72420317 0.68943739 0.61937543 0.57956918
 0.56077237 0.57424057]",cosine_proximity_optimizers.Adamax-
-0.9951735180219015,0.10809170598419297,"[1.72118684 1.70339585 1.66929986 1.6059459  1.54348482 1.47222931
 1.40677214 1.30420539 1.19675942 1.08995812 0.99593412 0.91796934
 0.85524778 0.81210801 0.76169115 0.71266978 0.64715576 0.6153634
 0.60099021 0.6546911 ]","[1.6961298  1.64042399 1.59450218 1.54858209 1.4953587  1.43220567
 1.354374   1.26761909 1.18336226 1.08615493 0.98743774 0.90226166
 0.83469647 0.77856165 0.71635242 0.68217962 0.61486552 0.58196316
 0.5715807  0.58805351]",cosine_proximity_optimizers.Adamax-
-0.9951441040039063,0.11087322680191047,"[1.71959276 1.68167046 1.6420814  1.61249979 1.56379935 1.49694254
 1.42328932 1.33938793 1.24163036 1.1590935  1.10069968 0.98267289
 0.91128584 0.84913091 0.79691629 0.75314146 0.70740627 0.66779457
 0.62252357 0.63052409]","[1.72636412 1.67097803 1.62427277 1.57630397 1.51988639 1.45301175
 1.37079871 1.28046695 1.19209017 1.09360178 0.99573778 0.91333693
 0.84881334 0.79344635 0.7370622  0.70160711 0.63047929 0.59313487
 0.58049902 0.59911125]",cosine_proximity_optimizers.Adamax-
-0.995430789788564,0.10552998941254754,"[1.63136899 1.60793388 1.58140752 1.54547171 1.49642198 1.42478169
 1.34547905 1.24310979 1.12993809 1.02591167 0.93753541 0.8638746
 0.77976322 0.72489137 0.67009294 0.62594764 0.59344445 0.57113651
 0.55891714 0.57423086]","[1.72017973 1.66514785 1.61850116 1.5702317  1.51300714 1.44464468
 1.36063595 1.26706179 1.17617285 1.07389423 0.97242302 0.88789833
 0.82453972 0.77411929 0.71786497 0.68748527 0.62471481 0.59281901
 0.58523244 0.60585324]",cosine_proximity_optimizers.Adamax-
-0.995304443359375,0.10835928157350999,"[1.7252384  1.6928464  1.64408889 1.61485023 1.55915273 1.48796839
 1.39778612 1.30771254 1.21080775 1.11848053 1.03280894 0.94711756
 0.87513765 0.81383668 0.76918809 0.74338525 0.72049776 0.69800357
 0.69128633 0.71611264]","[1.72577933 1.6707258  1.62325524 1.57403252 1.51594036 1.44731462
 1.36365944 1.27126056 1.18066593 1.07928919 0.97876061 0.89495308
 0.83118059 0.77877392 0.72493524 0.69218435 0.62827438 0.59650138
 0.58492576 0.60153864]",cosine_proximity_optimizers.Adamax-
-0.9954006725947062,0.10990639660862152,"[1.74138634 1.72148483 1.69228523 1.65277943 1.5917142  1.51646845
 1.43085751 1.33527656 1.24017668 1.13660311 1.04627374 0.94970308
 0.88282761 0.8148632  0.7681406  0.7334367  0.71145838 0.70627744
 0.69189202 0.74968861]","[1.7458308  1.68956434 1.64031778 1.58854336 1.52748156 1.45612557
 1.37042074 1.27677316 1.18643415 1.0865406  0.98839334 0.90664023
 0.84483126 0.79479035 0.74010408 0.71010393 0.64757233 0.61684037
 0.6068066  0.62603237]",cosine_proximity_optimizers.Adamax-
-0.9954203681945801,0.10837231878203113,"[1.70922255 1.6858769  1.63646407 1.60179755 1.54583373 1.49667468
 1.39851127 1.32545984 1.23795052 1.15221469 1.00818833 0.9219156
 0.85332698 0.79875432 0.74828871 0.73118606 0.74213557 0.68922188
 0.66635138 0.67728934]","[1.75387323 1.69790483 1.64821622 1.59553183 1.53315065 1.46039717
 1.37317691 1.27891235 1.18721635 1.0863799  0.98701821 0.90391257
 0.83985155 0.78659009 0.73443535 0.70400098 0.64076329 0.61015411
 0.6020612  0.62135641]",cosine_proximity_optimizers.Adamax-
-0.9955831060409546,0.10935222871509517,"[1.76335362 1.73654075 1.67080264 1.62055213 1.55708398 1.47673351
 1.36712289 1.27412646 1.17278707 1.09566455 0.9890512  0.90600712
 0.8225359  0.75492073 0.69895099 0.6553857  0.62832936 0.61320867
 0.62107937 0.61505377]","[1.75359173 1.69882825 1.65094828 1.60058021 1.54106288 1.47152196
 1.38811491 1.29710855 1.20894324 1.11076824 1.01341134 0.93070689
 0.86619009 0.81350237 0.75562612 0.72460354 0.65961291 0.6250316
 0.61445304 0.63118611]",cosine_proximity_optimizers.Adamax-
-0.995627899646759,0.11868446220798755,"[1.88663545 1.86904268 1.83621486 1.77735662 1.70903754 1.63372962
 1.55469499 1.47593218 1.36242182 1.23910153 1.13866512 1.06762442
 1.05521594 0.97767731 0.95781315 0.90996667 0.91496639 0.84388084
 0.84095765 0.86032071]","[1.75182159 1.69658033 1.64722993 1.59415558 1.53110933 1.45723209
 1.36905908 1.27333857 1.18131426 1.08013964 0.98160967 0.90084287
 0.84117052 0.79377268 0.74251287 0.71546058 0.65447926 0.6218924
 0.61244386 0.63222937]",cosine_proximity_optimizers.Adamax-
-0.9957551147143046,0.11356160352542635,"[1.76085291 1.74037164 1.67023721 1.67530375 1.63348528 1.54521716
 1.45611865 1.39215566 1.30155275 1.20703474 1.11810525 1.00211142
 0.95400925 0.89448611 0.84106538 0.80085885 0.77027649 0.73671205
 0.71630256 0.74564089]","[1.76045839 1.70668206 1.65896306 1.60721482 1.54480036 1.47129606
 1.38287674 1.28693094 1.19418359 1.09305232 0.99446031 0.91408695
 0.85415898 0.80621296 0.75657606 0.72949967 0.66749772 0.63857232
 0.62626894 0.64040053]",cosine_proximity_optimizers.Adamax-
-0.9957244617144266,0.11705636479668685,"[1.7861396  1.77198865 1.73943834 1.70048679 1.64231079 1.57276846
 1.48885327 1.41889664 1.35494339 1.23887084 1.18366629 1.08886068
 1.02510773 0.97297263 0.91172875 0.86294165 0.82219801 0.79827276
 0.78598458 0.80032226]","[1.78080261 1.72669347 1.67832972 1.62597984 1.56323797 1.48978912
 1.40230534 1.30802341 1.21745247 1.11792981 1.02025177 0.93809197
 0.87410918 0.82156251 0.76649225 0.73525393 0.67050117 0.63732017
 0.62631363 0.64200737]",cosine_proximity_optimizers.Adamax-
-0.9959777469635009,0.1093387222662496,"[1.76445511 1.74311482 1.70978534 1.67278912 1.58734984 1.50252197
 1.38901378 1.29724487 1.2045166  1.15114447 0.96352258 0.87578985
 0.81374564 0.77774743 0.80653268 0.81224362 0.82425924 0.81092808
 0.78060233 0.78234585]","[1.79067935 1.73498318 1.68459029 1.63006094 1.56516938 1.48942577
 1.39999155 1.30352829 1.2099246  1.10717319 1.00691212 0.92366725
 0.86131017 0.81370786 0.76380578 0.73894563 0.67885994 0.6471641
 0.63383897 0.64643132]",cosine_proximity_optimizers.Adamax-
-0.995887456258138,0.11762220443129448,"[1.84798635 1.81927556 1.78731159 1.73872412 1.66850161 1.58213643
 1.472179   1.37995477 1.27205802 1.17350435 1.07129091 0.97138529
 0.89064846 0.85988111 0.8483604  0.78666108 0.80449968 0.80005077
 0.77563754 0.7874447 ]","[1.77520361 1.71827247 1.6669675  1.61117844 1.54505731 1.46849271
 1.37890365 1.28391622 1.19395807 1.09615797 1.00052668 0.91998597
 0.85576417 0.801741   0.74440747 0.71346163 0.64933246 0.61779854
 0.60717752 0.62296983]",cosine_proximity_optimizers.Adamax-
-0.9958944619496664,0.11417418237792591,"[1.74802622 1.72994934 1.7077662  1.66409154 1.60560394 1.52841517
 1.43734188 1.33545543 1.23442271 1.13875285 1.03646672 0.9861774
 0.92384023 0.87005146 0.82428717 0.79813253 0.78230249 0.75386666
 0.72976365 0.72965593]","[1.7907876  1.73644858 1.68817137 1.63585791 1.57335752 1.49966572
 1.41130012 1.3148621  1.22128106 1.11766876 1.01645755 0.93162411
 0.86673916 0.81575795 0.76485234 0.73779269 0.67358515 0.64114225
 0.62824735 0.64338207]",cosine_proximity_optimizers.Adamax-
-0.995944948832194,0.1150807168223386,"[1.85331402 1.83123123 1.80126719 1.75490169 1.68421362 1.61458609
 1.51114278 1.41303865 1.31153741 1.1893865  1.11882648 1.05337545
 0.99340977 0.97502901 0.89027857 0.86017215 0.80816658 0.79196141
 0.77485227 0.77699722]","[1.78336298 1.72675925 1.67640571 1.62166985 1.55617793 1.47973813
 1.38862037 1.29076434 1.19579164 1.09319811 0.99392184 0.91215698
 0.85047826 0.80132026 0.75387902 0.72735622 0.66726157 0.63802679
 0.62682385 0.63880019]",cosine_proximity_optimizers.Adamax-
-0.9961048075358073,0.11248824914691474,"[1.7188045  1.69661664 1.67393519 1.63214435 1.56699499 1.48411761
 1.37387687 1.27253907 1.19664056 1.08239587 0.97396422 0.89375507
 0.83501429 0.8259105  0.7807814  0.74212372 0.70242187 0.69809477
 0.68846739 0.66185123]","[1.80426324 1.74664745 1.69353675 1.63431241 1.56366862 1.48254476
 1.38876669 1.29008143 1.19638807 1.09689196 1.00176282 0.92433956
 0.86570757 0.81767211 0.76909818 0.73978121 0.67718778 0.64910436
 0.63913487 0.65491342]",cosine_proximity_optimizers.Adamax-
-0.9961425104141235,0.12565313642019996,"[2.06081311 2.03378811 1.99629812 1.94981821 1.86542795 1.75928852
 1.65027468 1.57682816 1.47820344 1.34250126 1.25847816 1.17754038
 1.10877092 1.07761462 0.95790741 0.92002155 0.88193288 0.89739123
 0.94585728 0.95218333]","[1.804091   1.74793319 1.69726722 1.64106341 1.57376817 1.4953706
 1.40311804 1.30448768 1.21064798 1.10991677 1.01369896 0.93414918
 0.87347532 0.82495997 0.77402383 0.74649639 0.68285614 0.65032476
 0.63762722 0.65112568]",cosine_proximity_optimizers.Adamax-
-0.9962265127499899,0.12380221947576948,"[1.88869445 1.86015236 1.82734695 1.78130975 1.73246792 1.66332117
 1.55860767 1.46039685 1.34794688 1.24100928 1.1547008  1.12903361
 1.05126795 1.01740262 0.99420243 0.95915035 0.92899365 0.87975664
 0.96495745 0.97214684]","[1.81889316 1.76240815 1.71125599 1.65375661 1.58474783 1.50459423
 1.41074221 1.31105043 1.21657972 1.1162153  1.02204154 0.94620606
 0.8892493  0.84369303 0.7940551  0.764401   0.7039524  0.67680578
 0.66587117 0.68056691]",cosine_proximity_optimizers.Adamax-
-0.9961923869450887,0.12341338398065071,"[1.91619809 1.90651412 1.87790166 1.82913091 1.778036   1.68171491
 1.58058916 1.47268335 1.36640748 1.26608822 1.18134361 1.11289987
 1.03706224 0.98212758 0.93817552 0.90087394 0.87082353 0.8519242
 0.84683544 0.84642157]","[1.80722874 1.74993109 1.69782561 1.63879858 1.56770568 1.48503786
 1.3883016  1.28620794 1.1904413  1.09049399 0.99709385 0.92162917
 0.86411653 0.81762552 0.76707557 0.73912667 0.67933952 0.65107364
 0.64423085 0.66173093]",cosine_proximity_optimizers.Adamax-
-0.996289297580719,0.11725473645342403,"[1.87264773 1.86959956 1.82545042 1.77760754 1.69622615 1.61052591
 1.54984726 1.43852349 1.34313563 1.2195936  1.13138263 1.03493356
 0.97501436 0.91479802 0.89144776 0.85523095 0.83123194 0.79291854
 0.76123299 0.78996482]","[1.81520751 1.75880467 1.70799169 1.65032099 1.58058653 1.49913576
 1.40362784 1.30144392 1.20276097 1.09769968 0.99816768 0.91714479
 0.85620136 0.8094147  0.75989857 0.73403172 0.67623538 0.64846919
 0.64118564 0.6576108 ]",cosine_proximity_optimizers.Adamax-
-0.9962769905726115,0.12266052766518092,"[1.91111801 1.88286124 1.85301162 1.80465152 1.73865046 1.65154235
 1.59581144 1.51608745 1.38555151 1.25886663 1.11498808 1.02560741
 0.99691519 0.95113722 0.89169929 0.83403535 0.80663621 0.78789229
 0.77105178 0.79422958]","[1.81174596 1.75456545 1.70291379 1.64440917 1.57445432 1.49338552
 1.39856245 1.29808943 1.20228777 1.10045032 1.00342847 0.92318235
 0.86183849 0.81275731 0.767549   0.74001236 0.68373329 0.65998671
 0.65386351 0.67470185]",cosine_proximity_optimizers.Adamax-
-0.9962827335993449,0.12288752958376373,"[2.00339856 1.96852253 1.90076521 1.84162008 1.7764008  1.72480162
 1.59485854 1.47742882 1.36484165 1.25743338 1.16232118 1.08829133
 1.0215584  0.9750742  0.96289668 0.92250452 0.88883898 0.87104948
 0.82963751 0.83288677]","[1.81504878 1.75628554 1.70281081 1.64239095 1.57104447 1.48946499
 1.39542378 1.29671231 1.20440226 1.10718984 1.01576204 0.94043329
 0.88022271 0.82918957 0.77985008 0.75131446 0.69066705 0.66520695
 0.65475339 0.66586077]",cosine_proximity_optimizers.Adamax-
-0.9964601658185324,0.12298279488742009,"[1.99737014 1.97262068 1.94285752 1.88394184 1.82385565 1.74757624
 1.64081654 1.5341515  1.39966275 1.28937743 1.20539781 1.12508913
 1.05995496 1.02409911 1.01876979 1.0240997  0.91640924 0.8905416
 0.8753372  0.89345353]","[1.81806713 1.76041495 1.70838869 1.64858676 1.57646404 1.49246458
 1.39379154 1.2887428  1.18686037 1.08180479 0.98361387 0.90483038
 0.84798279 0.80355596 0.76130875 0.73362561 0.67756602 0.65304611
 0.64454088 0.66089676]",cosine_proximity_optimizers.Adamax-
-0.996429869333903,0.11656752240718712,"[1.85513007 1.82634938 1.79227213 1.74186017 1.69129166 1.58482074
 1.48791461 1.38646891 1.27834304 1.21008542 1.11811779 1.05830511
 1.00522888 0.96256773 0.9161074  0.87934861 0.85450389 0.81055996
 0.79306538 0.78783006]","[1.81652912 1.75938518 1.70713214 1.64658367 1.57348361 1.48769369
 1.387685   1.28105591 1.18067743 1.07625215 0.9796928  0.90295251
 0.84736399 0.80541786 0.75966196 0.7398907  0.68597501 0.6638381
 0.65802389 0.67685771]",cosine_proximity_optimizers.Adamax-
-0.9965616633097331,0.11256169636984045,"[1.77646823 1.72419203 1.68836897 1.64044662 1.58405049 1.51456436
 1.41142235 1.28951386 1.21625476 1.10968124 1.01770498 0.93806808
 0.8687125  0.85496218 0.81776013 0.78397237 0.73106192 0.71379843
 0.69976624 0.69796445]","[1.8292211  1.77059223 1.71607336 1.6532389  1.57867697 1.49361814
 1.39627996 1.29452602 1.19843176 1.09758409 1.00299322 0.9262434
 0.86825673 0.82344805 0.77756826 0.7552837  0.7027146  0.67945621
 0.66842427 0.67676695]",cosine_proximity_optimizers.Adamax-
