0.003141856350315114,"[1.61089114 1.62101308 1.62970283 1.6254337  1.61100834 1.59219208
 1.55818343 1.52372555 1.4924898  1.46233393 1.42660556 1.39227422
 1.35475688 1.31703337 1.27646846 1.23698778 1.19479731 1.14969312
 1.10646875 1.06798433 1.02958174 0.98666155 0.94753356 0.91574763
 0.88087198 0.85316568 0.83819677 0.83675488 0.86451933 0.92208859]","[1.60485079 1.57633689 1.56599363 1.55962595 1.5528069  1.54044251
 1.51443575 1.48748331 1.47932807 1.44907793 1.4117493  1.37533177
 1.33838046 1.29050676 1.2305237  1.18423618 1.1063299  1.06681935
 1.02932885 0.98569371 0.94665143 0.90188708 0.8734602  0.83868598
 0.81875527 0.77166197 0.75177281 0.76509542 0.79607479 0.85238486]","[1.41561509 1.33502384 1.27944358 1.23823695 1.20397091 1.17439478
 1.13358875 1.09485043 1.059319   1.01295929 0.95477907 0.90455335
 0.85537367 0.79808604 0.7300864  0.69261511 0.64125006 0.62686985
 0.66052327 0.71571607 0.7880899  0.8741437  0.97908778 1.06124328
 1.13742379 1.18515867 1.23993753 1.29909851 1.34928927 1.39343309]",0.008625083,0.0016801897,mean_squared_error_optimizers.Nadam-
0.0026599649091561635,"[1.53553872 1.53378818 1.53052706 1.52389954 1.51039325 1.49526647
 1.48000961 1.45083505 1.43421848 1.40635726 1.37633535 1.34500332
 1.31180204 1.27625072 1.24370104 1.20538115 1.17217481 1.13240015
 1.099985   1.0689913  1.02902231 0.99151037 0.95291151 0.92163385
 0.89179952 0.86397157 0.85276573 0.86253421 0.89111996 0.94669744]","[1.51677017 1.48048402 1.46139605 1.44895063 1.44043614 1.43207851
 1.41387619 1.39744248 1.40101594 1.37890947 1.34580678 1.31514228
 1.28494746 1.24760522 1.20061526 1.1629194  1.09642653 1.06699211
 1.03680412 0.99796099 0.96053689 0.91930884 0.88517299 0.85501311
 0.85124702 0.8183066  0.80808756 0.83022945 0.86023425 0.90894432]","[1.35872332 1.27955205 1.22212923 1.17927723 1.14746713 1.12545032
 1.09639828 1.07159269 1.0484691  1.00997031 0.95497834 0.90731724
 0.86189927 0.81327106 0.75376733 0.72417137 0.67888543 0.67739812
 0.71484847 0.76822477 0.83339505 0.9109802  1.00729085 1.08292901
 1.16103372 1.2096759  1.26104961 1.31830894 1.36434099 1.40479349]",0.009331665,0.0019404637,mean_squared_error_optimizers.Nadam-
0.0023416529980798562,"[1.29195867 1.24514624 1.20671355 1.17608222 1.13683412 1.10300665
 1.07247335 1.04617286 1.02328111 1.0034364  0.99102873 0.97501684
 0.95942242 0.9467146  0.93441588 0.91924915 0.91372143 0.90342681
 0.8957069  0.88812405 0.89250779 0.89765841 0.90668589 0.90960855
 0.91146956 0.9203656  0.93344708 0.95310852 0.98407711 1.02879641]","[1.26088144 1.18378554 1.13140359 1.09249119 1.06544441 1.04450026
 1.0198644  1.00165379 1.00688223 0.99073317 0.97116064 0.956927
 0.94336146 0.92284465 0.89596022 0.88294643 0.84149578 0.84466237
 0.84868188 0.8414591  0.83438603 0.8264436  0.83112477 0.83659042
 0.86311226 0.85490567 0.86439715 0.8920591  0.92722513 0.97228877]","[1.18813394 1.09200059 1.02221291 0.96808872 0.93010932 0.90439741
 0.87633802 0.85294979 0.84057245 0.81615165 0.78313646 0.75823075
 0.7343702  0.70679231 0.67106758 0.66069099 0.6312713  0.6452588
 0.68625764 0.73861193 0.800568   0.87546681 0.96708582 1.04125491
 1.11898254 1.16707852 1.21980425 1.27720834 1.3255542  1.36998965]",0.008878436,0.00224522,mean_squared_error_optimizers.Nadam-
0.004277466016976783,"[1.35686232 1.28408681 1.22859591 1.17514874 1.12213015 1.07256936
 1.03572497 1.00280978 0.96614332 0.93756666 0.92108308 0.90812971
 0.90209073 0.88507099 0.87214563 0.86117559 0.85288076 0.84350525
 0.83890669 0.84657173 0.86755211 0.88965579 0.90948656 0.93320656
 0.95928357 0.97884986 1.0043254  1.03391247 1.06912353 1.11349281]","[1.39894703 1.29631934 1.2260427  1.17106351 1.12664947 1.0770119
 1.02809771 0.99625925 0.99213587 0.97275245 0.94943201 0.93216794
 0.91961497 0.9012935  0.87510544 0.8632183  0.82532596 0.82217213
 0.82495802 0.82168882 0.8216581  0.82133654 0.83803019 0.85840826
 0.89748086 0.90019997 0.91803792 0.95302319 0.986146   1.02890525]","[1.33973002 1.23715393 1.13494217 1.05037318 0.97774385 0.91751814
 0.86633373 0.8247967  0.79211325 0.74986201 0.71174272 0.69601717
 0.68952943 0.6852474  0.67611216 0.68856576 0.67998973 0.70453941
 0.75132802 0.80226547 0.86021319 0.92827335 1.01068217 1.08323243
 1.16482033 1.21173183 1.26348664 1.32093629 1.36758339 1.4086898 ]",0.011604492,0.0058713243,mean_squared_error_optimizers.Nadam-
0.0017353272650701304,"[1.19355758 1.12546289 1.06852727 1.01246464 0.96549347 0.91257969
 0.86138561 0.82534676 0.79985738 0.7908252  0.78060545 0.7831597
 0.77953322 0.7728222  0.76865505 0.75774815 0.74409688 0.74029585
 0.7380595  0.74212383 0.76237381 0.78382593 0.79740708 0.81822583
 0.84360368 0.86411821 0.88957902 0.92407402 0.9582335  1.00423821]","[1.21489951 1.10732629 1.02843924 0.96020413 0.90618726 0.85854716
 0.81534361 0.78536762 0.78785369 0.77650051 0.76368992 0.7613578
 0.76202843 0.75384244 0.73381863 0.72758175 0.68873892 0.68551491
 0.69008123 0.68917319 0.6956191  0.70243333 0.73617636 0.76179553
 0.79990933 0.80368763 0.82298687 0.86020905 0.89713848 0.9426324 ]","[1.1768359  1.06402393 0.97380771 0.89215336 0.82947788 0.77878926
 0.7346403  0.69895956 0.68462469 0.66280369 0.63913405 0.63065139
 0.62542239 0.61516453 0.59519483 0.59495185 0.56889256 0.57870652
 0.61528317 0.66291992 0.72529675 0.80060647 0.89869799 0.9772294
 1.05866972 1.11089349 1.16786715 1.23082035 1.28246409 1.32911984]",0.009248174,0.005983184,mean_squared_error_optimizers.Nadam-
0.0014291271440063913,"[1.12153935 1.05020425 0.97417726 0.91393149 0.84821059 0.79746124
 0.75291321 0.71952695 0.6984397  0.69505492 0.71193985 0.73019063
 0.7441326  0.75391081 0.75927307 0.75699435 0.7522145  0.73861846
 0.73610033 0.73216308 0.73714564 0.76175118 0.77266247 0.78723531
 0.79752738 0.8158886  0.83108248 0.84944188 0.88662754 0.93948801]","[1.11821053 1.00520889 0.91628924 0.83466799 0.76902629 0.71716477
 0.67805672 0.65411109 0.66898742 0.678848   0.68816515 0.70842054
 0.72549617 0.73160572 0.72405469 0.72624598 0.68787214 0.6826075
 0.6799482  0.67160936 0.67461802 0.67764905 0.70974375 0.72677414
 0.75139029 0.74797417 0.760592   0.79417524 0.83064707 0.88217627]","[1.08578771 0.97061533 0.87563744 0.78612617 0.71664055 0.6629862
 0.6244537  0.60151108 0.60744742 0.61384808 0.61752499 0.62954415
 0.63676808 0.63335443 0.61662118 0.61077031 0.57323386 0.56643615
 0.58400751 0.61841942 0.67733877 0.75334401 0.85739562 0.93903961
 1.02107914 1.07729841 1.1376282  1.20435703 1.25912125 1.31044685]",0.00918467,0.006192434,mean_squared_error_optimizers.Nadam-
0.0012542326706461609,"[1.06031045 0.97788048 0.91164902 0.8478205  0.78322835 0.72916772
 0.6938806  0.6642957  0.6588335  0.67602349 0.70124949 0.72477399
 0.74178895 0.75881603 0.76422738 0.75841787 0.74478032 0.72680791
 0.71584268 0.70421454 0.7174405  0.7302733  0.74453803 0.75312793
 0.76533448 0.77642772 0.79581756 0.81561019 0.85216864 0.90704445]","[1.06320988 0.94460108 0.84853932 0.75982522 0.68947704 0.63469805
 0.5967228  0.583071   0.61228502 0.63768227 0.65662755 0.68198114
 0.70353646 0.71300889 0.70369273 0.70440431 0.65864695 0.64622485
 0.63691836 0.6224006  0.62140162 0.62452333 0.65790518 0.67467857
 0.70089503 0.70089311 0.71861574 0.75854096 0.79695195 0.85077881]","[1.03868478 0.91648852 0.81674095 0.72259822 0.64949486 0.59444652
 0.56000654 0.54986963 0.57390599 0.59916505 0.6151995  0.63258625
 0.64372767 0.64108781 0.61800382 0.60663129 0.55749122 0.53498342
 0.54383293 0.57426344 0.63492377 0.71711822 0.8281381  0.91283206
 0.99677449 1.05616564 1.11884172 1.18869772 1.24400933 1.2960089 ]",0.009082175,0.006278486,mean_squared_error_optimizers.Nadam-
0.0012096945135854184,"[1.0166174  0.93682727 0.85702254 0.79439852 0.72796566 0.67828863
 0.63755453 0.62261858 0.62990918 0.64949577 0.67258891 0.69581215
 0.72265769 0.73211008 0.7430381  0.74145052 0.73471006 0.7160129
 0.6964505  0.68117432 0.68154994 0.69104966 0.70605912 0.72299497
 0.73686383 0.75622103 0.77012948 0.79612073 0.8353298  0.88712137]","[1.01975784 0.89497489 0.7948927  0.70242767 0.63240118 0.58166518
 0.55173587 0.54836036 0.58624898 0.61822482 0.64126214 0.6720928
 0.6961759  0.70630824 0.70326522 0.70323016 0.66024534 0.63988934
 0.62428903 0.60381733 0.60042258 0.60534073 0.63578664 0.65408061
 0.68099033 0.68304245 0.70194553 0.74255908 0.78036365 0.83578299]","[1.00261175 0.87220499 0.76820602 0.67100852 0.59823112 0.54768172
 0.52204175 0.52527869 0.56142315 0.59535174 0.61591582 0.63707411
 0.64766593 0.64126411 0.62128218 0.6028286  0.54739576 0.51589993
 0.51610277 0.54389573 0.60784312 0.6934742  0.80195806 0.89027865
 0.97896901 1.04162305 1.1057789  1.17659867 1.23176956 1.28465657]",0.008918896,0.006328744,mean_squared_error_optimizers.Nadam-
0.0011166431010545541,"[0.99619611 0.91257841 0.83436736 0.76311512 0.70406479 0.65541794
 0.63035542 0.61450943 0.61894725 0.64144716 0.67446086 0.70597234
 0.72673345 0.74245987 0.75067973 0.74792849 0.73884102 0.7116106
 0.69143217 0.68189064 0.67987588 0.6892993  0.69900553 0.7052468
 0.71375527 0.72804016 0.74211782 0.76686365 0.80761477 0.86089463]","[0.98253254 0.85832211 0.7608583  0.66988341 0.60295863 0.55870172
 0.53659808 0.540751   0.58349546 0.61688398 0.64095935 0.66949293
 0.69458261 0.70567897 0.69576057 0.69776351 0.65117877 0.63315387
 0.6166914  0.59752387 0.59550035 0.60009978 0.63122464 0.64573293
 0.66987978 0.67277549 0.69147218 0.73210246 0.76967339 0.8248878 ]","[0.96780683 0.8359497  0.73233137 0.63526092 0.56546557 0.52228762
 0.50703895 0.51911631 0.5620689  0.59816798 0.61968634 0.6381539
 0.6476426  0.63901964 0.61144994 0.5917971  0.52906881 0.49343907
 0.49163106 0.52213446 0.59187853 0.68117869 0.7985178  0.8878566
 0.97504389 1.03950348 1.10435499 1.17549434 1.23051627 1.28314812]",0.008802144,0.006263182,mean_squared_error_optimizers.Nadam-
0.001044026795309037,"[0.94029278 0.85138277 0.77956027 0.71459554 0.65785685 0.62061286
 0.60268215 0.60222931 0.62218068 0.64162953 0.67431552 0.69931727
 0.71955449 0.73091797 0.73206664 0.73361651 0.72590464 0.71330087
 0.69261388 0.68178649 0.68050664 0.69092948 0.70164207 0.71491973
 0.72563487 0.73845476 0.75694797 0.77073296 0.79944991 0.85634118]","[0.96245941 0.83159451 0.7313886  0.64277189 0.58104117 0.54342064
 0.5274421  0.53889183 0.58408399 0.62379945 0.65103659 0.68125896
 0.70571109 0.71671636 0.70972582 0.71106512 0.66538085 0.64463723
 0.62655354 0.60453273 0.59676863 0.60107896 0.63233471 0.64737464
 0.67174878 0.67140565 0.68672686 0.72568341 0.76131042 0.81594984]","[0.94829766 0.81192358 0.70662687 0.61256352 0.54921692 0.51528764
 0.50828162 0.5287153  0.57453816 0.61753202 0.64552389 0.67125133
 0.68832479 0.68847076 0.67201139 0.66094399 0.60375631 0.57040461
 0.56247225 0.57844041 0.6292779  0.70837795 0.8228466  0.90843921
 0.99169468 1.05291689 1.11615078 1.18738502 1.24215232 1.29499837]",0.008926151,0.006518229,mean_squared_error_optimizers.Nadam-
0.0009501272489627203,"[0.92477962 0.82863465 0.73434934 0.6678659  0.61346054 0.58356099
 0.56852221 0.57005641 0.58301972 0.60097497 0.62744931 0.65358737
 0.67400016 0.6860123  0.68513166 0.68330556 0.66935142 0.64647245
 0.62622138 0.61476624 0.62151665 0.63095205 0.6450533  0.6589936
 0.66675901 0.6724234  0.68869322 0.7175881  0.7474551  0.79936756]","[0.92946048 0.79430975 0.69139096 0.6043616  0.54986018 0.52126879
 0.51487319 0.52948485 0.57292716 0.60372782 0.62253751 0.64830915
 0.67008379 0.68049186 0.6719847  0.67395398 0.63374009 0.6177995
 0.60154813 0.57981357 0.57093654 0.57052381 0.59606026 0.60660086
 0.62745095 0.62718889 0.64391247 0.68481983 0.72413043 0.78071605]","[0.91834005 0.77593068 0.66714209 0.57490367 0.51960682 0.49506527
 0.49579301 0.5173521  0.55974148 0.59203894 0.60871576 0.62568806
 0.63662867 0.63326979 0.61430827 0.59952019 0.54631309 0.51732208
 0.51153533 0.52879776 0.58387332 0.66430488 0.77984167 0.8660543
 0.95109923 1.01518559 1.08091393 1.15462519 1.21236483 1.26697858]",0.008588508,0.0064294715,mean_squared_error_optimizers.Nadam-
0.0009477246017971386,"[0.89327519 0.79818402 0.72656002 0.66275595 0.60608907 0.57147504
 0.56201506 0.57059541 0.59496795 0.615977   0.64128634 0.66716012
 0.68699925 0.70432392 0.70994408 0.70672575 0.69653331 0.68446879
 0.65956477 0.65641603 0.66038868 0.66435787 0.66865177 0.67362079
 0.67691661 0.67854427 0.69513359 0.71754823 0.75246706 0.80742687]","[0.90414419 0.76703976 0.66634393 0.58287164 0.5320817  0.50658446
 0.50185816 0.5171499  0.56129855 0.592862   0.61402136 0.6410405
 0.66368437 0.67501718 0.67046785 0.67401684 0.63631064 0.61841604
 0.60086093 0.58097317 0.5750061  0.57578703 0.60129775 0.61387475
 0.63477467 0.63272094 0.64800846 0.68698471 0.72408074 0.78111263]","[0.89132861 0.7480073  0.64163422 0.55252466 0.50132225 0.48011879
 0.48316522 0.50596059 0.54860012 0.58138824 0.60233939 0.62390053
 0.63987003 0.64036944 0.62873113 0.61836375 0.57373559 0.54670741
 0.53824003 0.55308036 0.6027521  0.67864713 0.79121152 0.87715967
 0.96016961 1.02318158 1.08933015 1.16287609 1.2197615  1.27506046]",0.008808427,0.0067103133,mean_squared_error_optimizers.Nadam-
0.0009464139690777908,"[0.87135647 0.77529269 0.70074525 0.63958573 0.58851408 0.56226456
 0.54667988 0.55609218 0.5706654  0.58868454 0.61597554 0.64161803
 0.65969013 0.67978662 0.68840869 0.68492779 0.6749714  0.65960027
 0.65029202 0.63657864 0.63340375 0.63334836 0.63705919 0.63955289
 0.64755815 0.64728719 0.66296685 0.67947324 0.71449456 0.76979068]","[0.8925823  0.75213015 0.6540531  0.5761794  0.53272346 0.51404559
 0.51523872 0.53130652 0.57337285 0.60559932 0.62630647 0.65279432
 0.67723184 0.69256045 0.68940685 0.69514202 0.65745983 0.64006169
 0.62298068 0.60207479 0.59091104 0.58793206 0.61271114 0.61947568
 0.63097451 0.62175022 0.63077661 0.66770372 0.70512016 0.76148795]","[0.87477321 0.73031218 0.62822148 0.54623077 0.5030172  0.48712508
 0.4932261  0.51454378 0.55422555 0.58455189 0.6034484  0.62308429
 0.6413357  0.64840203 0.6422585  0.64235794 0.59936973 0.57540074
 0.56834758 0.57802003 0.62017182 0.69136463 0.80213994 0.88370839
 0.96153855 1.02296627 1.08854694 1.16302525 1.22187764 1.27767591]",0.009385172,0.0072466307,mean_squared_error_optimizers.Nadam-
0.0008732087623793632,"[0.83413896 0.73061642 0.64690462 0.57689462 0.54385333 0.53181663
 0.53332683 0.54057348 0.54733442 0.56621903 0.59227282 0.61046595
 0.62371084 0.641302   0.6420007  0.63796361 0.62855057 0.60919918
 0.59541049 0.58459622 0.59123561 0.59996297 0.60972627 0.61974869
 0.62518057 0.63545956 0.64965877 0.66886357 0.70037276 0.75205495]","[0.86617426 0.72295541 0.62174085 0.54539643 0.50747602 0.49678993
 0.50675053 0.52620712 0.56839781 0.59543654 0.61137904 0.63439489
 0.65517444 0.66617549 0.6697387  0.67811114 0.65054883 0.63495383
 0.62038522 0.60082782 0.59102895 0.59014427 0.6124941  0.62262837
 0.63594987 0.629521   0.63916182 0.67225902 0.70747675 0.76292588]","[0.85292924 0.70777379 0.60349891 0.52343499 0.48653599 0.47775282
 0.49057157 0.51186457 0.55089253 0.57575713 0.59309048 0.61457235
 0.63414269 0.64269267 0.64642558 0.65050941 0.61591267 0.59272174
 0.58307836 0.58776589 0.62433704 0.69211635 0.80088713 0.88458732
 0.96423831 1.02698849 1.0928227  1.16574874 1.22284836 1.27785175]",0.008586789,0.0069188466,mean_squared_error_optimizers.Nadam-
0.0008686394835822284,"[0.83400294 0.72451658 0.6442275  0.59060678 0.56041425 0.54710236
 0.55082467 0.56066314 0.57308481 0.58643461 0.60089671 0.61797183
 0.63625489 0.64631387 0.64651336 0.64082278 0.63214456 0.61692369
 0.60567138 0.59641619 0.60363393 0.60530686 0.6147066  0.61765264
 0.62335896 0.63395759 0.64554051 0.66018623 0.69769452 0.74836779]","[0.83632294 0.69178274 0.59179006 0.5176883  0.48467026 0.4787418
 0.49150633 0.51017309 0.5511274  0.574898   0.58740625 0.61090306
 0.63255201 0.64538814 0.64513913 0.65654854 0.62299515 0.6061155
 0.58911704 0.56753859 0.55429196 0.55059565 0.58124095 0.59173909
 0.60441072 0.59729077 0.60502631 0.63720696 0.67167672 0.72637352]","[0.82213337 0.67406191 0.57052146 0.49373687 0.46296391 0.46204789
 0.47790523 0.49838021 0.53411323 0.55637638 0.57299601 0.5980652
 0.62409098 0.64067427 0.64998479 0.66316463 0.63311222 0.61515059
 0.60654421 0.60861091 0.63557568 0.69228072 0.79902973 0.87753234
 0.95434138 1.01782485 1.08364088 1.15736367 1.21659334 1.27222167]",0.008836171,0.0074107577,mean_squared_error_optimizers.Nadam-
0.0008227344871653865,"[0.82096529 0.70274911 0.62170969 0.56772176 0.54529489 0.54785079
 0.54905486 0.55881276 0.56335913 0.56705539 0.59715494 0.62477679
 0.64469867 0.65054237 0.65217373 0.65641212 0.65286652 0.64796135
 0.64533631 0.64428336 0.64683888 0.65565057 0.66056871 0.67592663
 0.68223709 0.68817884 0.69681878 0.70923644 0.74050233 0.78625609]","[0.81662413 0.67267765 0.57483796 0.50572164 0.47933158 0.48075784
 0.49441994 0.51121669 0.54712678 0.56965573 0.58076894 0.60039969
 0.61927326 0.63202084 0.63193614 0.64535021 0.61870354 0.60810282
 0.59711555 0.58054368 0.57213189 0.57323081 0.59913541 0.61082392
 0.62537854 0.61728839 0.62696933 0.6601393  0.69435157 0.7492448 ]","[0.80367436 0.65869352 0.55924987 0.48877403 0.4642013  0.4666705
 0.47857415 0.49131092 0.5188767  0.53731386 0.55330929 0.57811265
 0.60426858 0.62418905 0.63696738 0.65167646 0.62481979 0.60479901
 0.59345942 0.59153958 0.6201793  0.68610664 0.79956755 0.8846574
 0.96648117 1.03309169 1.10221524 1.17763268 1.23641016 1.29196561]",0.0088355355,0.007761631,mean_squared_error_optimizers.Nadam-
0.0007428796631284058,"[0.7923208  0.68445118 0.60883852 0.55695171 0.5308375  0.53116922
 0.54378989 0.55518952 0.56612774 0.5745746  0.59447679 0.60524109
 0.61717129 0.62698853 0.64370864 0.63749111 0.63923404 0.63084769
 0.62582706 0.62262647 0.62485845 0.63081172 0.63636652 0.64188783
 0.64563201 0.65091694 0.65927442 0.67661502 0.70616842 0.75922686]","[0.80152856 0.65816944 0.56396847 0.50195184 0.48361833 0.49134338
 0.50986342 0.52320471 0.55633009 0.57275809 0.58032146 0.60044288
 0.6207736  0.63581862 0.6317967  0.64449693 0.61384108 0.59942451
 0.5842284  0.56429988 0.55394344 0.55341771 0.5757873  0.58674271
 0.60558753 0.59879681 0.60912959 0.6442407  0.68178859 0.73948755]","[0.79019418 0.64477305 0.54990236 0.48823251 0.47163723 0.4803643
 0.49554547 0.50475404 0.52677934 0.53722225 0.54696736 0.56852435
 0.59289716 0.61214843 0.61779128 0.6321663  0.60293641 0.57535946
 0.5562086  0.55321623 0.58426385 0.6549092  0.7742838  0.86337822
 0.94779136 1.01826226 1.08881341 1.1650477  1.22511176 1.28124465]",0.008688389,0.0075766873,mean_squared_error_optimizers.Nadam-
0.0007386217804159969,"[0.78325027 0.67209492 0.59443591 0.55012094 0.52080249 0.5225859
 0.5295685  0.52872414 0.53542933 0.54033081 0.55875914 0.57501914
 0.58464563 0.59700138 0.60084312 0.59657468 0.59476731 0.58894081
 0.5752234  0.56789299 0.57915317 0.58667899 0.59435113 0.59840122
 0.6072559  0.60884079 0.60766544 0.61869896 0.65267564 0.7029684 ]","[0.76258023 0.62455307 0.53597901 0.48079148 0.47051063 0.48125826
 0.49544855 0.50501044 0.5342808  0.55067635 0.55823983 0.5787203
 0.60029406 0.61604435 0.62152301 0.63156551 0.59918715 0.58415918
 0.56829295 0.54590348 0.53225526 0.52436902 0.54938114 0.55611239
 0.56847088 0.55895631 0.56805627 0.59921729 0.63420035 0.69112115]","[0.74927549 0.60833353 0.51784813 0.46344375 0.45788732 0.47213128
 0.4842191  0.4904734  0.50829873 0.51871358 0.53012069 0.55460618
 0.58226222 0.60544975 0.62545385 0.64440038 0.62119339 0.60215309
 0.5848372  0.57661611 0.6005068  0.66062221 0.77422631 0.86243813
 0.94455877 1.01339755 1.0848027  1.16143098 1.22206051 1.27861577]",0.008900231,0.008077086,mean_squared_error_optimizers.Nadam-
0.0007184472229952613,"[0.76685289 0.64330414 0.5686148  0.53206351 0.52955056 0.54126768
 0.55061434 0.55171498 0.56368533 0.56983187 0.59006895 0.60302818
 0.62613026 0.63272371 0.64250457 0.65136295 0.64408277 0.63643571
 0.62700219 0.62602201 0.62795908 0.63594082 0.64363877 0.63983548
 0.64139169 0.64514076 0.65098295 0.66404453 0.69479114 0.75092522]","[0.76520724 0.63183718 0.54861031 0.50340925 0.50240839 0.51878479
 0.538038   0.55430698 0.58952001 0.61005156 0.62202435 0.64357827
 0.6654086  0.68290326 0.6875892  0.70302994 0.67392494 0.66221401
 0.64838223 0.63001252 0.62148557 0.61786943 0.63961989 0.64385013
 0.65468259 0.64332361 0.64662074 0.67122069 0.70356374 0.75917272]","[0.75306766 0.61871139 0.53493598 0.49095994 0.4941047  0.51301663
 0.53124835 0.54566244 0.5736322  0.58883621 0.60288694 0.62766921
 0.65281301 0.67432136 0.69241855 0.7122589  0.68850686 0.67119951
 0.65432948 0.64560974 0.665405   0.7176695  0.82695113 0.90997147
 0.9905021  1.06042964 1.13041463 1.20513063 1.26499408 1.32337513]",0.008711373,0.008054541,mean_squared_error_optimizers.Nadam-
0.0006973942246598502,"[0.73863515 0.615008   0.54054636 0.49874773 0.5021973  0.5226479
 0.53196475 0.53488066 0.52772219 0.52472427 0.54064553 0.56043619
 0.57363616 0.58537079 0.59354855 0.59925084 0.59179566 0.58593117
 0.57025686 0.55377101 0.55719709 0.56707737 0.57426433 0.57519635
 0.58110969 0.59081231 0.59613066 0.606245   0.63920548 0.69221178]","[0.72996738 0.58901323 0.49765664 0.44858356 0.44872979 0.46707817
 0.49021212 0.5061942  0.5385741  0.5489532  0.55656492 0.57399322
 0.59534189 0.60982132 0.6134813  0.62288822 0.58828597 0.56939508
 0.55051676 0.52992581 0.52171519 0.52205312 0.555325   0.56707305
 0.58100134 0.57408913 0.58607553 0.61942954 0.65536677 0.71382115]","[0.72156037 0.57999299 0.48791783 0.4390542  0.44164014 0.45990085
 0.47920621 0.49106081 0.51232338 0.51503954 0.52526511 0.54970349
 0.57897671 0.6011782  0.61990529 0.63487419 0.60653582 0.58006103
 0.55817051 0.55264006 0.58461666 0.65560742 0.78061115 0.87279352
 0.95639892 1.02885436 1.10258335 1.18119713 1.24257641 1.30124811]",0.008463736,0.008059744,mean_squared_error_optimizers.Nadam-
0.0006512937301304192,"[0.73103998 0.61257361 0.53017122 0.48809065 0.4824546  0.49175532
 0.50494151 0.51593335 0.51152714 0.52117176 0.53318349 0.55215311
 0.56542838 0.57689157 0.57914942 0.58320337 0.58204559 0.56886182
 0.55643057 0.54573867 0.54923124 0.55111935 0.56183989 0.56248306
 0.56857748 0.56666277 0.569808   0.58564104 0.60782055 0.66433693]","[0.71638463 0.57845314 0.48840588 0.44083637 0.44359229 0.4602327
 0.47763309 0.48789172 0.51868145 0.53179074 0.54212004 0.55829693
 0.57714873 0.59107925 0.58636911 0.59800137 0.56389559 0.54927664
 0.53266078 0.51557477 0.50645344 0.50681351 0.52969165 0.53762269
 0.55412684 0.54376439 0.54525231 0.56625735 0.59474677 0.64959274]","[0.70720492 0.56844017 0.47752482 0.43071626 0.43563973 0.45173341
 0.46525996 0.47173761 0.49449182 0.50333444 0.52044989 0.54799613
 0.5778332  0.60040288 0.61505524 0.6376933  0.6157936  0.59996752
 0.58559027 0.58277018 0.60619712 0.66402944 0.77412449 0.85710972
 0.94018445 1.01072831 1.08164855 1.15771827 1.21801936 1.27607567]",0.008700407,0.008434965,mean_squared_error_optimizers.Nadam-
0.000644946503918618,"[0.71975592 0.60063697 0.52294747 0.48567333 0.48456611 0.50095332
 0.51675575 0.5166257  0.50709755 0.51410078 0.52618968 0.54126752
 0.55589912 0.56332777 0.5756285  0.58457405 0.58184242 0.57138861
 0.56003773 0.55571584 0.55897521 0.55442137 0.55896653 0.56042896
 0.56761732 0.56944844 0.57419976 0.58581662 0.60470268 0.65965404]","[0.68159743 0.54921313 0.4607056  0.42287532 0.42913602 0.44773564
 0.46715998 0.47470041 0.5022632  0.51064279 0.51613878 0.53429485
 0.55992675 0.58215752 0.59125109 0.61472977 0.58584069 0.57695609
 0.56204802 0.54013607 0.52369386 0.51449918 0.53034151 0.53226438
 0.54338515 0.53014822 0.53472872 0.56002466 0.59423111 0.65555767]","[0.67256163 0.53882711 0.44948298 0.41095729 0.42012794 0.43953442
 0.45701456 0.45988269 0.47989165 0.48529962 0.49761708 0.52550145
 0.56134238 0.5925222  0.62349199 0.65412429 0.64115805 0.63472364
 0.62526265 0.61672894 0.62903346 0.67515805 0.77950422 0.85925797
 0.93766957 1.00765541 1.08119622 1.16102232 1.22448819 1.28606609]",0.008685742,0.008564301,mean_squared_error_optimizers.Nadam-
0.004193320829498892,"[1.23556654 1.18449735 1.13768323 1.0782135  1.02617434 0.97017622
 0.9247964  0.88261809 0.85302499 0.82969767 0.8240759  0.81762482
 0.80553382 0.80245976 0.80375382 0.80140894 0.80740948 0.81754822
 0.82597587 0.84744193 0.88072373 0.91137101 0.93490803 0.96666389
 0.99532817 1.02752029 1.05950401 1.09168742 1.12390647 1.15985172]","[1.2417279  1.15901596 1.08839512 1.0224482  0.97090328 0.92994055
 0.88630445 0.85103079 0.83676539 0.82143978 0.80275114 0.80254617
 0.8031653  0.79914508 0.78972425 0.80276922 0.78515538 0.79631926
 0.81782487 0.82861995 0.83946337 0.85418216 0.89148888 0.92283685
 0.96430321 0.97499023 0.99708169 1.03075239 1.06597206 1.10178327]","[1.18431518 1.09466697 1.01475124 0.93823315 0.87222443 0.82248765
 0.77144188 0.73134558 0.70740469 0.68506228 0.660905   0.66267017
 0.67008621 0.67656981 0.67948847 0.70819065 0.70424309 0.73234139
 0.77854938 0.82636346 0.87730476 0.93808994 1.0341112  1.10246612
 1.16902902 1.21154264 1.25796656 1.30899577 1.35286377 1.3889999 ]",0.011738304,0.010793093,mean_squared_error_optimizers.Nadam-
0.001371201335142056,"[0.99932247 0.91107017 0.83928041 0.77328158 0.70988854 0.65759175
 0.62235172 0.59680106 0.58458227 0.59684324 0.62912891 0.65740583
 0.68059971 0.692987   0.71130658 0.71325978 0.71731097 0.70216459
 0.69327254 0.68798555 0.69249515 0.70209382 0.70945358 0.71465113
 0.72699324 0.73564494 0.74759214 0.77232079 0.80895375 0.85957182]","[1.01896146 0.91574053 0.82819898 0.74638204 0.68530259 0.63824684
 0.60468321 0.58793604 0.60535702 0.61659148 0.63096686 0.66420521
 0.69528423 0.71238836 0.71307768 0.7192248  0.68461815 0.67183491
 0.66200393 0.65647717 0.65934125 0.65989127 0.68637528 0.69980587
 0.71193808 0.70282314 0.71073364 0.74511387 0.7815695  0.83393479]","[1.01327276 0.90750829 0.81638714 0.72829692 0.65927748 0.60680803
 0.56971944 0.55378686 0.56565689 0.57140334 0.5881441  0.62064919
 0.6504979  0.65521475 0.64510054 0.64388501 0.61116192 0.58569617
 0.56639603 0.57769457 0.63225545 0.70609166 0.82452074 0.91166253
 0.99576294 1.05902631 1.12435244 1.19778109 1.25591512 1.31159638]",0.007442649,0.008286635,mean_squared_error_optimizers.Nadam-
0.0008796487083503355,"[0.88126459 0.79196893 0.71038261 0.63605025 0.58453663 0.55751824
 0.5487068  0.53025314 0.5226865  0.53451762 0.55669914 0.57967038
 0.60378135 0.61604555 0.61096854 0.61047839 0.60755681 0.60400924
 0.58305854 0.58413745 0.58877874 0.6046612  0.62729264 0.63768569
 0.64214119 0.64408847 0.65395342 0.67201758 0.70536527 0.76458502]","[0.87091916 0.75362208 0.65771806 0.57705141 0.53231409 0.50863365
 0.49763834 0.49172418 0.51591761 0.53247907 0.5545518  0.58906153
 0.61750253 0.63409912 0.63184958 0.63484726 0.59461818 0.5766502
 0.56187061 0.54420638 0.54078198 0.548547   0.58149422 0.59470914
 0.60809839 0.59910753 0.60641906 0.63921412 0.6727051  0.72814817]","[0.86462367 0.74616681 0.64862722 0.56293159 0.51237055 0.48698121
 0.4765089  0.47438856 0.49367443 0.50582805 0.52948246 0.56278756
 0.59239739 0.60768036 0.61112099 0.61141723 0.57101447 0.54251941
 0.52279813 0.51960834 0.55854074 0.63277399 0.75875851 0.85077184
 0.93742395 1.0100845  1.08369311 1.16256577 1.2217349  1.27828106]",0.007221758,0.007992439,mean_squared_error_optimizers.Nadam-
0.0006965395720520367,"[0.7789654  0.67603259 0.59438562 0.53428574 0.50826583 0.4991386
 0.49631439 0.48887384 0.48582971 0.48373951 0.50698869 0.53101273
 0.563466   0.56849498 0.57554768 0.57525331 0.56509471 0.55331088
 0.54289011 0.54473958 0.55305989 0.56254422 0.57949785 0.59283567
 0.58843777 0.59289707 0.59735422 0.62023133 0.65850625 0.7177692 ]","[0.79105213 0.66521235 0.56684107 0.49559305 0.46847202 0.46352157
 0.46642559 0.4638334  0.49237727 0.51046087 0.52860437 0.56014452
 0.58807893 0.60627216 0.60183628 0.60539278 0.56370689 0.54533702
 0.52707093 0.51287254 0.51295293 0.52442997 0.55396902 0.56558038
 0.58204128 0.57310426 0.57885444 0.61060477 0.64494512 0.70505315]","[0.78467197 0.65956181 0.56123733 0.48515958 0.45382799 0.44781511
 0.44867576 0.44545697 0.46460217 0.47475434 0.49476299 0.5242853
 0.55105935 0.56706008 0.57396605 0.57667272 0.53437548 0.50799071
 0.48987799 0.49196967 0.53520104 0.61533201 0.74525994 0.83974847
 0.92767698 1.0035005  1.07894745 1.15943197 1.22194226 1.28166842]",0.0070237373,0.007653536,mean_squared_error_optimizers.Nadam-
0.0006083452460976938,"[0.71774783 0.61446269 0.52901777 0.4763442  0.46283513 0.46253082
 0.4642418  0.46381423 0.45616929 0.46447609 0.48337714 0.50793132
 0.52490779 0.53311677 0.53894335 0.53485294 0.52678375 0.51459895
 0.4982183  0.48593948 0.49763505 0.50790768 0.5176851  0.52463178
 0.53484608 0.5453428  0.55141227 0.56264114 0.59214686 0.65305875]","[0.73376737 0.60717526 0.51333302 0.45682761 0.44514235 0.44960052
 0.45397803 0.45136409 0.47551501 0.49017126 0.50231215 0.52500308
 0.54777528 0.56426752 0.56727917 0.57882971 0.54361717 0.53017794
 0.51518448 0.49381152 0.48501578 0.4870507  0.51445381 0.52573989
 0.54025058 0.53136245 0.53626876 0.56554816 0.59938983 0.65717709]","[0.724754   0.59830398 0.50487744 0.44487726 0.43177544 0.43594229
 0.43841979 0.43416569 0.44910408 0.45776145 0.47565794 0.50388292
 0.53483944 0.55708993 0.57828581 0.59561772 0.57078262 0.55211312
 0.53711465 0.53052007 0.55849131 0.62223029 0.74212373 0.83185374
 0.91857039 0.99334889 1.06909788 1.1512167  1.21510643 1.27557733]",0.0072669424,0.007947568,mean_squared_error_optimizers.Nadam-
0.0005803044042550028,"[0.71780356 0.60126121 0.51983097 0.48596847 0.47613858 0.47532953
 0.48288328 0.47525363 0.47657566 0.46975471 0.48444466 0.51000195
 0.53790074 0.54924558 0.55794313 0.55405184 0.54160082 0.53291412
 0.52370963 0.51441307 0.52123242 0.54058402 0.54232828 0.55255509
 0.55775625 0.56000182 0.56464448 0.57713814 0.61020277 0.66948469]","[0.7072792  0.57861628 0.4835538  0.43231456 0.42833523 0.43950623
 0.45080195 0.44777917 0.47536236 0.48626375 0.50195114 0.52700253
 0.55336001 0.57376117 0.57203892 0.58256378 0.54530198 0.52855841
 0.51212582 0.49323678 0.48629907 0.49141624 0.5121069  0.52244636
 0.54374253 0.53457597 0.53934972 0.56830948 0.60076557 0.6616862 ]","[0.70022656 0.57233118 0.47777553 0.42416475 0.41835272 0.4297909
 0.43966731 0.43359104 0.44753289 0.44825301 0.46461168 0.49227361
 0.5237026  0.54693136 0.56175524 0.57554134 0.54478397 0.52553201
 0.5108119  0.50889835 0.54295766 0.61447314 0.73678783 0.82779981
 0.91621377 0.99022728 1.06503882 1.1458042  1.20890648 1.27056849]",0.0074242773,0.00811616,mean_squared_error_optimizers.Nadam-
0.0005595391634851694,"[0.67670936 0.55716374 0.46627692 0.4354279  0.42884772 0.44486209
 0.45087202 0.44515817 0.44265613 0.44761784 0.46577738 0.49273798
 0.49945005 0.51055961 0.51784851 0.52433391 0.51895646 0.50490608
 0.49180292 0.49454295 0.50205654 0.51131441 0.52251719 0.52865222
 0.52638609 0.53159625 0.53672519 0.54799117 0.57805092 0.64123061]","[0.67443261 0.54399874 0.45124214 0.40755628 0.4123497  0.43080378
 0.44338556 0.44061325 0.46672109 0.47676663 0.4893679  0.50877416
 0.53055954 0.54621522 0.54834893 0.55695826 0.51845271 0.50283817
 0.4848518  0.46274723 0.45385513 0.45781481 0.48884511 0.50216656
 0.52185083 0.51282048 0.5165361  0.54307676 0.57680259 0.63908815]","[0.66425972 0.53356864 0.44126565 0.39590738 0.40032932 0.42049894
 0.43289287 0.42698611 0.44244249 0.44376153 0.45705963 0.47931443
 0.50438731 0.5212745  0.53706281 0.54969672 0.51841822 0.49682062
 0.47876874 0.47669701 0.51388654 0.59023987 0.71833202 0.81512855
 0.90754397 0.98452525 1.06028602 1.14173214 1.20613879 1.26862357]",0.007607821,0.008408795,mean_squared_error_optimizers.Nadam-
0.0005207626041956245,"[0.63989479 0.52746727 0.4483555  0.41555638 0.41885631 0.43431402
 0.43883245 0.4397353  0.43536452 0.43986481 0.45308095 0.46915503
 0.4815648  0.49301551 0.50291841 0.50530404 0.50273081 0.49500158
 0.49111248 0.48514681 0.48895508 0.49392928 0.50517148 0.51961007
 0.52231714 0.5245537  0.52860251 0.54104968 0.57013285 0.62815752]","[0.66608257 0.53539616 0.44082366 0.39764356 0.40097978 0.41756184
 0.43087756 0.43358392 0.46216063 0.47034685 0.48076834 0.49903965
 0.5185909  0.53235669 0.53285839 0.54425781 0.50597846 0.49185218
 0.4742219  0.45705401 0.45675472 0.46775838 0.50252082 0.52040905
 0.54014831 0.53006774 0.53105633 0.55428179 0.58650008 0.64635695]","[0.656228   0.52514905 0.43111699 0.38782438 0.39090836 0.40640687
 0.41783781 0.41567779 0.43424139 0.43663233 0.44965251 0.47457072
 0.49990083 0.5162272  0.52924412 0.53991263 0.5051905  0.48099988
 0.46148561 0.4588707  0.50054492 0.58171225 0.71460739 0.81751168
 0.91273797 0.99117154 1.06796118 1.14910025 1.21246945 1.27342011]",0.007248748,0.007959745,mean_squared_error_optimizers.Nadam-
0.0005110839148595309,"[0.64295709 0.53835614 0.46415918 0.42384587 0.42814713 0.44080152
 0.45462268 0.4621694  0.44278188 0.4428309  0.46645572 0.48546924
 0.49715711 0.51652894 0.52199712 0.51871566 0.51149863 0.49394426
 0.48303262 0.47965228 0.48417163 0.49310002 0.50387004 0.50408831
 0.51065953 0.5208559  0.52889927 0.54547157 0.57436571 0.62811858]","[0.65048509 0.52317598 0.43951036 0.40844125 0.41843905 0.43707832
 0.45150519 0.45039195 0.46713098 0.4702022  0.47901286 0.49761003
 0.51969049 0.53418719 0.5384374  0.55496435 0.52074455 0.50351937
 0.48197683 0.46239776 0.45721949 0.45979414 0.4920101  0.50058576
 0.51931653 0.51556976 0.52337088 0.5504405  0.57980059 0.63472355]","[0.64319271 0.51655041 0.43344446 0.40104654 0.41078522 0.42915361
 0.44081408 0.43304854 0.43761471 0.43471058 0.44788842 0.47635076
 0.50922887 0.53321085 0.55873194 0.5824011  0.55993988 0.5390317
 0.52194074 0.51960266 0.55205632 0.6194779  0.74038687 0.83038871
 0.91586666 0.99040566 1.06611563 1.14764438 1.21086134 1.27246163]",0.0076710014,0.008555721,mean_squared_error_optimizers.Nadam-
0.0005079562936831886,"[0.64564464 0.52457048 0.44640443 0.4256652  0.4319721  0.4444731
 0.45711483 0.45914775 0.45489171 0.44964222 0.46212029 0.48140057
 0.49898818 0.51825829 0.523637   0.5227647  0.51566374 0.50579931
 0.49110891 0.47774992 0.48522182 0.49865858 0.51498575 0.53180879
 0.53251631 0.5265554  0.52683572 0.53519051 0.55745387 0.61880883]","[0.64279588 0.51300014 0.42881248 0.39890998 0.4115189  0.43117209
 0.44548675 0.44880987 0.47550404 0.47993121 0.4857023  0.49851671
 0.5209267  0.54459957 0.5490169  0.56482111 0.52838434 0.50611709
 0.48273801 0.46417088 0.46188204 0.46840371 0.4956955  0.50288661
 0.52144973 0.51459463 0.5178656  0.54092443 0.56964725 0.62963071]","[0.63278456 0.50336034 0.41991143 0.3889057  0.40094407 0.42085666
 0.43564622 0.43539823 0.45113104 0.44980157 0.45676772 0.47340834
 0.49926591 0.52095389 0.53189692 0.54228744 0.50473    0.47575247
 0.44875548 0.44456778 0.49051714 0.57593987 0.70944375 0.81082464
 0.9071766  0.98702868 1.06727399 1.15232312 1.21765457 1.2815675 ]",0.0076482734,0.008539597,mean_squared_error_optimizers.Nadam-
0.0005177242272378256,"[0.62077251 0.51124589 0.44665677 0.41207586 0.42254936 0.43288838
 0.43984652 0.44757259 0.44175697 0.43352208 0.45174239 0.46890183
 0.49145633 0.50765958 0.52243493 0.52327063 0.51065375 0.50397655
 0.49525153 0.49211899 0.50299468 0.51425392 0.53167273 0.5318421
 0.53569883 0.52915693 0.5223278  0.53330376 0.55453127 0.61257206]","[0.63719224 0.50510502 0.42002597 0.38652995 0.40221633 0.42740791
 0.44162438 0.44024376 0.46104833 0.46834161 0.48042587 0.49603713
 0.51298863 0.52667312 0.5294227  0.54435911 0.51269958 0.49926565
 0.48311177 0.4648052  0.46114364 0.46763676 0.49874389 0.50482391
 0.51441292 0.50218726 0.50350704 0.52551124 0.55096468 0.60552873]","[0.62960412 0.49975061 0.41671653 0.38243592 0.3965363  0.42072132
 0.43429416 0.43029355 0.44440997 0.45117082 0.46407108 0.48341692
 0.50383765 0.51781573 0.53023899 0.54482685 0.5142207  0.49529637
 0.48017113 0.47991189 0.52034041 0.59933086 0.7265888  0.82140155
 0.91003085 0.98403363 1.05921044 1.13983082 1.20307938 1.26429381]",0.007861031,0.008765555,mean_squared_error_optimizers.Nadam-
0.0004966361968157192,"[0.63461069 0.51325923 0.44579821 0.42393612 0.43121841 0.45292125
 0.45993915 0.46003407 0.46537487 0.46668503 0.47450838 0.48079378
 0.49927226 0.51315986 0.51179049 0.51564476 0.5061346  0.49181259
 0.48231563 0.47179431 0.49081393 0.50505251 0.52595689 0.53958912
 0.54322154 0.54325334 0.54365861 0.55585768 0.58348396 0.63841299]","[0.62572396 0.49181674 0.40657385 0.37702754 0.39486267 0.4207805
 0.43825648 0.43769786 0.46181826 0.47189517 0.48227946 0.49893262
 0.52190724 0.5434153  0.53339789 0.54862777 0.50903969 0.48974207
 0.47040734 0.45231171 0.45408369 0.46911624 0.49864361 0.51626011
 0.54417536 0.54288236 0.54863774 0.56987697 0.59387538 0.64663816]","[0.61511023 0.48305474 0.3994117  0.36936678 0.38600175 0.40964386
 0.4264338  0.42297651 0.43816171 0.44092433 0.44765631 0.46530798
 0.48805995 0.50451038 0.50639543 0.52007273 0.4818631  0.45606347
 0.43639226 0.43678578 0.48878737 0.58294488 0.71996909 0.82812972
 0.9302538  1.01318856 1.09542118 1.18317517 1.25047538 1.31454196]",0.0075808587,0.008520761,mean_squared_error_optimizers.Nadam-
0.0004897205803232888,"[0.62923289 0.50820664 0.43402818 0.42602131 0.43707254 0.45505043
 0.46428716 0.45804918 0.44453624 0.43836461 0.45704311 0.48474573
 0.49278983 0.50668098 0.51125376 0.51823047 0.51074698 0.49666618
 0.48163463 0.47048594 0.47406957 0.48218382 0.49297228 0.49682011
 0.50026735 0.50012007 0.50090828 0.50941482 0.53772963 0.59229859]","[0.61495454 0.48300726 0.39903945 0.37242044 0.38783709 0.41216234
 0.42856717 0.42736318 0.44711508 0.45126085 0.46297087 0.48359003
 0.50775182 0.5266774  0.52072648 0.54008756 0.50075921 0.4788425
 0.45923733 0.44243701 0.44020098 0.44891685 0.46771633 0.47963846
 0.49709678 0.48785704 0.48896221 0.51033225 0.53845722 0.59621987]","[0.60708621 0.47617197 0.39367491 0.36761383 0.38264166 0.40639697
 0.42075882 0.41520703 0.42494634 0.42307584 0.43340008 0.45964712
 0.49171775 0.51361975 0.52692177 0.54404198 0.50930766 0.48456128
 0.46565943 0.46586409 0.50800241 0.58613214 0.70720622 0.80428486
 0.89731746 0.97467344 1.05255039 1.13748588 1.20289071 1.26674795]",0.0074480297,0.00853012,mean_squared_error_optimizers.Nadam-
0.00048456850387932113,"[0.61173502 0.49345469 0.42911713 0.40904198 0.41295997 0.42667464
 0.43949407 0.43572866 0.4263654  0.43727828 0.45573368 0.47513086
 0.49190006 0.49957639 0.50388717 0.50654499 0.50008191 0.49098861
 0.47323359 0.46076422 0.4616366  0.48056724 0.48509069 0.48738951
 0.49119416 0.49202728 0.48749516 0.49417328 0.52103778 0.57905466]","[0.60411288 0.47580485 0.40174556 0.37768708 0.39835159 0.426219
 0.44223444 0.4441881  0.46684238 0.47265142 0.48205652 0.50239526
 0.52705487 0.54275558 0.53924532 0.54899374 0.51143875 0.49300878
 0.47278751 0.4539359  0.45051681 0.45920594 0.48231284 0.49199503
 0.50657875 0.49340968 0.4885387  0.50289022 0.52293422 0.57665965]","[0.59413424 0.46531126 0.39174934 0.36779095 0.38809915 0.41485796
 0.4286706  0.42728252 0.44290994 0.44563557 0.45427771 0.47770827
 0.50473829 0.52143836 0.53269861 0.54431403 0.5101366  0.49106341
 0.47384676 0.47197548 0.51087014 0.58781479 0.7123449  0.81221779
 0.90881482 0.98565854 1.06237758 1.14522617 1.21053168 1.27445374]",0.007351652,0.008319114,mean_squared_error_optimizers.Nadam-
0.00048407019422544786,"[0.64604603 0.51668587 0.45375999 0.43065262 0.43959731 0.4558954
 0.46322362 0.45633547 0.44361626 0.43650543 0.45763475 0.47757305
 0.48259616 0.49578531 0.5060569  0.51494062 0.51371624 0.49780082
 0.48911855 0.47831368 0.48257634 0.49322322 0.4989565  0.50713962
 0.52035086 0.52024753 0.51099435 0.51603899 0.54006513 0.58543397]","[0.62543577 0.49561933 0.42243454 0.3958451  0.40958558 0.42613331
 0.43374017 0.42724718 0.44803789 0.45237946 0.46180372 0.4837423
 0.51023444 0.52874893 0.52198242 0.53918612 0.49966341 0.48588666
 0.46620007 0.44928692 0.44648769 0.45474239 0.47968568 0.49390233
 0.50988981 0.50143917 0.50150401 0.51977249 0.54316591 0.5971764 ]","[0.61425174 0.4857188  0.41218885 0.38460822 0.39949479 0.41723216
 0.42737975 0.41947192 0.433617   0.43436723 0.44306417 0.46960154
 0.50127283 0.52596004 0.53581784 0.56027612 0.5298496  0.51699623
 0.50278428 0.50096639 0.53497323 0.60861093 0.7283727  0.82305507
 0.91524708 0.99206473 1.06924571 1.15281242 1.21898765 1.28340813]",0.0074361227,0.008522105,mean_squared_error_optimizers.Nadam-
0.0004700856913890069,"[0.60750143 0.4951416  0.4374742  0.42728634 0.44216434 0.4550353
 0.45600312 0.44805342 0.44332544 0.44178737 0.45929268 0.47039244
 0.48050488 0.49357407 0.49989886 0.51167599 0.50772987 0.49734351
 0.47817827 0.46700093 0.47182792 0.47841529 0.49957097 0.51168208
 0.52770992 0.53310125 0.52108301 0.52204515 0.55003834 0.6033603 ]","[0.60583162 0.47945252 0.4087229  0.39200072 0.40872525 0.4314229
 0.44833504 0.44419024 0.46252532 0.46571152 0.47694276 0.49377405
 0.51122498 0.52286848 0.52861721 0.54608949 0.50954625 0.49028728
 0.47337372 0.45721181 0.46295414 0.47953703 0.51440868 0.53102664
 0.54621887 0.53342294 0.5268208  0.53484157 0.55027857 0.60308552]","[0.59943449 0.47365864 0.40406714 0.38525706 0.40170159 0.4260326
 0.44308548 0.43722597 0.4477568  0.44643046 0.45493814 0.47730912
 0.50572328 0.52794763 0.55361204 0.57420379 0.54177338 0.51424505
 0.48951802 0.48062986 0.52184717 0.60396255 0.7313248  0.83373425
 0.92722383 1.0020859  1.07734904 1.15981876 1.22487447 1.28951588]",0.0074077346,0.00858005,mean_squared_error_optimizers.Nadam-
0.0004994932793003197,"[0.59458625 0.47719997 0.42077235 0.40868014 0.4247502  0.44800863
 0.46268774 0.46255217 0.45994461 0.45147278 0.4685529  0.48966257
 0.50856389 0.52286518 0.52668297 0.52364546 0.51098479 0.50367172
 0.48240347 0.47217008 0.47927607 0.49677428 0.51529526 0.50627087
 0.51473105 0.51273043 0.50620116 0.51730841 0.53636565 0.58793958]","[0.59655035 0.47474368 0.40182648 0.38386902 0.40040635 0.42054219
 0.43614651 0.43237552 0.45032295 0.44988261 0.45622874 0.47878958
 0.50834096 0.53391607 0.52904012 0.54547823 0.50820193 0.48954311
 0.4685857  0.44709152 0.44273249 0.45246001 0.47158509 0.48574244
 0.50327211 0.49352503 0.49411349 0.51377533 0.5390362  0.59758743]","[0.5894157  0.4674341  0.39545569 0.37686756 0.39322353 0.41405855
 0.43001571 0.42476337 0.43793074 0.43484817 0.43971007 0.46241837
 0.49110073 0.51798586 0.52083011 0.5422115  0.50999703 0.48800712
 0.4681307  0.4628231  0.50149543 0.5853701  0.70984539 0.807823
 0.90128628 0.97975309 1.06007248 1.14808291 1.21652982 1.28333219]",0.0076090363,0.008773473,mean_squared_error_optimizers.Nadam-
0.00047876416445554544,"[0.57206573 0.46343754 0.40732235 0.39639742 0.41541039 0.43080357
 0.43443758 0.428788   0.41306967 0.41386875 0.43267947 0.45839573
 0.4670982  0.48074975 0.49044904 0.49577377 0.49740052 0.48562936
 0.4696973  0.4599265  0.46097659 0.46852553 0.48396987 0.49292398
 0.49938491 0.50066335 0.49611744 0.49943062 0.52097689 0.57976721]","[0.57528353 0.44783001 0.37682395 0.36426403 0.38949353 0.41658668
 0.43427513 0.4289418  0.4412505  0.43734299 0.44117098 0.45949534
 0.48160384 0.49928069 0.49632005 0.51371442 0.47771109 0.45762698
 0.43569233 0.41772975 0.41847586 0.43029681 0.45733512 0.46977284
 0.49081913 0.48553512 0.48495804 0.49797171 0.5139923  0.57025841]","[0.56898514 0.44213087 0.37273148 0.35903204 0.38348727 0.41079613
 0.42777237 0.41928344 0.42508443 0.41660721 0.41541613 0.43284804
 0.45478595 0.47140352 0.47708885 0.49650666 0.45667145 0.42896498
 0.40227526 0.40208292 0.45759727 0.5494974  0.68818821 0.7937857
 0.8936322  0.9728925  1.05104078 1.13583781 1.20183989 1.26778811]",0.0073759863,0.008506382,mean_squared_error_optimizers.Nadam-
0.00045977981283795087,"[0.58552185 0.47685163 0.41690392 0.41158536 0.42541264 0.44303855
 0.44810175 0.43804651 0.43087473 0.42737936 0.43989488 0.45735096
 0.46473726 0.47748263 0.48758813 0.48964663 0.48482516 0.47834403
 0.47202837 0.46137127 0.46718622 0.47779435 0.49143619 0.49279159
 0.4935923  0.49066815 0.48669631 0.49614062 0.52137149 0.57417266]","[0.58612165 0.45982417 0.38978365 0.38145004 0.40575423 0.42753904
 0.43938952 0.43917724 0.45919412 0.46115142 0.46977909 0.48507441
 0.50456778 0.51811162 0.5275662  0.54345263 0.50680669 0.48326618
 0.45934708 0.43968661 0.44160305 0.45340367 0.48435593 0.49573641
 0.51181157 0.50542448 0.50370725 0.51510522 0.53270626 0.58572055]","[0.57950661 0.45443456 0.38586471 0.37726392 0.401184   0.42275528
 0.43282894 0.42999339 0.44566384 0.44647449 0.45387993 0.47231253
 0.49566074 0.51405399 0.53694264 0.55550178 0.52135166 0.49172097
 0.46310333 0.45615113 0.50060829 0.58578704 0.71685699 0.82021644
 0.9148328  0.9934153  1.07108112 1.15375971 1.21971544 1.28552371]",0.007150122,0.008286976,mean_squared_error_optimizers.Nadam-
0.0004369958572400113,"[0.61710756 0.49269628 0.43671105 0.42082157 0.44501691 0.45341796
 0.45328633 0.44271207 0.43602603 0.4355064  0.45498162 0.47349074
 0.48220226 0.49365139 0.50587818 0.49806658 0.49795698 0.48779631
 0.4693838  0.46448557 0.47227122 0.48724616 0.4999861  0.51174319
 0.52386849 0.52934005 0.52830743 0.52898723 0.54526826 0.60647979]","[0.57109956 0.44348092 0.37972944 0.36737922 0.38643153 0.40659285
 0.42077607 0.41709923 0.43752141 0.44779254 0.46653274 0.48567439
 0.50006684 0.51011922 0.50197858 0.51728117 0.48154751 0.45922733
 0.43668182 0.42034331 0.42546252 0.44376547 0.469437   0.48569096
 0.50564862 0.50159829 0.50375336 0.51621674 0.53645134 0.59104271]","[0.56311483 0.43686646 0.3747093  0.36265714 0.38204607 0.40314619
 0.41596272 0.40818227 0.41950446 0.42255957 0.43440366 0.45195529
 0.46735409 0.4762047  0.48063324 0.49677928 0.46283333 0.43633382
 0.40844933 0.40787234 0.46668663 0.56747264 0.70517056 0.81299037
 0.90884757 0.98852635 1.06809042 1.1541875  1.22489609 1.29399866]",0.007212279,0.008385187,mean_squared_error_optimizers.Nadam-
0.00044762812609163425,"[0.59137427 0.48036933 0.41827249 0.41396234 0.42359221 0.44138762
 0.447435   0.44074653 0.43026822 0.42657571 0.44476138 0.46822755
 0.47983173 0.48871695 0.49150772 0.4931228  0.48498839 0.47352025
 0.46604766 0.4542867  0.4581495  0.46989651 0.47770103 0.48249142
 0.48555087 0.47816907 0.48590725 0.4917468  0.52541304 0.58019537]","[0.55685357 0.4353336  0.3705065  0.36077664 0.37965484 0.4011189
 0.41577131 0.41344809 0.43030311 0.42533247 0.43203479 0.4519285
 0.47671744 0.49419678 0.48982892 0.50592265 0.46991576 0.45128941
 0.42733915 0.40687451 0.4038396  0.41518804 0.43604373 0.44905019
 0.46633553 0.45960666 0.4654054  0.48659758 0.50770055 0.5621935 ]","[0.5496824  0.42835401 0.36440099 0.35425106 0.37398273 0.39680362
 0.41093718 0.40375861 0.4148708  0.40730022 0.4111119  0.43308226
 0.46191838 0.48433565 0.49532474 0.51822698 0.48960806 0.4726571
 0.45165058 0.44802234 0.49094178 0.57734333 0.70363636 0.8036601
 0.89761017 0.97634507 1.05634966 1.14276334 1.21107462 1.27929612]",0.007140084,0.0083079245,mean_squared_error_optimizers.Nadam-
0.0004205318936922898,"[0.57441373 0.45911611 0.39424126 0.38467663 0.40349732 0.41562325
 0.42723113 0.42467134 0.4062612  0.40288019 0.42031038 0.44578652
 0.45901384 0.47256453 0.47949112 0.4781655  0.47018568 0.46145491
 0.45043458 0.4497335  0.4516752  0.4588016  0.45924504 0.46430033
 0.473129   0.47912015 0.46829954 0.4686159  0.48399238 0.54073311]","[0.53732335 0.41436472 0.35690203 0.35486865 0.37883049 0.39914557
 0.41534884 0.41231258 0.4266754  0.42271233 0.4279565  0.44613504
 0.46671884 0.48354474 0.48150502 0.50032316 0.46360901 0.44686791
 0.42606627 0.40773678 0.40706061 0.41730984 0.4308513  0.44376733
 0.46720408 0.45865658 0.4573765  0.4709028  0.4886297  0.54405062]","[0.53302292 0.41067827 0.35363394 0.35152489 0.37582061 0.39752798
 0.41376421 0.40847403 0.41731459 0.40854404 0.40925157 0.42693705
 0.45056291 0.47159136 0.48216838 0.50465516 0.47191977 0.45523421
 0.43404188 0.43050338 0.47543446 0.56125054 0.69237948 0.79560177
 0.89073533 0.96885326 1.04711132 1.13299165 1.20280461 1.27075721]",0.0071001523,0.008284414,mean_squared_error_optimizers.Nadam-
0.0004351290658426781,"[0.58799016 0.45880544 0.39526718 0.39632261 0.41897925 0.42860853
 0.42811183 0.42714672 0.41785161 0.42047354 0.42508693 0.44494187
 0.45315878 0.45728737 0.46899726 0.4670095  0.46577818 0.45725203
 0.44320475 0.44523741 0.45467743 0.47016194 0.47875877 0.48409671
 0.48811445 0.48716994 0.48748436 0.48577073 0.503664   0.56032267]","[0.54465981 0.41864215 0.35648289 0.34824697 0.37435193 0.39318079
 0.40587732 0.4064188  0.42752466 0.42788183 0.43215328 0.44590645
 0.46687793 0.48503785 0.48085019 0.49937448 0.46229141 0.44177912
 0.42233374 0.40194255 0.40484696 0.42435144 0.44954961 0.46115391
 0.47906796 0.46852929 0.46325699 0.47467488 0.49299404 0.54921695]","[0.54015541 0.41430589 0.3519771  0.34163739 0.36702931 0.3860075
 0.39939258 0.39600012 0.41311299 0.40966551 0.41052882 0.42358759
 0.44565512 0.46245058 0.47183977 0.49136718 0.45623267 0.43338803
 0.40924171 0.40338642 0.45900349 0.55480766 0.6961368  0.80044631
 0.8955286  0.97329643 1.0514008  1.13566407 1.20315282 1.26981501]",0.0069924486,0.0082315365,mean_squared_error_optimizers.Nadam-
0.00042309275944717227,"[0.5907025  0.46431484 0.42140067 0.42271126 0.44877515 0.45788788
 0.46785698 0.46000316 0.45243091 0.43592311 0.45746955 0.4728717
 0.47891767 0.49735627 0.49180084 0.48688327 0.489689   0.48895167
 0.47106283 0.46176176 0.46260158 0.47357385 0.47730093 0.48305187
 0.49379077 0.50291476 0.51499751 0.52206723 0.56051675 0.6289297 ]","[0.56139795 0.44163636 0.3848237  0.37199443 0.39337459 0.41504806
 0.42970513 0.4249677  0.43664659 0.43214448 0.43844945 0.45970075
 0.48596232 0.50512009 0.4994     0.51668232 0.48322586 0.46501323
 0.43991514 0.41959159 0.41888772 0.42870474 0.45094739 0.4638633
 0.48507909 0.48204327 0.4907638  0.51696212 0.54625029 0.60739329]","[0.55390701 0.43484511 0.37784468 0.36473813 0.38603748 0.40871037
 0.4239303  0.41599005 0.42387972 0.41411731 0.41275733 0.42743337
 0.45097624 0.46734856 0.47365358 0.49189423 0.46190491 0.44052603
 0.41571574 0.41625425 0.46965849 0.56220629 0.7004296  0.80552238
 0.90088124 0.98037768 1.06099736 1.14897873 1.22045192 1.2930714 ]",0.006808148,0.007887803,mean_squared_error_optimizers.Nadam-
0.0004068479047855362,"[0.55212998 0.43261437 0.38768696 0.39790695 0.41565508 0.42411915
 0.42728464 0.42563923 0.41538389 0.40652743 0.41818345 0.43516807
 0.44522248 0.45198911 0.45641529 0.45684843 0.46225784 0.44897735
 0.42868285 0.41430014 0.41195775 0.42240498 0.43937852 0.45242639
 0.4637255  0.45748514 0.46520562 0.47919574 0.50809679 0.56887789]","[0.54281106 0.42235046 0.3689866  0.36290506 0.38753869 0.40861807
 0.41788521 0.40836627 0.42423859 0.42883082 0.4407231  0.46049741
 0.48606522 0.50592937 0.49803042 0.51538092 0.47574886 0.45754748
 0.43188022 0.40719219 0.40268985 0.40915285 0.43305662 0.44696987
 0.47234855 0.46838131 0.4740733  0.4961987  0.51730227 0.5730977 ]","[0.53762068 0.41725997 0.36428154 0.35687679 0.38180384 0.40400161
 0.41306854 0.40299895 0.41753238 0.42172495 0.42916494 0.44518884
 0.46749998 0.48586149 0.48857607 0.50998727 0.47628038 0.46247932
 0.44229488 0.43928094 0.48809323 0.57119656 0.70490208 0.80641923
 0.90272036 0.97816713 1.057808   1.14479855 1.21191996 1.28014928]",0.0066898614,0.00792132,mean_squared_error_optimizers.Nadam-
0.00040506804819839695,"[0.57388107 0.45901869 0.40973633 0.4131324  0.42264002 0.44647982
 0.44434918 0.43634689 0.43223545 0.43298847 0.45858775 0.47565583
 0.48487092 0.50295561 0.49682831 0.49600941 0.49431258 0.4886213
 0.47406554 0.45861386 0.46462112 0.46942383 0.48566467 0.49053019
 0.50135884 0.50852397 0.50907007 0.51971107 0.54233479 0.5935541 ]","[0.55047077 0.43165375 0.3791018  0.37646306 0.39997461 0.42131916
 0.43366406 0.42888619 0.44568427 0.45002633 0.45996249 0.47676795
 0.49861667 0.51401886 0.50628232 0.52149605 0.48267006 0.46235322
 0.43626186 0.41411291 0.41152696 0.42225058 0.4471305  0.46605672
 0.49589511 0.4945365  0.49992698 0.51979973 0.54380628 0.59501356]","[0.54278058 0.424476   0.37312228 0.37104377 0.39582294 0.41939288
 0.43384686 0.42670447 0.43877772 0.43604657 0.43623062 0.44531766
 0.4619845  0.47803726 0.48064279 0.50433214 0.46996244 0.45399888
 0.43560409 0.43828779 0.4902669  0.57889693 0.70853985 0.80971461
 0.90323358 0.97940179 1.05550154 1.13809692 1.20506763 1.27064093]",0.006842675,0.008130364,mean_squared_error_optimizers.Nadam-
0.0004347684032594164,"[0.59858033 0.49977368 0.45150855 0.44201223 0.45448185 0.46678118
 0.47259207 0.47279802 0.46844303 0.47069404 0.48151239 0.49230218
 0.50656749 0.51000456 0.52022146 0.52564271 0.51170501 0.50915348
 0.48444046 0.47484545 0.48401173 0.49321408 0.50712094 0.51576872
 0.53123263 0.54246926 0.54100324 0.54652178 0.56581124 0.61534735]","[0.58328221 0.47739001 0.42849786 0.4288976  0.44595026 0.46005035
 0.46853031 0.46028658 0.4718337  0.47581662 0.48786952 0.51286404
 0.53373587 0.54406322 0.53515502 0.5489344  0.51204431 0.49156718
 0.47047755 0.45628135 0.46018797 0.4738764  0.50860705 0.52807619
 0.55225811 0.54810778 0.54858083 0.56220853 0.57913197 0.63092243]","[0.57635328 0.46950262 0.42023459 0.42080504 0.43856165 0.45276254
 0.46091323 0.44851797 0.45841374 0.45823471 0.46695345 0.48911937
 0.51049263 0.52667953 0.52743568 0.55102727 0.5188713  0.5022186
 0.48136044 0.4791901  0.52588101 0.6084938  0.73875246 0.83922351
 0.92850833 1.0030842  1.07774358 1.15933876 1.22333238 1.28661655]",0.007141285,0.008271239,mean_squared_error_optimizers.Nadam-
0.00043880605949865034,"[0.56910483 0.45831605 0.41062062 0.4039757  0.41976468 0.43617941
 0.44158318 0.43253536 0.41423687 0.40599585 0.41089432 0.42787072
 0.44046613 0.444986   0.45530197 0.45865023 0.45333648 0.44854324
 0.43630882 0.42144066 0.42285752 0.4374298  0.45322208 0.4627335
 0.4739188  0.47839388 0.4752019  0.48964192 0.51037372 0.56024994]","[0.54825263 0.43363702 0.38497451 0.38419402 0.4061489  0.42820222
 0.43661893 0.42904944 0.43999379 0.43451888 0.43497814 0.45222833
 0.47522474 0.4945165  0.49454491 0.51509795 0.48259004 0.46538933
 0.43961012 0.41435744 0.41166166 0.41936565 0.45086023 0.46560799
 0.48658665 0.48108676 0.48449396 0.49827571 0.5142745  0.56966466]","[0.54175396 0.42841049 0.38184555 0.38176903 0.40566276 0.42941864
 0.43867049 0.42616138 0.4316044  0.41809733 0.41306312 0.42590387
 0.44851501 0.47049274 0.48722164 0.51744716 0.4923726  0.48343604
 0.46176916 0.45331861 0.49909465 0.58263213 0.71394032 0.81343104
 0.90465469 0.98145344 1.05928227 1.14336446 1.20986733 1.27805247]",0.006670478,0.007978546,mean_squared_error_optimizers.Nadam-
0.0004097849973477423,"[0.58586481 0.46924278 0.41056119 0.41091125 0.42285156 0.43644112
 0.43445311 0.44216828 0.42907241 0.4302197  0.43264319 0.44593127
 0.45574994 0.45915145 0.47176766 0.46740657 0.474954   0.46498514
 0.45275072 0.44985618 0.44676594 0.45405146 0.46714626 0.47497353
 0.4855829  0.49325596 0.50214442 0.51291583 0.52760057 0.57589505]","[0.52640703 0.41515347 0.36245457 0.36119128 0.38208757 0.40314911
 0.42392124 0.42749496 0.44754456 0.44461493 0.44109125 0.44831541
 0.46538906 0.47848035 0.47050011 0.48316153 0.45076108 0.44364815
 0.42908243 0.41504461 0.41446396 0.42551986 0.45235949 0.46690092
 0.48745412 0.48168918 0.48350245 0.49787454 0.52413725 0.57945731]","[0.5217576  0.41036916 0.35803764 0.35565944 0.37597601 0.39673055
 0.41676699 0.41675175 0.4344109  0.42860102 0.42167151 0.42643711
 0.44317152 0.45828209 0.46470016 0.48606127 0.46042598 0.45788513
 0.44576541 0.44720443 0.49667377 0.58619929 0.71807386 0.82058817
 0.91612886 0.99275569 1.06779742 1.14814257 1.21637513 1.2840092 ]",0.0066349315,0.007902951,mean_squared_error_optimizers.Nadam-
0.0003848102560732514,"[0.53889015 0.42453842 0.38018175 0.37764222 0.39440347 0.40879791
 0.4122113  0.40622085 0.39594185 0.39212194 0.40626749 0.41914148
 0.43149862 0.42875368 0.43399456 0.42958201 0.43053379 0.42476642
 0.41676462 0.40540245 0.41252997 0.41733973 0.42564302 0.4359998
 0.43804166 0.44334021 0.43807327 0.44610202 0.47738623 0.5311227 ]","[0.51123818 0.39479825 0.34430719 0.34601164 0.37024949 0.39324856
 0.40393038 0.39853714 0.40769783 0.39987092 0.40155573 0.41892362
 0.44092576 0.45650835 0.45103411 0.46637548 0.43221171 0.41660025
 0.39629752 0.37521159 0.37245377 0.38111513 0.40503947 0.42129941
 0.43984551 0.43198308 0.43256357 0.4439665  0.46202127 0.51897666]","[0.50222317 0.38651324 0.33789791 0.33954426 0.36423301 0.38831322
 0.39996015 0.39302042 0.3975792  0.38446581 0.38042941 0.39418255
 0.41370873 0.42919303 0.43809898 0.46401977 0.43779203 0.42646333
 0.40653092 0.40374769 0.4584715  0.55385678 0.69117636 0.7954711
 0.88859968 0.96566992 1.04243577 1.12565234 1.1932166  1.26061506]",0.006415423,0.00768836,mean_squared_error_optimizers.Nadam-
0.00039635591810413946,"[0.55848981 0.44307233 0.39924885 0.39660641 0.42070195 0.4382318
 0.44485303 0.445344   0.43985677 0.44019315 0.44352739 0.45872594
 0.46069813 0.47020442 0.4728595  0.47113606 0.46441426 0.45676889
 0.44251941 0.42918565 0.43185783 0.44062741 0.45189588 0.46901366
 0.46992667 0.48193611 0.48539499 0.49164432 0.51278377 0.56831531]","[0.52509475 0.41194967 0.36684632 0.36181104 0.38431314 0.40936017
 0.42506167 0.42407346 0.44155438 0.44659795 0.45362648 0.46667107
 0.4866736  0.50235704 0.49047895 0.49782836 0.46006432 0.4379588
 0.41731254 0.39836755 0.39669269 0.40605116 0.43566258 0.45142633
 0.47274802 0.46952563 0.47633626 0.49213321 0.51251805 0.56954491]","[0.5203144  0.40775634 0.36362507 0.35874533 0.38046454 0.40504251
 0.42057809 0.41878242 0.43324861 0.43413689 0.4357432  0.44515085
 0.46184932 0.47289132 0.47099474 0.48465915 0.45148646 0.43621271
 0.41861167 0.42127017 0.47859605 0.57489304 0.70891463 0.81314401
 0.90554245 0.98320915 1.0621469  1.14663017 1.21449967 1.28419993]",0.006493997,0.0076874066,mean_squared_error_optimizers.Nadam-
0.0003632420833067348,"[0.51986865 0.39636414 0.35361128 0.36479748 0.38521086 0.4069944
 0.41363077 0.40463557 0.4040257  0.39512334 0.40328187 0.42159301
 0.43387001 0.44475694 0.44640649 0.44736019 0.43365817 0.42568966
 0.41051721 0.39744545 0.40334513 0.41981314 0.43009354 0.44787779
 0.45167924 0.4558789  0.45327895 0.45124819 0.46657915 0.51220924]","[0.50454635 0.38899962 0.34321143 0.34012281 0.3637529  0.38948535
 0.40728773 0.3973736  0.40627816 0.39632908 0.39715549 0.41421339
 0.44571326 0.46973386 0.45998096 0.47530779 0.43742951 0.41724434
 0.39660525 0.37928571 0.37849107 0.38990648 0.41476927 0.42606045
 0.44452457 0.4404662  0.44257225 0.45317881 0.46999831 0.52476902]","[0.49747225 0.3804741  0.33611941 0.33364969 0.35650336 0.38022265
 0.39782961 0.38895984 0.39896796 0.38930065 0.38529479 0.3942927
 0.41378301 0.43509568 0.43446062 0.46070633 0.42574028 0.41174209
 0.39031576 0.38863707 0.44738358 0.54505619 0.6835863  0.79056335
 0.88730508 0.96684828 1.04538255 1.12842209 1.19617877 1.26368123]",0.006108029,0.00731596,mean_squared_error_optimizers.Nadam-
0.0003517968556455647,"[0.50675831 0.39857929 0.36087401 0.37394552 0.39425574 0.39406382
 0.39427475 0.38794915 0.38127985 0.37463806 0.3821157  0.40639663
 0.42417844 0.43166696 0.42850123 0.42891335 0.43602255 0.42667325
 0.41584925 0.40382403 0.41115064 0.41873836 0.4250806  0.42990746
 0.42944727 0.43383156 0.43193928 0.43699208 0.45152769 0.51493159]","[0.50627697 0.3926707  0.34404344 0.33806733 0.35964357 0.3752685
 0.38921553 0.38886628 0.40107413 0.40167675 0.40565142 0.4239418
 0.44964747 0.47002942 0.46130857 0.4714058  0.4333912  0.41772376
 0.39590988 0.37499126 0.37400118 0.38640478 0.41541517 0.42806763
 0.44845464 0.44337379 0.44625064 0.46182696 0.48525051 0.54008065]","[0.50259762 0.38925868 0.34196419 0.33608028 0.35616463 0.37107521
 0.38478462 0.38513684 0.39589114 0.39246145 0.3898961  0.40132715
 0.42178962 0.43931842 0.4433938  0.46041641 0.42472504 0.40803102
 0.38493178 0.38331735 0.44322557 0.54375486 0.68553693 0.79438973
 0.89068615 0.96998575 1.04941271 1.13459477 1.20280846 1.27034888]",0.0062087663,0.0073907063,mean_squared_error_optimizers.Nadam-
0.00036363099682300043,"[0.52301324 0.40655408 0.36584746 0.37295737 0.39463893 0.39992743
 0.39946676 0.38754867 0.37466974 0.37318256 0.38665945 0.41035966
 0.4219523  0.43516963 0.44824785 0.44045265 0.43534918 0.42900076
 0.41810872 0.40856909 0.40966449 0.42578001 0.43325136 0.44238972
 0.4588505  0.45108958 0.44951386 0.45228103 0.46326443 0.51532847]","[0.50778838 0.39942649 0.35953356 0.36722602 0.39248059 0.40696576
 0.41125383 0.39835646 0.41080691 0.41240904 0.41636557 0.43257693
 0.45652505 0.4743743  0.47408657 0.48691528 0.4519192  0.43596286
 0.4157972  0.39648471 0.39947406 0.41485017 0.44270088 0.46285355
 0.48779183 0.48155758 0.4776964  0.48678236 0.50708658 0.56191237]","[0.50205129 0.39325292 0.35539685 0.36353248 0.38931484 0.40446086
 0.4071867  0.39351462 0.40137394 0.3993438  0.39814537 0.4126088
 0.43692805 0.45424611 0.4653172  0.4752661  0.43769678 0.41755013
 0.39234458 0.38989614 0.45298563 0.55510977 0.69550342 0.80631072
 0.9030251  0.98198976 1.06058104 1.14525475 1.21469377 1.28132757]",0.006104323,0.007263607,mean_squared_error_optimizers.Nadam-
0.00035188989077384274,"[0.51311152 0.41274922 0.37714716 0.3771057  0.37748912 0.38444914
 0.39558572 0.3945226  0.38654803 0.39437913 0.40053869 0.40585756
 0.42098653 0.42396246 0.43346175 0.43322099 0.44110071 0.42712854
 0.40973268 0.39544247 0.39931455 0.40699815 0.422608   0.43118063
 0.43117447 0.4379812  0.44281484 0.44847248 0.47073209 0.52384618]","[0.48722826 0.37627839 0.33913914 0.3405712  0.36010204 0.37784251
 0.39062035 0.38511462 0.399242   0.40069516 0.40695818 0.42115156
 0.43694404 0.44903219 0.44073229 0.45611622 0.42384244 0.41245164
 0.39029283 0.37122514 0.372436   0.38564683 0.41005764 0.42057468
 0.43806005 0.42899037 0.42767034 0.44014905 0.46047624 0.52123281]","[0.48176383 0.37034025 0.33388535 0.33492752 0.3538562  0.37155081
 0.38342453 0.37843282 0.39090542 0.39002438 0.39189779 0.40134926
 0.41447942 0.42521322 0.42999681 0.45323049 0.42634236 0.41748303
 0.39808242 0.39693628 0.45257137 0.55019006 0.68493628 0.79023311
 0.88469043 0.96483466 1.04488179 1.13187637 1.20271445 1.27261999]",0.0060606124,0.0072764806,mean_squared_error_optimizers.Nadam-
0.0003587083355911697,"[0.5148272  0.41238058 0.37149379 0.3665169  0.37735703 0.39429251
 0.40541572 0.39858201 0.38483197 0.37333723 0.38210394 0.39564732
 0.41485622 0.41958541 0.41750383 0.42589896 0.42658931 0.42211643
 0.41507087 0.40194338 0.40699451 0.41572466 0.42567752 0.43533692
 0.43965956 0.4504142  0.44126802 0.44727789 0.47462543 0.52156414]","[0.49013874 0.38487582 0.34783224 0.34476417 0.36127095 0.38237765
 0.39144705 0.38603985 0.3975654  0.39804748 0.40061085 0.41430148
 0.4368346  0.45619551 0.44900443 0.4633316  0.42419271 0.40769854
 0.38875454 0.36639671 0.362721   0.37208748 0.39564402 0.40970183
 0.43372821 0.42846846 0.43008178 0.44200741 0.45862488 0.51210476]","[0.48440752 0.37923341 0.34368048 0.34117939 0.35721995 0.37974083
 0.38902932 0.38486242 0.39435874 0.39332102 0.39475026 0.40789425
 0.43086122 0.45123357 0.4611913  0.48429335 0.45183774 0.43969234
 0.42357702 0.41814567 0.46341699 0.55230862 0.68310168 0.78752779
 0.88389269 0.96181257 1.03781193 1.11820399 1.18078065 1.24471179]",0.0060577523,0.0072960923,mean_squared_error_optimizers.Nadam-
0.00033395173284225165,"[0.54634967 0.42926935 0.39195964 0.39044321 0.40830567 0.40772274
 0.4149153  0.4046876  0.40257945 0.40559272 0.41599779 0.43222227
 0.44321639 0.45500692 0.46286623 0.46328661 0.46008076 0.46622391
 0.45228082 0.42880095 0.44022728 0.4418013  0.44721437 0.45183614
 0.46635753 0.47228432 0.47590038 0.48060332 0.50126588 0.54896452]","[0.49005191 0.37894108 0.33365801 0.33730992 0.35816281 0.37530083
 0.38313967 0.38262071 0.40068524 0.40645789 0.41620379 0.43458647
 0.45542269 0.46969929 0.46326153 0.47793873 0.44485687 0.43234184
 0.41091558 0.38676399 0.38442722 0.39468915 0.41547178 0.42562183
 0.44802684 0.44013849 0.43868227 0.45097495 0.46789013 0.52295546]","[0.48523393 0.37288926 0.3288067  0.33169835 0.35315073 0.37093374
 0.37806393 0.3772992  0.39256946 0.39796902 0.40645642 0.42377454
 0.44459978 0.46017456 0.46897821 0.49105696 0.4635693  0.45688897
 0.43684487 0.42990683 0.47716272 0.56432553 0.69678293 0.79795846
 0.89253224 0.96969428 1.04659712 1.12969945 1.19566894 1.26488165]",0.006191655,0.0073781987,mean_squared_error_optimizers.Nadam-
0.00035497445527774593,"[0.53104591 0.42301397 0.37244663 0.37755043 0.38490654 0.38998054
 0.39434319 0.38995215 0.38275187 0.37651235 0.38986115 0.41257796
 0.42548124 0.4250517  0.42951872 0.42770965 0.43332169 0.41945442
 0.40673509 0.39489171 0.39727504 0.41216721 0.42401926 0.42676064
 0.43825309 0.44400947 0.44259347 0.44793697 0.46085283 0.51518521]","[0.47966343 0.37016007 0.33534255 0.34119274 0.35711325 0.3734413
 0.38267808 0.37344103 0.3854938  0.38283546 0.38999534 0.4107275
 0.43373336 0.44763963 0.44207615 0.45689106 0.42280874 0.41367999
 0.39434181 0.37005712 0.36407885 0.37612864 0.39871817 0.41093247
 0.43330415 0.42781283 0.43190753 0.44579585 0.46463383 0.51954112]","[0.47389155 0.36338215 0.32964555 0.33623607 0.35287111 0.37182977
 0.38129178 0.37073257 0.37960046 0.37199833 0.37280708 0.3868435
 0.40289436 0.41519182 0.42609944 0.4519375  0.4295702  0.43111038
 0.41814114 0.41711744 0.46473186 0.55449625 0.68848436 0.79019751
 0.88370282 0.96098883 1.03924204 1.12273916 1.18915201 1.25866296]",0.0060066413,0.0071363,mean_squared_error_optimizers.Nadam-
0.00033527467194168517,"[0.52450443 0.39920341 0.36851244 0.37527949 0.37829339 0.38637217
 0.39513182 0.39903621 0.37997063 0.37643835 0.3921294  0.40690521
 0.41638372 0.40959166 0.41684807 0.4246161  0.42850345 0.42752245
 0.42062355 0.40806669 0.41469865 0.42141064 0.42306515 0.42735807
 0.4385474  0.44157884 0.44734493 0.45207777 0.48136293 0.5233563 ]","[0.48551023 0.37162838 0.32975197 0.33093735 0.35281658 0.36687177
 0.37904401 0.37911694 0.38981392 0.3893885  0.39145997 0.40564244
 0.42729129 0.44081681 0.43892661 0.45470533 0.41702377 0.40732145
 0.39183453 0.37410326 0.37198026 0.37906178 0.40447793 0.41485644
 0.43429535 0.42985393 0.43425349 0.44430801 0.45527454 0.50015226]","[0.4818575  0.36671972 0.32557137 0.32660842 0.3482695  0.36314266
 0.37440342 0.37481827 0.38324809 0.38040968 0.38092447 0.39448412
 0.41685956 0.43369799 0.45054762 0.47114785 0.44370318 0.44435886
 0.43559225 0.43730469 0.48318622 0.56385311 0.69408743 0.79195436
 0.88398333 0.96330768 1.04359089 1.12807989 1.19210791 1.25767783]",0.0059172646,0.0070536328,mean_squared_error_optimizers.Nadam-
0.00031752623866001763,"[0.51887348 0.40510756 0.38532581 0.39827285 0.40942595 0.41578871
 0.4142402  0.40111489 0.39800848 0.3833936  0.39986829 0.41510873
 0.42917865 0.42708264 0.4235045  0.41894729 0.4130068  0.41564222
 0.4069906  0.39367123 0.40588704 0.41440597 0.42191542 0.43504235
 0.43721344 0.44214435 0.44364217 0.44695683 0.46982047 0.53425012]","[0.48323131 0.37672351 0.34076704 0.33988762 0.35781864 0.37710712
 0.38432737 0.38320787 0.39554547 0.39760246 0.39995142 0.41677257
 0.4374509  0.44560797 0.43912087 0.44814799 0.41207721 0.40081077
 0.38448993 0.36674798 0.36729943 0.37842685 0.40352201 0.40958866
 0.42756788 0.42042033 0.42701755 0.44213237 0.46581308 0.52589856]","[0.47578395 0.36869672 0.33394587 0.33410037 0.35196136 0.37065045
 0.37727232 0.37567506 0.38902795 0.39007032 0.38994542 0.40456451
 0.42501691 0.43596072 0.44212249 0.45096126 0.42106928 0.42066517
 0.4095064  0.41159417 0.4660648  0.55190507 0.68653272 0.79013674
 0.88880365 0.96775284 1.0477118  1.1315622  1.19845846 1.26642563]",0.005721623,0.00686208,mean_squared_error_optimizers.Nadam-
0.00032933881044543037,"[0.47909404 0.37559039 0.33985819 0.34427682 0.35065893 0.36030702
 0.36884628 0.36305544 0.36337631 0.35278317 0.35790352 0.37308254
 0.39241523 0.39929447 0.39767552 0.3927033  0.38967625 0.38007249
 0.37181463 0.35918896 0.36681505 0.38106683 0.39467686 0.41072145
 0.42070591 0.43105785 0.44058397 0.44561768 0.4610834  0.51151394]","[0.46293859 0.36001301 0.32115393 0.32276093 0.34139975 0.35490578
 0.36322991 0.3613037  0.3772665  0.37650488 0.38087625 0.3961164
 0.41732597 0.43089187 0.42584408 0.43537736 0.39604753 0.38293397
 0.36567609 0.3499251  0.35646131 0.37353459 0.39698247 0.40668292
 0.43064439 0.42812177 0.4373995  0.45436978 0.47046457 0.52142432]","[0.45781981 0.35524773 0.31804037 0.31951067 0.33858407 0.35355032
 0.36258478 0.35820668 0.37236452 0.36958258 0.37337632 0.38723715
 0.40777051 0.42122691 0.43083953 0.44303634 0.40762299 0.39916292
 0.38263203 0.38353133 0.4438116  0.5411304  0.68100164 0.78701373
 0.88439823 0.96721718 1.0501525  1.13703765 1.20478877 1.27245867]",0.005808275,0.006975699,mean_squared_error_optimizers.Nadam-
0.00032642803519653777,"[0.51139973 0.41047521 0.37067878 0.37171614 0.38467708 0.40368535
 0.40679263 0.40759446 0.40025563 0.38488333 0.3980877  0.40493245
 0.41086549 0.41897313 0.42254103 0.43123562 0.43752228 0.4521966
 0.43304199 0.42030516 0.42023488 0.42056785 0.42326314 0.41859107
 0.41723625 0.41822575 0.42822809 0.4353517  0.46016733 0.51609005]","[0.47088216 0.36763457 0.33435346 0.33854964 0.35690474 0.37344007
 0.38814327 0.38151544 0.39314268 0.39206539 0.39310021 0.40747595
 0.42716413 0.44003389 0.43895238 0.45735783 0.42760245 0.42187941
 0.40145735 0.37662757 0.37176126 0.37575385 0.40393222 0.40939519
 0.42853859 0.42287578 0.4271058  0.44006421 0.46056891 0.51225069]","[0.46512422 0.36146943 0.32846871 0.33219638 0.35057269 0.36855111
 0.38238476 0.37658186 0.38646408 0.38129197 0.37945028 0.39621255
 0.42037901 0.44118694 0.46341378 0.49059355 0.47472646 0.48319329
 0.47280923 0.46494327 0.49893599 0.57570985 0.7054477  0.80497722
 0.8967352  0.97516757 1.05361278 1.13665478 1.20271662 1.2683899 ]",0.005690966,0.006838464,mean_squared_error_optimizers.Nadam-
0.0003241952892082433,"[0.56076633 0.45827955 0.42295079 0.41588492 0.427789   0.42770821
 0.43818718 0.44683163 0.43412925 0.41804848 0.42572016 0.43784359
 0.44138958 0.45172714 0.45875127 0.46601897 0.46527479 0.45998
 0.44791102 0.43042658 0.42976624 0.4375592  0.45155342 0.4680575
 0.47039686 0.47644589 0.47876656 0.47898341 0.49575499 0.54436598]","[0.48354998 0.39003152 0.3554971  0.35290216 0.36800406 0.38329188
 0.3996587  0.40457804 0.41901719 0.41369045 0.41255602 0.43064116
 0.45339136 0.46650684 0.46385803 0.47887816 0.44528703 0.42969643
 0.40832247 0.38191946 0.3741307  0.38147247 0.4197457  0.43201331
 0.45096037 0.44521601 0.44556783 0.45688194 0.47359031 0.52533097]","[0.47787098 0.3839391  0.34985164 0.3483219  0.36358795 0.37967751
 0.39399782 0.39744273 0.41079655 0.40386126 0.39891803 0.41474319
 0.4379076  0.45604916 0.46942458 0.49054254 0.46398005 0.45697132
 0.44056349 0.43352846 0.47804775 0.57099363 0.707101   0.80845425
 0.90035013 0.97820827 1.05430009 1.13404893 1.19872214 1.26496692]",0.006034285,0.0069276425,mean_squared_error_optimizers.Nadam-
0.0003365060683572665,"[0.49937517 0.38295927 0.34974506 0.34564993 0.36348496 0.3779364
 0.39091398 0.38467704 0.37388311 0.35895111 0.36855733 0.38393337
 0.39742875 0.40735601 0.41034625 0.4051757  0.40291817 0.40606136
 0.39608287 0.3768075  0.38699574 0.4032556  0.40974302 0.42250093
 0.41698562 0.40944056 0.41439891 0.42889566 0.44263424 0.50199695]","[0.46668602 0.36518444 0.33056689 0.33138701 0.34483921 0.35708078
 0.36651695 0.36610478 0.37695026 0.37308699 0.37701592 0.39531037
 0.41887633 0.43497944 0.42873361 0.44310947 0.40882051 0.39475123
 0.37517802 0.35420468 0.35488545 0.36974079 0.39356735 0.40032753
 0.41957542 0.41269599 0.41492433 0.42592872 0.43813796 0.48732187]","[0.4616015  0.35876555 0.32459361 0.32630566 0.34033792 0.35410521
 0.36320246 0.36299445 0.37269603 0.3674496  0.36730177 0.3806713
 0.39861786 0.41195288 0.41453142 0.43354375 0.40284371 0.3937675
 0.36904443 0.36112736 0.42185066 0.53060264 0.67320784 0.78207197
 0.88104211 0.96406508 1.04549143 1.131568   1.19962855 1.26806422]",0.0057627074,0.00693688,mean_squared_error_optimizers.Nadam-
0.0003016427446467181,"[0.47422396 0.36480588 0.33409314 0.33558439 0.34985751 0.36843097
 0.37204001 0.36365059 0.35840703 0.35692807 0.36377853 0.37624622
 0.38882925 0.40288573 0.40801216 0.41301082 0.41250543 0.41262011
 0.40584171 0.38548192 0.3866203  0.39012334 0.39606443 0.4086528
 0.41428482 0.41575333 0.41819461 0.42224592 0.44006365 0.49141845]","[0.45563388 0.35360992 0.32223414 0.32555769 0.3428588  0.36099046
 0.36876731 0.36525694 0.37475791 0.37127199 0.37503071 0.39543652
 0.41796004 0.43294557 0.43465358 0.44654343 0.40912836 0.39422782
 0.37293202 0.34907737 0.34571109 0.35950184 0.38741228 0.39423834
 0.41574854 0.40949452 0.41301534 0.4256052  0.44536658 0.49888988]","[0.45121558 0.34779579 0.31560185 0.31896301 0.33608548 0.35549221
 0.36507243 0.36222843 0.37085123 0.3658802  0.36832645 0.38752474
 0.4117509  0.4322862  0.450027   0.46876136 0.43877365 0.4343552
 0.42154198 0.41794581 0.46487009 0.55809289 0.69162081 0.79225286
 0.88555542 0.96562971 1.04508913 1.12866655 1.19583439 1.26391747]",0.0054948432,0.0066074925,mean_squared_error_optimizers.Nadam-
0.0003020053794413495,"[0.46739735 0.36169538 0.33396832 0.34472411 0.36051211 0.3670205
 0.37104496 0.36371734 0.35971959 0.34969324 0.36952806 0.38387851
 0.39775276 0.40131539 0.40291484 0.3960465  0.38915082 0.3896066
 0.38078829 0.36362425 0.36761792 0.37702874 0.38345822 0.39261753
 0.3975675  0.40405434 0.4079861  0.41879654 0.44570937 0.50671501]","[0.44686467 0.34267677 0.3117348  0.3164247  0.33292041 0.34677045
 0.35550057 0.35884226 0.37804723 0.38116822 0.38885025 0.40510908
 0.42269494 0.43147873 0.42955228 0.43973143 0.40165241 0.38969277
 0.36952453 0.34359397 0.33773648 0.3509616  0.37428052 0.38919215
 0.41310306 0.40740371 0.41077455 0.42157888 0.44286632 0.49887561]","[0.44354322 0.33751781 0.30739619 0.31293195 0.32857027 0.34197594
 0.34907173 0.35271582 0.36904647 0.36877677 0.37328879 0.38779878
 0.40503554 0.41614414 0.42838904 0.4399527  0.40870837 0.39950913
 0.38018084 0.37690856 0.43629292 0.53587884 0.67615108 0.78474709
 0.88418425 0.96531846 1.04542245 1.12966022 1.19676946 1.26533337]",0.005392388,0.0064578517,mean_squared_error_optimizers.Nadam-
0.0002961410138135155,"[0.48134299 0.36536592 0.33884045 0.34444713 0.35601596 0.3752045
 0.3785054  0.36282804 0.35292617 0.35218855 0.36212662 0.36901904
 0.37636799 0.39387661 0.39669929 0.40166402 0.40221695 0.39445022
 0.38540031 0.36831608 0.37452927 0.37538166 0.38661449 0.40171118
 0.40578507 0.40785601 0.419492   0.41678672 0.43649089 0.49221763]","[0.44513479 0.340553   0.30814285 0.31706537 0.33555395 0.3531903
 0.36580339 0.36050511 0.37655292 0.37420011 0.37536893 0.39315821
 0.4180088  0.43342045 0.42034317 0.43769584 0.40381375 0.38998711
 0.37166627 0.34959517 0.34640225 0.35876443 0.37678619 0.38561362
 0.40916303 0.40539646 0.41204083 0.42931139 0.45403335 0.51370808]","[0.4415816  0.33660912 0.30524115 0.31647757 0.33550208 0.35254863
 0.36292152 0.3583553  0.37312637 0.36660107 0.36146757 0.37385211
 0.3951475  0.41110502 0.41463875 0.43942952 0.41520716 0.40808834
 0.39653861 0.39509644 0.44613031 0.54681585 0.68168147 0.78581313
 0.8795217  0.96105893 1.04245909 1.12922302 1.19921085 1.27054435]",0.00551245,0.0066688117,mean_squared_error_optimizers.Nadam-
0.0002920925301732495,"[0.46567798 0.36916333 0.337152   0.33798764 0.34497346 0.35802031
 0.36182067 0.36155364 0.34803644 0.34414327 0.36448189 0.36894783
 0.37715712 0.38618918 0.38183783 0.38468308 0.38438111 0.38555985
 0.38034372 0.37294989 0.37293798 0.37512113 0.38231505 0.39874138
 0.40515358 0.40445622 0.40209767 0.40602822 0.4245364  0.47777469]","[0.43782724 0.34074643 0.31377209 0.32332234 0.33593612 0.34821347
 0.35534775 0.35429774 0.366952   0.36808687 0.37457669 0.38712619
 0.40282093 0.41258381 0.4073861  0.43196996 0.39752224 0.39155149
 0.37524181 0.35185112 0.34240942 0.34693305 0.3690709  0.37598098
 0.39576453 0.38781499 0.39166901 0.40742922 0.43057145 0.48723079]","[0.43567809 0.33792353 0.30981766 0.31788036 0.32977902 0.3426755
 0.35077981 0.35087742 0.36427402 0.36660067 0.37410492 0.3845794
 0.39717564 0.4073661  0.41930305 0.44624143 0.42307107 0.4265671
 0.41317502 0.40682714 0.45135963 0.54173443 0.67924904 0.78500209
 0.885959   0.96870477 1.04985395 1.13490652 1.20184571 1.26903477]",0.0054252143,0.006501345,mean_squared_error_optimizers.Nadam-
0.0002987010384676978,"[0.48879902 0.37989956 0.34393273 0.34868378 0.35807144 0.36263336
 0.37015179 0.36676997 0.35683785 0.34934357 0.3716626  0.38284279
 0.39238331 0.40842306 0.40276162 0.40456726 0.39893754 0.40216461
 0.39914745 0.39784723 0.39877945 0.40198249 0.40755506 0.412791
 0.41789871 0.41450993 0.41589154 0.42366638 0.43972408 0.49718819]","[0.45117505 0.35047018 0.32245807 0.32721775 0.34240891 0.35642285
 0.36331085 0.36407334 0.37531568 0.37199886 0.37868522 0.39388606
 0.41457375 0.43013897 0.41501926 0.42733143 0.39039211 0.38284904
 0.37443277 0.36180556 0.36339936 0.37126426 0.37584378 0.38160698
 0.39941741 0.3944682  0.40063734 0.41685615 0.43736911 0.49162126]","[0.44892076 0.34783075 0.31832469 0.32265608 0.33756425 0.35119961
 0.3597402  0.36125856 0.37234581 0.36585466 0.3694735  0.37918401
 0.39400548 0.40752428 0.40025966 0.4143696  0.38050225 0.36889355
 0.35284273 0.35194315 0.41572728 0.52687402 0.67164636 0.78304227
 0.88262662 0.96942467 1.05498412 1.14444072 1.21369685 1.28238936]",0.0054640044,0.0065805716,mean_squared_error_optimizers.Nadam-
0.00029809881219019493,"[0.47913051 0.37589233 0.34433324 0.34863409 0.37268284 0.38533278
 0.38595623 0.37843586 0.36643712 0.35482929 0.35833505 0.36947852
 0.37563646 0.38126401 0.39187488 0.38620799 0.38564094 0.37972757
 0.3635623  0.35225505 0.36292408 0.373064   0.3877557  0.40986842
 0.41720232 0.41042166 0.41562394 0.42638789 0.4425454  0.49305786]","[0.4548681  0.35124692 0.31893116 0.32400893 0.34330849 0.35856902
 0.36637262 0.360849   0.37714832 0.37995266 0.38484577 0.39709951
 0.41213628 0.42163692 0.41363898 0.42872148 0.39250856 0.38075792
 0.3602239  0.33794916 0.33684763 0.34951767 0.37687582 0.38898365
 0.41181326 0.40222328 0.40444868 0.41872552 0.43771173 0.4943569 ]","[0.45000111 0.34630308 0.31466681 0.31946198 0.33913566 0.35541028
 0.3644643  0.35913368 0.37465566 0.37317957 0.37338552 0.38223697
 0.39676785 0.4092245  0.42052162 0.44269835 0.41705167 0.41490181
 0.40124148 0.3982071  0.45008701 0.54084271 0.67869322 0.78489869
 0.88626528 0.96706839 1.04799519 1.13378633 1.20175746 1.27185492]",0.005446333,0.0065858476,mean_squared_error_optimizers.Nadam-
0.00028916475407701606,"[0.45971474 0.36619348 0.34450592 0.34994626 0.34906011 0.35083502
 0.35820707 0.36668972 0.36337475 0.3533746  0.35691027 0.37175109
 0.37413877 0.38334022 0.37752843 0.38764767 0.38946461 0.39202895
 0.37368472 0.36442164 0.36601613 0.36435328 0.37977893 0.38504243
 0.38654437 0.39208004 0.39042492 0.39458207 0.40597724 0.46200053]","[0.42447792 0.33117066 0.30571606 0.30955642 0.32733312 0.33734557
 0.3441193  0.34698352 0.36368213 0.36186407 0.36280649 0.38145198
 0.40474601 0.42473185 0.4125027  0.42699715 0.38730799 0.37604366
 0.36127682 0.34092885 0.33622558 0.35035369 0.36420006 0.37425209
 0.39859689 0.39039959 0.39374283 0.40665968 0.42629435 0.47935808]","[0.41999375 0.32717114 0.30193137 0.30567647 0.32318275 0.33443886
 0.34183139 0.34612612 0.36111573 0.35428532 0.35039832 0.36366701
 0.38384577 0.40213898 0.40557025 0.42879092 0.39941712 0.3963755
 0.38373562 0.37854547 0.42717249 0.5223399  0.66483836 0.77364695
 0.87504308 0.95804318 1.04088411 1.12709336 1.19545852 1.26326453]",0.005350708,0.0064120227,mean_squared_error_optimizers.Nadam-
0.00027958746609510856,"[0.46551778 0.37056762 0.3488781  0.34744323 0.3589852  0.36786132
 0.37023637 0.37070095 0.35145984 0.34147005 0.34827789 0.36599023
 0.38000485 0.38361648 0.37833959 0.37674015 0.38337954 0.37629492
 0.37175414 0.36135279 0.36057998 0.37008296 0.37838987 0.38802866
 0.39458905 0.39998001 0.40143338 0.40301021 0.43011357 0.47801838]","[0.43067544 0.33661735 0.314947   0.31708553 0.3314222  0.34338871
 0.35015222 0.34918854 0.36769669 0.36987982 0.37769052 0.39426076
 0.41741669 0.43503058 0.42425817 0.43595722 0.39855216 0.39379505
 0.3771779  0.35376745 0.34601577 0.35480017 0.37264063 0.38426901
 0.41071882 0.40510871 0.40905459 0.42192011 0.4354879  0.48802687]","[0.42669869 0.33290016 0.31065231 0.31143449 0.32469821 0.33751619
 0.34441367 0.34418837 0.36141223 0.36027328 0.36564822 0.3792282
 0.39889202 0.41153144 0.41730512 0.4380194  0.41321058 0.42012984
 0.40935483 0.40074962 0.44399802 0.53257592 0.67476034 0.78384311
 0.88978203 0.97154185 1.0526866  1.13726705 1.20290434 1.26933259]",0.005295011,0.006342711,mean_squared_error_optimizers.Nadam-
0.0002741066200736289,"[0.45606497 0.35505827 0.32400784 0.32079553 0.32874449 0.33205384
 0.34119817 0.34766156 0.34731356 0.33220928 0.35470383 0.36437571
 0.36740985 0.3683531  0.38181768 0.38596643 0.37735673 0.37854207
 0.36397061 0.36142046 0.36182004 0.36005953 0.36537561 0.3751967
 0.38220656 0.38328176 0.39556677 0.40132219 0.42396831 0.48300809]","[0.4291603  0.33455709 0.30678915 0.30664268 0.32176173 0.33583293
 0.34546162 0.34923271 0.3612351  0.35868111 0.36146554 0.38043088
 0.40368329 0.41834603 0.40832461 0.42504392 0.39148444 0.38178355
 0.3617034  0.33900748 0.33210099 0.34381449 0.36672225 0.38114534
 0.4027004  0.39707366 0.40013171 0.40869657 0.42311905 0.47658439]","[0.42577293 0.33028524 0.30181776 0.30158716 0.31611646 0.3310356
 0.34170419 0.34480005 0.35586827 0.35042442 0.35182782 0.36957726
 0.38986322 0.40343082 0.40583956 0.43032157 0.4070741  0.40574765
 0.39037925 0.38499197 0.43340498 0.5285947  0.66966057 0.77853346
 0.88031806 0.96083177 1.0394885  1.12219651 1.18788474 1.25455355]",0.005228111,0.006312575,mean_squared_error_optimizers.Nadam-
0.00028526005199334275,"[0.45338189 0.36089564 0.34531599 0.35135996 0.35481188 0.35704094
 0.36217003 0.35996909 0.35353051 0.3364366  0.34961115 0.36446939
 0.36751325 0.37192064 0.37692699 0.38217747 0.38072471 0.3843655
 0.37594279 0.36676387 0.36369305 0.37815811 0.38241863 0.40008152
 0.404886   0.41080942 0.40768545 0.41273075 0.42253063 0.48507785]","[0.43282838 0.33629968 0.30374574 0.30545647 0.3213468  0.33428404
 0.33947209 0.33945482 0.35313154 0.35459306 0.35861956 0.37488363
 0.39081526 0.40447377 0.39369321 0.41025986 0.37431233 0.36049821
 0.34268644 0.32506781 0.33012907 0.34246081 0.36163976 0.37315621
 0.39239972 0.38476914 0.39091244 0.40698426 0.42772275 0.48458187]","[0.42641375 0.33006658 0.29861039 0.29963029 0.31482224 0.32912009
 0.33608432 0.33724287 0.35089179 0.34945102 0.35020599 0.3631234
 0.37416189 0.38087549 0.38162535 0.40417335 0.37369761 0.36743715
 0.34891674 0.34771504 0.41389565 0.51737053 0.66721998 0.77917478
 0.88020875 0.96179549 1.04238716 1.12821965 1.19718269 1.26590196]",0.005274321,0.00636109,mean_squared_error_optimizers.Nadam-
0.0002978797835142662,"[0.47840362 0.37808879 0.35775447 0.35111121 0.3668184  0.37824329
 0.39056627 0.3898611  0.37438626 0.36697575 0.37659026 0.39852101
 0.40013285 0.40318865 0.40422701 0.40772411 0.4026256  0.39866765
 0.39486594 0.3888655  0.39592704 0.40968562 0.414348   0.41445192
 0.43188565 0.44009632 0.44323022 0.45250015 0.46302691 0.50320617]","[0.43923326 0.33890246 0.31322665 0.32263283 0.33560582 0.34207994
 0.3514116  0.3540969  0.37315635 0.37386614 0.3797091  0.39731058
 0.41107886 0.41690172 0.40591853 0.42234774 0.39019136 0.38354816
 0.36926219 0.35293651 0.35586205 0.36868632 0.39151681 0.40287069
 0.42473161 0.41973736 0.42182518 0.42332062 0.42939398 0.47592761]","[0.43436387 0.33483555 0.30926745 0.31779169 0.33010736 0.33709731
 0.34763682 0.3521865  0.36960038 0.36508296 0.36384985 0.37761208
 0.39316293 0.40254208 0.40939541 0.43040726 0.40608279 0.40739823
 0.39154951 0.38543159 0.43930363 0.53556902 0.68064895 0.79244028
 0.89077696 0.97223821 1.05168244 1.13283647 1.19476096 1.25883041]",0.0053489394,0.0064502642,mean_squared_error_optimizers.Nadam-
0.00029724559201470887,"[0.47537378 0.38478963 0.3584361  0.37554429 0.38491828 0.39403649
 0.38715045 0.3830696  0.38478937 0.38566508 0.38854209 0.39377278
 0.40478037 0.41298113 0.41091031 0.40840412 0.41086598 0.40363448
 0.39745561 0.38901758 0.38899784 0.39908829 0.40121077 0.41720052
 0.41806958 0.42531216 0.43891268 0.43529712 0.44707792 0.49656684]","[0.4600337  0.36375191 0.33343516 0.33742639 0.35385363 0.36781094
 0.38237241 0.3776575  0.39015269 0.38187924 0.38472314 0.40186482
 0.41467552 0.4245709  0.4166221  0.43463832 0.40008388 0.39017568
 0.37423858 0.35826014 0.35835474 0.36738487 0.3871765  0.39748141
 0.41876436 0.4143428  0.41887625 0.42757175 0.43723983 0.48041304]","[0.45313475 0.35558903 0.32562374 0.33174844 0.34805416 0.36154459
 0.37560259 0.37068312 0.38287323 0.37255533 0.36968556 0.38219858
 0.39482091 0.40586362 0.41648845 0.44484859 0.42455178 0.42815796
 0.41924648 0.41701731 0.46466175 0.55179827 0.68757119 0.78913679
 0.88344314 0.9617266  1.03959722 1.12192387 1.18712644 1.251861  ]",0.005272098,0.0063386583,mean_squared_error_optimizers.Nadam-
0.0002745636940623323,"[0.43634041 0.3418201  0.32630015 0.33294993 0.3412263  0.3528521
 0.35327515 0.35303369 0.34620124 0.3352548  0.34194722 0.36087846
 0.37618052 0.38261025 0.3817236  0.37676419 0.37541998 0.36890954
 0.35751747 0.34915183 0.34637336 0.36198206 0.3744546  0.38653774
 0.39827767 0.3929531  0.39254681 0.39948079 0.41305363 0.47236054]","[0.4213258  0.32998651 0.30364244 0.31356639 0.33279814 0.34829879
 0.35631499 0.35387496 0.36498683 0.3648655  0.36077669 0.37666962
 0.39815558 0.41231159 0.41133275 0.42549476 0.38647327 0.37371169
 0.35708503 0.33611699 0.3349309  0.34266245 0.36638401 0.37357205
 0.39119207 0.38368291 0.38841573 0.39920719 0.41448109 0.46846665]","[0.41467142 0.3222462  0.29513246 0.30631467 0.325023   0.34070424
 0.35039476 0.34750128 0.35851517 0.35606968 0.34928244 0.36315248
 0.38274517 0.39591841 0.40419343 0.4197544  0.38717285 0.38260675
 0.36774103 0.36627259 0.42358672 0.5214877  0.66945527 0.78066115
 0.88440688 0.9670895  1.04944513 1.13354832 1.20140952 1.26989415]",0.0051031867,0.006180541,mean_squared_error_optimizers.Nadam-
0.00027975040420036144,"[0.47296979 0.36492174 0.34517423 0.34936105 0.37127224 0.37798065
 0.37849795 0.37014904 0.35529885 0.34063706 0.35482375 0.36301861
 0.37618439 0.38858734 0.39727676 0.39616366 0.39939846 0.38169987
 0.38268322 0.36409417 0.37155868 0.38526581 0.39193474 0.39427122
 0.39847669 0.40206275 0.41415442 0.4216674  0.44277935 0.50038729]","[0.4221938  0.32965391 0.30684666 0.30978887 0.32611172 0.33693172
 0.34336531 0.34313244 0.35725492 0.35702499 0.35859549 0.3768474
 0.39686313 0.40660847 0.40099649 0.41336644 0.37799746 0.36861224
 0.35264548 0.3328595  0.33101126 0.33482105 0.3601547  0.36836179
 0.3903479  0.38457376 0.39054752 0.40513769 0.42359329 0.47993163]","[0.41719259 0.32485903 0.30213843 0.30577814 0.32161965 0.33265947
 0.34091627 0.33991303 0.35183768 0.34909457 0.34578558 0.3588965
 0.37514739 0.38466168 0.39297072 0.41668007 0.39491076 0.39114439
 0.37685035 0.37345333 0.4281384  0.52962422 0.67458053 0.78368592
 0.87879789 0.96350029 1.04506675 1.13051953 1.19607395 1.26385271]",0.0052049533,0.006292412,mean_squared_error_optimizers.Nadam-
