0.02575579123198986,"[1.72197528 1.73020833 1.74199571 1.74402945 1.73550073 1.71998457
 1.69809319 1.66577443 1.63209053 1.5969249  1.55738139 1.52189913
 1.48358783 1.43869434 1.39139108 1.34376432 1.28902677 1.23550683
 1.18461468 1.12457334 1.06380177 1.00172478 0.92788633 0.84827175
 0.76784991 0.67092498 0.57141158 0.48725385 0.45588478 0.51184247]","[1.71172868 1.68546539 1.67363713 1.66401537 1.65439452 1.64245041
 1.61946812 1.5973039  1.59167565 1.56367241 1.52557173 1.48649562
 1.44744124 1.39911302 1.33544368 1.28304096 1.1982246  1.15188992
 1.10386894 1.03941432 0.97603419 0.90007344 0.82919131 0.74411794
 0.67246695 0.56477962 0.46254375 0.39152395 0.36856807 0.43141652]","[1.49532369 1.43609618 1.39495436 1.36523937 1.33601282 1.31191092
 1.27405658 1.23764103 1.19452641 1.14004593 1.06352547 0.98854338
 0.909383   0.81861289 0.69634468 0.59292704 0.46375271 0.35043687
 0.3227775  0.38178856 0.49336169 0.62130806 0.76253843 0.86430737
 0.95314367 1.02201456 1.09043282 1.16367645 1.22272818 1.27745712]",0.008231677,0.0010116282,mean_absolute_error_optimizers.Adam-
0.022019549146294594,"[1.66572236 1.66384408 1.66729497 1.6519132  1.63505845 1.614083
 1.58308888 1.55631063 1.52710301 1.49456685 1.46377426 1.42385274
 1.39162592 1.35096983 1.30869727 1.26353929 1.2146276  1.16772716
 1.11473758 1.05815524 1.0031042  0.94396486 0.8771107  0.805441
 0.73259142 0.65211901 0.56550839 0.50889865 0.49230009 0.54882894]","[1.67539101 1.64659177 1.62785433 1.61040915 1.59537283 1.58114612
 1.55689983 1.53440401 1.52849338 1.50038056 1.46202271 1.42344398
 1.38481892 1.33716587 1.27442855 1.22294843 1.14036993 1.09479965
 1.04785804 0.98590614 0.92524563 0.85302099 0.78647486 0.70652542
 0.64137659 0.54151367 0.45070113 0.39530393 0.38245612 0.44641835]","[1.46209462 1.40411388 1.36039627 1.32650719 1.29553223 1.27106286
 1.23404785 1.19867438 1.15737394 1.10394205 1.02873024 0.95621658
 0.87847171 0.78843797 0.66859029 0.56725166 0.44314106 0.33303073
 0.31074143 0.37238032 0.48358011 0.61058712 0.74907025 0.85034534
 0.94095953 1.00988529 1.07816618 1.15102812 1.20848025 1.26280711]",0.007784876,0.0009765807,mean_absolute_error_optimizers.Adam-
0.020414981996019682,"[1.38723537 1.34647146 1.30696828 1.26723941 1.21820896 1.17070351
 1.12018081 1.07550588 1.02889169 0.99085601 0.95875546 0.93319967
 0.90812071 0.87936359 0.85224295 0.82239636 0.79541814 0.76759233
 0.75297663 0.7548305  0.77021265 0.79383288 0.81728905 0.83780334
 0.85606306 0.8725203  0.89774755 0.92746343 0.95736783 1.00541822]","[1.41408071 1.34716859 1.29434306 1.24354515 1.2013506  1.16395999
 1.11838631 1.07946395 1.06105204 1.02758223 0.98553348 0.95149192
 0.91891105 0.87776271 0.82834045 0.7964434  0.73875297 0.71039203
 0.69942594 0.6843806  0.67769845 0.67804292 0.69285247 0.71030491
 0.74253835 0.73865761 0.74871941 0.78211238 0.8194504  0.8686437 ]","[1.31423621 1.23098101 1.16413741 1.0990502  1.04206829 0.99217979
 0.9342373  0.88214753 0.845881   0.80080537 0.74724391 0.71058673
 0.67524236 0.63551143 0.59071395 0.57107617 0.53117266 0.52722901
 0.56308796 0.61657853 0.68756672 0.77292553 0.86549508 0.94915299
 1.04113089 1.09433035 1.14938553 1.21144802 1.26314638 1.30994421]",0.0038143455,0.0010076578,mean_absolute_error_optimizers.Adam-
0.018157814969619115,"[1.32525364 1.27951775 1.24087733 1.19155559 1.14022417 1.08258355
 1.02667822 0.97149454 0.9178683  0.87369134 0.84444328 0.82104323
 0.80189513 0.78413299 0.75933815 0.72708138 0.70872331 0.69321171
 0.68586467 0.69944649 0.73843659 0.78080883 0.83151255 0.88076009
 0.9254526  0.96762445 1.00282374 1.03833104 1.07480781 1.11567317]","[1.31719445 1.23089796 1.16144249 1.09689744 1.04205539 0.99477938
 0.93800592 0.88683278 0.85701305 0.82250353 0.78268698 0.75991742
 0.73955801 0.71103704 0.67429401 0.65932066 0.61437444 0.60176984
 0.6111214  0.62241345 0.64864294 0.68887651 0.74605827 0.79690244
 0.85770576 0.8818098  0.91534364 0.96101462 1.00500207 1.04951193]","[1.28384272 1.19346522 1.12023901 1.05081515 0.99091539 0.93974086
 0.87933795 0.82319005 0.78287605 0.74186208 0.6964495  0.67307884
 0.65259386 0.62852948 0.59889777 0.59290456 0.56010896 0.56211769
 0.59610626 0.64330347 0.70677883 0.78765071 0.88128318 0.96297225
 1.05076384 1.10201665 1.15692291 1.21767536 1.27054416 1.31663585]",0.0028103744,0.0023895162,mean_absolute_error_optimizers.Adam-
0.01750509399672349,"[1.3176268  1.27215449 1.23072911 1.18439452 1.13280135 1.07533306
 1.02068479 0.95946969 0.90591647 0.86115646 0.82963071 0.80314269
 0.7796413  0.75587964 0.73180074 0.70617024 0.67361107 0.65190467
 0.64437826 0.66666638 0.71830319 0.77140891 0.82432699 0.87938811
 0.92778654 0.97532827 1.01176682 1.04870882 1.08883729 1.1332711 ]","[1.31533307 1.23103056 1.1610383  1.09619698 1.04105754 0.99346288
 0.93699103 0.88427932 0.85120745 0.81097742 0.76940967 0.74575249
 0.72449899 0.69534513 0.656586   0.63686741 0.58971414 0.56826169
 0.57473356 0.5871448  0.6193233  0.66939862 0.73132978 0.78711633
 0.85450397 0.88511883 0.92298551 0.97120108 1.01601027 1.06189143]","[1.29112799 1.20388624 1.13069418 1.06156955 1.00173861 0.95083052
 0.89148086 0.83501365 0.79313708 0.74745666 0.70125421 0.67773365
 0.6574935  0.63269944 0.5997485  0.58775869 0.55057799 0.54195915
 0.57064612 0.61488159 0.67908932 0.76276158 0.85545753 0.93734495
 1.02732587 1.08066545 1.13658465 1.19816973 1.25140212 1.29887086]",0.0025425204,0.002430281,mean_absolute_error_optimizers.Adam-
0.01733392663796743,"[1.31730961 1.27930962 1.2314494  1.17954292 1.12713975 1.07347272
 1.02183673 0.96177836 0.89968851 0.85398107 0.81917244 0.79174769
 0.76841367 0.74081884 0.71943364 0.69713025 0.67312728 0.64397604
 0.63562593 0.65673273 0.71007101 0.77412266 0.82940224 0.88994007
 0.94409996 0.99192114 1.03857765 1.0792294  1.12404964 1.15955266]","[1.30412219 1.22508172 1.15812923 1.09378417 1.03825046 0.99135458
 0.93443124 0.88027643 0.84418674 0.8027421  0.76099525 0.73639806
 0.71518238 0.68518426 0.64183532 0.6201306  0.5691429  0.54166329
 0.54359295 0.55537959 0.58846339 0.6435324  0.71165821 0.7709599
 0.83966082 0.87461697 0.91529322 0.9668833  1.01153515 1.05687046]","[1.28566546 1.20422336 1.13484329 1.06719917 1.00842235 0.95996287
 0.90162596 0.84506517 0.80044979 0.7537401  0.70749789 0.68274672
 0.66187955 0.63560332 0.59692465 0.58126286 0.53781172 0.52006873
 0.54250198 0.58498188 0.64993124 0.73724145 0.8342934  0.91759628
 1.00662976 1.06217105 1.11923798 1.18292436 1.23531272 1.28249057]",0.002499709,0.0025994545,mean_absolute_error_optimizers.Adam-
0.016907460066179436,"[1.2947797  1.24892452 1.20074947 1.15682644 1.10347077 1.05110407
 0.99309931 0.93036825 0.86822897 0.81618665 0.78376651 0.76061259
 0.74136471 0.72049937 0.69758455 0.67013132 0.64520623 0.6236212
 0.6097796  0.62635059 0.68214718 0.73746247 0.79834823 0.84935841
 0.90420081 0.95669582 1.00104015 1.0415604  1.08294613 1.12612153]","[1.29240937 1.21207904 1.14322075 1.0781103  1.02046452 0.97144417
 0.91304028 0.85746633 0.81846455 0.77658889 0.73785582 0.71657306
 0.69662372 0.66971815 0.62915997 0.61448784 0.56783944 0.54368217
 0.55008004 0.56712206 0.60356976 0.66111688 0.73453937 0.79590264
 0.86364836 0.89915054 0.93988169 0.99003341 1.0340459  1.07713844]","[1.27941653 1.19720579 1.12663817 1.05939551 1.00023453 0.95121354
 0.89276479 0.83556504 0.7888263  0.74309321 0.70229302 0.68358932
 0.66741939 0.64672902 0.61229792 0.60332607 0.56433703 0.54797051
 0.5707928  0.61213765 0.67360111 0.75783815 0.85457614 0.93550003
 1.01972665 1.07353657 1.12935064 1.19131989 1.24300305 1.2885565 ]",0.0023473469,0.002752593,mean_absolute_error_optimizers.Adam-
0.01668477531025807,"[1.24294498 1.19660194 1.14562518 1.09464057 1.0438427  0.98302726
 0.92894046 0.878027   0.82194199 0.77973633 0.76243134 0.74869655
 0.72521742 0.70701803 0.68353343 0.65726929 0.63565852 0.61652284
 0.60557101 0.62272898 0.67429476 0.72666751 0.78560607 0.83926546
 0.89709931 0.93679123 0.97177569 1.01247142 1.0536678  1.08991289]","[1.2712945  1.18782015 1.11521451 1.04601697 0.9858231  0.93540135
 0.87697361 0.82430602 0.78993117 0.75141101 0.71388238 0.69594328
 0.67968259 0.65521289 0.61960901 0.60690546 0.56184469 0.53692752
 0.53904157 0.54749443 0.5771263  0.62918522 0.69863887 0.75768973
 0.82246947 0.85356962 0.88858178 0.93355803 0.97301637 1.01287172]","[1.26234628 1.1770969  1.10322974 1.03208058 0.97071232 0.92047441
 0.86116609 0.8052097  0.76335676 0.72161625 0.68371828 0.66866558
 0.65581057 0.6356737  0.6032887  0.5914131  0.54872443 0.52870405
 0.54679974 0.58304664 0.64338641 0.72747797 0.82524157 0.90921594
 0.9965662  1.05284906 1.11045307 1.17418674 1.22735425 1.27458757]",0.0026152467,0.0032459104,mean_absolute_error_optimizers.Adam-
0.016214520660539467,"[1.25081474 1.20001257 1.14712886 1.08616015 1.03794604 0.97679098
 0.91439536 0.85660913 0.80050346 0.75876511 0.74661566 0.73434677
 0.72459949 0.71238387 0.69975576 0.68011892 0.66481839 0.6447903
 0.63480124 0.64897382 0.69344376 0.74468962 0.79724317 0.84319726
 0.88697263 0.92266028 0.95882582 0.99297962 1.02701577 1.0669919 ]","[1.24032664 1.15146322 1.07314363 0.99862883 0.93212718 0.87665528
 0.81547565 0.76018586 0.7275041  0.69572371 0.66692263 0.66030616
 0.65183319 0.63588042 0.60980741 0.60674006 0.56804868 0.55052189
 0.55633665 0.56678167 0.59614967 0.64583131 0.7113756  0.76810862
 0.83229155 0.8622205  0.89446842 0.93809353 0.97466839 1.01516305]","[1.23511177 1.14411707 1.0641302  0.98730685 0.92029865 0.86501862
 0.80313888 0.7452788  0.70807886 0.67671087 0.65138683 0.64954435
 0.64599412 0.63532842 0.61232056 0.60884416 0.57221417 0.55892548
 0.57738384 0.61024888 0.66499977 0.74502429 0.83791689 0.91994552
 1.00940717 1.06840704 1.12722108 1.19265944 1.24539661 1.29399325]",0.0027369182,0.0035537817,mean_absolute_error_optimizers.Adam-
0.01573722541332245,"[1.18261118 1.12566929 1.07164709 1.01486724 0.95913572 0.90362533
 0.84516835 0.78983454 0.74131353 0.71139099 0.70211976 0.69490503
 0.69428876 0.69178909 0.68615187 0.67519457 0.65812632 0.63962378
 0.6305763  0.63518318 0.67412219 0.71995997 0.75980178 0.7971439
 0.83697331 0.87505661 0.91204684 0.94075339 0.97432505 1.01959272]","[1.20117815 1.1066305  1.02345937 0.94268169 0.87168307 0.81139592
 0.74781605 0.69306786 0.66440671 0.63877737 0.62261768 0.62986372
 0.63435006 0.6291     0.61294284 0.61585701 0.58236337 0.56673218
 0.57035552 0.57715342 0.60088203 0.64561323 0.70231871 0.75354997
 0.81396086 0.83751304 0.86599788 0.90771748 0.94563034 0.98590726]","[1.19784249 1.10068696 1.01476183 0.93033626 0.85788584 0.79692056
 0.73195082 0.67462405 0.64264308 0.61943337 0.60941582 0.62295813
 0.63342618 0.63395922 0.62049362 0.6215111  0.58643088 0.57126092
 0.58317821 0.60969746 0.65854683 0.73533217 0.82450894 0.90720097
 0.99911102 1.0576227  1.11742415 1.18486356 1.24140681 1.29212178]",0.002793174,0.0037843783,mean_absolute_error_optimizers.Adam-
0.01532316985229651,"[1.14252184 1.07454864 1.01266459 0.94868451 0.89751424 0.83378445
 0.77423508 0.71858472 0.66596674 0.6355168  0.62905983 0.63806859
 0.64778531 0.65812876 0.65793687 0.65368599 0.64214757 0.63469848
 0.62181973 0.62094477 0.64870576 0.68135694 0.72904844 0.76655101
 0.80176347 0.83271726 0.86298598 0.88729913 0.92442346 0.96698872]","[1.16436511 1.06666095 0.98184422 0.90127029 0.82988491 0.76873585
 0.70543283 0.65284709 0.63133529 0.61569734 0.60629718 0.61969862
 0.62750612 0.62453512 0.61118127 0.61553481 0.58404985 0.56628191
 0.56416623 0.56125489 0.57520749 0.61001512 0.66296798 0.70850373
 0.7617608  0.7807053  0.80416305 0.84192773 0.87546878 0.9170204 ]","[1.16016034 1.05920744 0.97027192 0.88493839 0.81085476 0.74883713
 0.68452404 0.62966063 0.60547113 0.59242097 0.58821708 0.60606199
 0.615643   0.6114788  0.59190382 0.58599004 0.54504947 0.51875859
 0.52133003 0.54404198 0.59767016 0.68226329 0.7811922  0.86936994
 0.96458135 1.02846934 1.09231254 1.16273823 1.2202317  1.27342325]",0.002781037,0.0038887376,mean_absolute_error_optimizers.Adam-
0.014864489336808522,"[1.11834301 1.05013904 0.99186784 0.93000841 0.87120829 0.80396148
 0.74154092 0.69111125 0.63911162 0.60380577 0.61238579 0.63284732
 0.65394752 0.66129785 0.66404902 0.66453054 0.64728597 0.63096075
 0.61073497 0.61062868 0.63260632 0.67226159 0.71031044 0.7461436
 0.77825336 0.80725554 0.83364715 0.86422384 0.89736467 0.94021445]","[1.1285989  1.02434641 0.93691983 0.8515375  0.77807112 0.71447115
 0.64930717 0.59468591 0.57425314 0.56281609 0.5661993  0.5902941
 0.60787091 0.61324529 0.60585659 0.61432106 0.58547123 0.56588385
 0.55689677 0.54424321 0.55259192 0.58359039 0.63036766 0.67102711
 0.72147153 0.73663461 0.75890358 0.7982278  0.8348811  0.87986569]","[1.12288258 1.01468758 0.92135329 0.82995781 0.75291497 0.68845591
 0.62388601 0.56975507 0.5506191  0.54512244 0.5556454  0.58528636
 0.60535368 0.61063507 0.59797257 0.59453626 0.55141441 0.51967985
 0.51294377 0.52408957 0.57217019 0.6563979  0.75558416 0.84740973
 0.9483229  1.01525787 1.08214992 1.15590184 1.21610421 1.27123277]",0.002963286,0.0040170355,mean_absolute_error_optimizers.Adam-
0.014101258394618829,"[1.07038585 0.98920175 0.92224614 0.8627854  0.79348376 0.73840738
 0.67485704 0.62418449 0.583748   0.56599964 0.58633284 0.61527967
 0.64389801 0.66141949 0.66669619 0.66146573 0.64879034 0.62848192
 0.6045268  0.58846178 0.61176001 0.64163401 0.67450788 0.70648144
 0.72965383 0.76020496 0.78618506 0.8171541  0.85474196 0.89953582]","[1.07828162 0.96691072 0.87672776 0.78895617 0.71399356 0.65000497
 0.58653099 0.5353951  0.52097626 0.51956954 0.53820555 0.57345483
 0.59918003 0.61369807 0.60912283 0.6211255  0.58624155 0.55810747
 0.54408537 0.52146881 0.52320711 0.54871658 0.597206   0.63243163
 0.67221195 0.68617842 0.70897307 0.75006944 0.78510055 0.83338282]","[1.07446288 0.96007596 0.86394187 0.76965197 0.69038239 0.62507863
 0.56223757 0.51158866 0.49889538 0.50335045 0.52584155 0.56258116
 0.58601497 0.59522493 0.58173011 0.57986589 0.5269529  0.47961334
 0.46171716 0.46330602 0.5152545  0.60683489 0.72043204 0.818199
 0.91740666 0.99033274 1.06200459 1.13849861 1.19745702 1.25356725]",0.0029859892,0.0041352375,mean_absolute_error_optimizers.Adam-
0.013649953238666057,"[1.01688097 0.93162927 0.85757214 0.79627691 0.73038031 0.66750028
 0.61448455 0.55666724 0.51179321 0.50505035 0.53454172 0.57885063
 0.60968258 0.63349991 0.65121033 0.651823   0.63661496 0.61586792
 0.59121893 0.57443414 0.59461661 0.61910267 0.65215762 0.68335638
 0.71259717 0.73391517 0.7602757  0.79149266 0.82852739 0.87746162]","[1.02338182 0.90791835 0.81484794 0.72665754 0.64983798 0.58186774
 0.51737943 0.45789563 0.44847267 0.45395902 0.48243577 0.52867895
 0.56555932 0.59044329 0.59988597 0.61614269 0.58235606 0.55363928
 0.53479231 0.50663986 0.50517849 0.52944212 0.58249273 0.61787465
 0.65510252 0.67079233 0.695458   0.73812579 0.7732482  0.82271608]","[1.02234762 0.90468077 0.80576343 0.71123443 0.63085775 0.56081807
 0.49699317 0.43915847 0.43493405 0.4494171  0.48399053 0.53303113
 0.56887629 0.5890152  0.59200318 0.59334797 0.54153046 0.49353645
 0.46826355 0.46142539 0.51127143 0.60193474 0.72118597 0.81931384
 0.91568332 0.98871705 1.06089958 1.13845326 1.19782518 1.25477933]",0.003000095,0.0043027317,mean_absolute_error_optimizers.Adam-
0.012890544193486373,"[0.98538413 0.89543897 0.82375233 0.75791824 0.69694071 0.6369809
 0.58248452 0.54209997 0.5067495  0.50128773 0.53901908 0.57470705
 0.61370426 0.6371253  0.64450359 0.64144569 0.63337064 0.60516935
 0.58196663 0.56013279 0.57177074 0.59512855 0.6262292  0.65550191
 0.67901559 0.71467073 0.74030022 0.76483662 0.8045751  0.849506  ]","[0.97457538 0.8535747  0.75859723 0.67249209 0.60162743 0.54061729
 0.48675145 0.43370284 0.43082955 0.43984828 0.46939598 0.51439217
 0.55321621 0.57952942 0.59135399 0.60577872 0.56852786 0.53631496
 0.5120534  0.47968048 0.47839237 0.50482345 0.56570915 0.60335876
 0.64052535 0.6561988  0.68280609 0.72752662 0.76439549 0.81495857]","[0.97281155 0.85116877 0.75151924 0.66041917 0.5874213  0.52568389
 0.47406911 0.42424829 0.42675128 0.445331   0.48094728 0.5291665
 0.56735958 0.58930563 0.59594396 0.59700397 0.5429556  0.4936565
 0.46372951 0.45280614 0.50224567 0.59485982 0.72186737 0.82262091
 0.91933957 0.99349735 1.06720795 1.14589026 1.20561034 1.2621008 ]",0.0031536254,0.0043786257,mean_absolute_error_optimizers.Adam-
0.012419056149820487,"[0.92367013 0.83082212 0.75669289 0.69241603 0.63916868 0.59205916
 0.54508551 0.50847064 0.47692942 0.47255301 0.5100222  0.54631596
 0.58056477 0.60712414 0.62226314 0.62167672 0.60984894 0.58379941
 0.55710102 0.53583781 0.54121534 0.56894114 0.60705281 0.63836412
 0.66389558 0.69174895 0.71892088 0.75631321 0.78958383 0.82948146]","[0.93494468 0.81021201 0.71859693 0.63589544 0.57020991 0.51764145
 0.47138698 0.42585857 0.42633356 0.43572828 0.46567158 0.51107864
 0.55154842 0.5784271  0.5874935  0.60392525 0.56695379 0.53363134
 0.50668121 0.47262961 0.4687514  0.49075105 0.54959328 0.58612302
 0.62291973 0.6417834  0.66961597 0.71542286 0.75256838 0.80323403]","[0.93232668 0.80689285 0.71127104 0.62481068 0.55764726 0.50426762
 0.45937985 0.41566208 0.41987597 0.43760105 0.47126569 0.51742325
 0.55525896 0.57637756 0.57903661 0.58022177 0.52367282 0.47007114
 0.43787591 0.42795749 0.48278277 0.57760755 0.70753721 0.80828695
 0.90408194 0.9800212  1.05433532 1.13309637 1.19231113 1.24821713]",0.0030861502,0.0043590986,mean_absolute_error_optimizers.Adam-
0.01213801791270574,"[0.93208456 0.83005497 0.74788867 0.69198114 0.64618904 0.60115607
 0.56089137 0.52353051 0.49920066 0.49648588 0.53195443 0.56675152
 0.59592548 0.62151273 0.63775838 0.63868662 0.63065222 0.60632704
 0.57999688 0.55689728 0.56691406 0.59570268 0.62035481 0.64908179
 0.6820293  0.70694506 0.73396237 0.75791284 0.78933097 0.83010358]","[0.89665952 0.7706735  0.67664143 0.59375585 0.53359967 0.49036264
 0.45412695 0.41966871 0.42523367 0.43972719 0.46686936 0.51211605
 0.554005   0.58317099 0.58890313 0.60343328 0.56380694 0.53027837
 0.50424629 0.46948308 0.46494199 0.48586465 0.54373149 0.57770791
 0.61295378 0.63143459 0.66005557 0.70655979 0.74353538 0.79402204]","[0.89511371 0.76884708 0.67184899 0.58539211 0.52331756 0.47801791
 0.44177582 0.40713037 0.41528168 0.43808743 0.4700977  0.51664622
 0.55583277 0.57888747 0.57670336 0.57769203 0.51839062 0.46376806
 0.42946265 0.41640623 0.47313275 0.57237012 0.70649685 0.80863934
 0.90516118 0.98271049 1.05830427 1.13832356 1.1983265  1.25513396]",0.0032449919,0.0045075105,mean_absolute_error_optimizers.Adam-
0.011745689051846663,"[0.86362872 0.76970197 0.69696549 0.64352447 0.60147605 0.56638631
 0.53044582 0.50324129 0.48693739 0.48209182 0.51294513 0.55234739
 0.58417273 0.60765091 0.61519027 0.614696   0.60571893 0.58519532
 0.55787706 0.5310561  0.54441771 0.56878987 0.59464349 0.61789888
 0.64203903 0.67089792 0.70357769 0.73046912 0.77210028 0.81283985]","[0.85828874 0.7339591  0.64372156 0.56409005 0.50738733 0.46901202
 0.43992168 0.41124945 0.42098004 0.43298041 0.45933452 0.50204872
 0.54280745 0.57128574 0.58207044 0.59490091 0.55941227 0.52586088
 0.49814094 0.46183308 0.45841459 0.48213579 0.53987624 0.57345773
 0.60563378 0.62264022 0.64991673 0.69440842 0.73158875 0.78311448]","[0.85453942 0.73011257 0.63782883 0.55562842 0.4975416  0.45736773
 0.42792189 0.39832579 0.40968786 0.42973927 0.46012971 0.50360203
 0.54173709 0.56373806 0.56901127 0.56798939 0.51398434 0.46170524
 0.42636707 0.41338655 0.47515354 0.57643082 0.70794982 0.80980445
 0.90562242 0.98187782 1.05654978 1.13563609 1.19605497 1.25342006]",0.0032228213,0.004577487,mean_absolute_error_optimizers.Adam-
0.01145253948867321,"[0.83239393 0.73309836 0.65659261 0.59959292 0.55813311 0.52899257
 0.50604643 0.48271538 0.47002198 0.47637291 0.50860227 0.53888858
 0.57558789 0.60170541 0.6139366  0.61722309 0.6028649  0.5835243
 0.55758676 0.52933276 0.54295252 0.56950449 0.59747072 0.62612657
 0.6507297  0.6794118  0.7036917  0.73537598 0.76841183 0.81558382]","[0.81490897 0.68895838 0.5971522  0.52154365 0.47402664 0.44378222
 0.4223298  0.4015981  0.41418003 0.42720141 0.45244526 0.49402545
 0.53434756 0.56183603 0.57670834 0.59016389 0.55781309 0.52516546
 0.49607108 0.45693066 0.4480128  0.4687448  0.5264269  0.56197122
 0.59631894 0.61523315 0.64307142 0.68836128 0.72600373 0.77746774]","[0.81113093 0.68520476 0.59235166 0.51469265 0.46686243 0.43572139
 0.41487092 0.39467292 0.40961206 0.43004005 0.46130492 0.50422494
 0.54305219 0.56543162 0.57624468 0.58046429 0.53384658 0.48472251
 0.44863738 0.4305211  0.48209092 0.57711336 0.70697973 0.81069029
 0.90921439 0.98898898 1.06605634 1.1467662  1.20809759 1.26596975]",0.0032939608,0.0047107944,mean_absolute_error_optimizers.Adam-
0.011157199246188005,"[0.80478438 0.71176769 0.64312957 0.58768269 0.54564324 0.52059362
 0.49744211 0.47699895 0.4699574  0.46549976 0.49066007 0.52935
 0.56526046 0.58996968 0.60656531 0.612873   0.60809582 0.59022613
 0.55421975 0.52741341 0.53744457 0.55616798 0.5891776  0.61434502
 0.64285345 0.66808895 0.69887132 0.72685486 0.76219372 0.80841787]","[0.78374783 0.65620114 0.5643037  0.49555528 0.45383048 0.42945934
 0.4150757  0.40033755 0.41601603 0.4241961  0.44871894 0.49080092
 0.5322392  0.56120829 0.57664443 0.59101646 0.56080412 0.52664724
 0.49415226 0.45225422 0.44373272 0.46362457 0.51482741 0.54838044
 0.5845982  0.60472518 0.63341944 0.67873694 0.71639214 0.76785701]","[0.78061102 0.65375273 0.56099156 0.48956835 0.44619492 0.41872887
 0.40245259 0.38470231 0.39955073 0.41178559 0.43915142 0.48021418
 0.51699221 0.53826623 0.54889815 0.55208635 0.50499994 0.45137698
 0.4109757  0.39365062 0.45638078 0.56050132 0.68844818 0.7957194
 0.89908642 0.97994435 1.05711362 1.13700003 1.19764321 1.25472599]",0.0033253038,0.0045588417,mean_absolute_error_optimizers.Adam-
0.010896626360714435,"[0.79854137 0.69533    0.62262201 0.57596654 0.54442384 0.52182529
 0.50340942 0.49050797 0.47612893 0.47578942 0.50592608 0.53867018
 0.56779469 0.5938606  0.61112113 0.61175183 0.60180351 0.58720984
 0.55414646 0.53383625 0.5467711  0.57204035 0.59732984 0.62405743
 0.64872373 0.67751271 0.70329313 0.73405717 0.76531909 0.81420227]","[0.75886509 0.63204423 0.53815992 0.47108892 0.43508815 0.41792115
 0.40923035 0.39920859 0.41411987 0.421384   0.44316004 0.48220129
 0.52122842 0.54850074 0.56464898 0.58021119 0.55121951 0.52314464
 0.49685679 0.45892496 0.44891082 0.46660531 0.51734438 0.5481056
 0.57980243 0.59583957 0.62329145 0.6682312  0.70685325 0.75876825]","[0.75532355 0.62935434 0.53579015 0.46717277 0.43071131 0.41201244
 0.40343477 0.39249027 0.40850085 0.42180689 0.44920712 0.48889518
 0.5255948  0.5474349  0.56258652 0.56921707 0.52549901 0.48124858
 0.44729337 0.43025767 0.48319102 0.57927897 0.69373428 0.79783078
 0.90012658 0.97804292 1.05511232 1.135457   1.19678482 1.25415462]",0.00327835,0.004820543,mean_absolute_error_optimizers.Adam-
0.010646435387432575,"[0.7563724  0.65169312 0.58396941 0.53201804 0.50771282 0.4947204
 0.47900968 0.46757196 0.45460418 0.44946468 0.47750746 0.51571809
 0.55248509 0.58202801 0.59825204 0.60522473 0.59461866 0.57955729
 0.55338364 0.52566655 0.5403098  0.55985302 0.58809766 0.61714204
 0.64290354 0.66678739 0.69340719 0.71451946 0.75307551 0.79903009]","[0.72644889 0.59660775 0.50640947 0.4450161  0.416311   0.40627304
 0.4027381  0.39481789 0.40630946 0.41033971 0.43306998 0.47567708
 0.51723279 0.54676724 0.56381636 0.57836371 0.5505809  0.52001616
 0.4903781  0.45160914 0.44182618 0.45973315 0.51006554 0.54346572
 0.57658195 0.59398889 0.62122377 0.66534447 0.70444833 0.75765044]","[0.72294692 0.5943523  0.50418972 0.44113617 0.41178379 0.39947382
 0.39521467 0.38611817 0.39849404 0.40828914 0.43582894 0.47822499
 0.51714436 0.54156819 0.5569714  0.56393675 0.52328159 0.47976144
 0.44614297 0.42812967 0.47948878 0.57424279 0.68752849 0.79348795
 0.89779563 0.97688832 1.05400604 1.13441414 1.19655314 1.25463391]",0.0032527633,0.0048531736,mean_absolute_error_optimizers.Adam-
0.010326765070358911,"[0.74277973 0.64309871 0.57397454 0.52495239 0.5050896  0.49847084
 0.48810769 0.47476882 0.45937997 0.45273455 0.48167166 0.5215551
 0.55088323 0.57890999 0.60231082 0.60992104 0.59488025 0.57731909
 0.55013776 0.52716548 0.5393266  0.55648954 0.5844923  0.611489
 0.63894702 0.66420121 0.69188165 0.72294709 0.75104181 0.79652543]","[0.69961404 0.57211023 0.48347771 0.42896887 0.41001877 0.40495301
 0.40384386 0.39713755 0.40732369 0.41067254 0.42753123 0.46531416
 0.50424595 0.5340927  0.55452212 0.57142208 0.54656133 0.51603385
 0.48593642 0.44560419 0.43527804 0.45429872 0.50432737 0.53721303
 0.57046017 0.58747256 0.61377419 0.65643627 0.692896   0.74385615]","[0.69655662 0.56959523 0.48055629 0.4240724  0.40458581 0.39736609
 0.39583051 0.38833756 0.39867998 0.40778844 0.43088678 0.4702524
 0.50793254 0.53407086 0.55464573 0.56750681 0.53330175 0.49322957
 0.45978945 0.43932016 0.48607449 0.57765097 0.68611115 0.79190216
 0.895758   0.97451649 1.05201017 1.13296752 1.19559495 1.25451192]",0.0032884916,0.005023986,mean_absolute_error_optimizers.Adam-
0.010262403326729933,"[0.72423303 0.63464982 0.56083885 0.51019464 0.49016402 0.48504036
 0.48263708 0.47565867 0.4572217  0.45505393 0.4800149  0.51869869
 0.54614915 0.57730382 0.59632711 0.60076201 0.59486876 0.58508128
 0.55675753 0.53569794 0.54428244 0.55937963 0.58900451 0.60917913
 0.6329309  0.65628754 0.67022219 0.69884628 0.73297834 0.77087382]","[0.67385311 0.54733004 0.46402488 0.41546476 0.40087949 0.39952675
 0.40014408 0.39531229 0.40368237 0.40243217 0.41886752 0.45995411
 0.50224965 0.53509459 0.55572237 0.57333688 0.54726651 0.51736473
 0.48831799 0.44915141 0.43600974 0.45123876 0.50455242 0.53404215
 0.56106098 0.57527621 0.59972504 0.64029892 0.67518408 0.72647391]","[0.67060069 0.54428987 0.46017967 0.41007616 0.39532489 0.39218116
 0.39217086 0.38588429 0.39274076 0.39587639 0.41710692 0.45838649
 0.49918708 0.52804533 0.54860923 0.56200865 0.52623418 0.48210764
 0.44543737 0.42229363 0.46813292 0.56248129 0.69434339 0.79935201
 0.89445982 0.97491846 1.05285749 1.13323835 1.19497149 1.25312608]",0.0033410299,0.0050202203,mean_absolute_error_optimizers.Adam-
0.009899644548694292,"[0.71503643 0.62343322 0.54971349 0.51201859 0.49167112 0.48208473
 0.47606303 0.46066989 0.44611203 0.434189   0.46059192 0.49294365
 0.52679324 0.55542421 0.57420534 0.58005616 0.58275777 0.56635164
 0.53936032 0.51554143 0.52800848 0.55044798 0.57412511 0.60534397
 0.62723839 0.64659288 0.672127   0.70489984 0.73294462 0.78210813]","[0.65033536 0.52656002 0.44482671 0.39941612 0.38627448 0.38538652
 0.38679633 0.38153195 0.38744651 0.38559195 0.40217098 0.44122897
 0.48311045 0.51708548 0.53853087 0.55960345 0.53676157 0.50948402
 0.48055128 0.44219683 0.42798107 0.4438227  0.49996044 0.53115749
 0.55907278 0.57432589 0.59822689 0.63817537 0.67189435 0.72200475]","[0.64678675 0.52319909 0.44045938 0.39392404 0.38119903 0.37901917
 0.3808033  0.37595199 0.38412875 0.39016946 0.41583314 0.45987987
 0.5044856  0.53854474 0.56575352 0.58700392 0.55957281 0.52316872
 0.48720751 0.45961981 0.49038638 0.57221586 0.6984489  0.80022229
 0.89399558 0.97461749 1.05265086 1.13365919 1.1955968  1.25466554]",0.0033557122,0.0051382976,mean_absolute_error_optimizers.Adam-
0.009738964507977168,"[0.69529737 0.60131553 0.52916993 0.49164558 0.48130999 0.48916727
 0.48244641 0.47481188 0.44038794 0.4257223  0.44710043 0.48722742
 0.52821567 0.55577854 0.57884323 0.57801237 0.57414528 0.55897241
 0.53577539 0.51101226 0.51737581 0.54029928 0.5715012  0.59999981
 0.6170686  0.64182025 0.65254714 0.67523716 0.70033013 0.74560935]","[0.63341743 0.51090476 0.43072993 0.38969722 0.38279434 0.38751202
 0.39204132 0.38911189 0.39629412 0.39208968 0.40669552 0.44449569
 0.48615683 0.51904094 0.54254126 0.56483218 0.54474876 0.51585485
 0.48433557 0.44187239 0.4277485  0.44528899 0.4990324  0.529758
 0.55667621 0.57153517 0.59438346 0.63395824 0.66750159 0.71686475]","[0.6296211  0.50723576 0.42643764 0.38459486 0.37804806 0.38146771
 0.38460097 0.37956496 0.38456695 0.38233115 0.40075524 0.4391303
 0.47947121 0.50944326 0.53467294 0.55469614 0.52487195 0.4870707
 0.45053508 0.42454986 0.46959019 0.56261357 0.67268375 0.78405934
 0.88924638 0.97168814 1.05023948 1.13128656 1.19314591 1.25142869]",0.003385007,0.005201524,mean_absolute_error_optimizers.Adam-
0.009513374641537667,"[0.66998526 0.56085955 0.49769607 0.46724997 0.44820964 0.44892439
 0.44916858 0.43573767 0.41523428 0.39997232 0.43417356 0.46993072
 0.50596521 0.53913399 0.56047027 0.56393372 0.56184373 0.55128734
 0.52653229 0.50413864 0.50800228 0.5273071  0.55419063 0.58201479
 0.59874576 0.61702107 0.63560912 0.65458587 0.68700167 0.73073419]","[0.61572777 0.49503176 0.41572068 0.3757853  0.3720692  0.3774442
 0.37888698 0.37152142 0.37444909 0.36758416 0.38117831 0.42295196
 0.46793424 0.50466698 0.52840094 0.55064031 0.52852315 0.50178252
 0.4743053  0.43593519 0.42384502 0.44073532 0.49299683 0.520279
 0.54424499 0.55560274 0.57636793 0.61439131 0.64734953 0.69680739]","[0.61277759 0.49198547 0.4120754  0.37194085 0.36915252 0.37374507
 0.37518987 0.36681327 0.36867782 0.36581908 0.38486197 0.42790587
 0.47280415 0.50775122 0.53593906 0.55773451 0.53046462 0.49367131
 0.45759068 0.42896727 0.46849889 0.55846693 0.68845967 0.79452695
 0.89001068 0.97122134 1.04982944 1.13098764 1.19278512 1.25135943]",0.00348951,0.00531128,mean_absolute_error_optimizers.Adam-
0.009319382831454276,"[0.65616143 0.54586161 0.47891704 0.44959136 0.44102929 0.44375021
 0.44077488 0.42874608 0.40714653 0.39545869 0.42370108 0.46136598
 0.4965618  0.52544092 0.54704207 0.55713058 0.56072875 0.55144524
 0.53153675 0.50885054 0.52017449 0.54350385 0.56373945 0.58735087
 0.61235561 0.62400048 0.63894577 0.66025538 0.69461416 0.73346163]","[0.60868474 0.48726107 0.40703574 0.36821266 0.36512889 0.37164552
 0.37468572 0.36909518 0.37309656 0.3666714  0.38017242 0.42023402
 0.46205416 0.49631911 0.52327432 0.54881761 0.52969034 0.50307744
 0.47263028 0.43158809 0.41429355 0.43163566 0.48616727 0.51333026
 0.53589311 0.5472848  0.5679469  0.6041907  0.63564529 0.68468847]","[0.60535348 0.48419872 0.40380181 0.36529105 0.36392931 0.37060428
 0.3739857  0.36823098 0.37208246 0.37172297 0.39430683 0.4395948
 0.48540851 0.52281694 0.55716863 0.58462594 0.56468821 0.5375719
 0.50479401 0.47317183 0.49605523 0.57166899 0.69242888 0.7958458
 0.89104083 0.97396517 1.05454804 1.1370203  1.20073472 1.2614098 ]",0.0035185944,0.005536026,mean_absolute_error_optimizers.Adam-
0.009149483224997918,"[0.63028518 0.52987619 0.46035247 0.42878351 0.43065467 0.43387982
 0.43300858 0.41947894 0.39664016 0.38574715 0.41223503 0.45125313
 0.48843763 0.51395389 0.54061113 0.54819445 0.55679647 0.55209098
 0.52998383 0.50519147 0.51124746 0.53667432 0.5620934  0.58379073
 0.60496735 0.62581966 0.64239034 0.65695566 0.6832919  0.72491991]","[0.59202511 0.46983462 0.39171697 0.35669685 0.35921273 0.36936041
 0.37377081 0.36639208 0.36829555 0.36072322 0.3737541  0.4158368
 0.46067126 0.49716569 0.52052238 0.54131835 0.51802222 0.49397681
 0.46754581 0.43134248 0.41917086 0.43880891 0.49084073 0.51776558
 0.54068223 0.55014197 0.56746457 0.6020439  0.63107004 0.67886543]","[0.58896974 0.46671041 0.38794972 0.35315427 0.35726385 0.36677875
 0.37062378 0.36183924 0.36299327 0.358924   0.37867475 0.42361926
 0.46866842 0.50299448 0.53270878 0.55666687 0.53030499 0.49547522
 0.45633485 0.42490709 0.4602852  0.55363213 0.68787219 0.79376043
 0.88944075 0.97354768 1.05409751 1.13653579 1.19920105 1.25907961]",0.0034814675,0.005542969,mean_absolute_error_optimizers.Adam-
0.008990589873244364,"[0.63123676 0.53233531 0.46296244 0.43455016 0.4323541  0.43664961
 0.42836958 0.41456994 0.39200892 0.3806956  0.41500619 0.45658608
 0.49006383 0.512311   0.53411994 0.54728002 0.54181488 0.53000308
 0.50940078 0.48656904 0.49787439 0.5138246  0.53227027 0.54867487
 0.56755171 0.58552423 0.60253784 0.6161808  0.64579335 0.68685475]","[0.57595237 0.45407764 0.37826773 0.3453325  0.34859277 0.35890853
 0.36250386 0.35499685 0.35682945 0.34867135 0.36642741 0.41063701
 0.45263997 0.48911805 0.51536652 0.53945114 0.52371347 0.50331437
 0.47551033 0.43532694 0.41538932 0.42751739 0.4802753  0.50882742
 0.53268179 0.54269053 0.56108214 0.59470789 0.62323937 0.66898024]","[0.57296272 0.45131407 0.37545141 0.34354661 0.34839441 0.35817087
 0.36152678 0.35377881 0.35584575 0.35405728 0.38267926 0.43515846
 0.4849421  0.52667369 0.56578156 0.60132747 0.59064507 0.57399676
 0.55003798 0.52068712 0.53528265 0.59911598 0.70682071 0.8038229
 0.89797358 0.97968076 1.06019788 1.14360455 1.2081839  1.26952588]",0.0034583877,0.0055531543,mean_absolute_error_optimizers.Adam-
0.008855122880389293,"[0.60942462 0.51293839 0.44850506 0.4240019  0.42621763 0.42901369
 0.43048066 0.4201065  0.39856559 0.38425568 0.41164159 0.45320584
 0.48793885 0.51692398 0.53091266 0.53869246 0.53966446 0.52874139
 0.51180748 0.49699419 0.50097863 0.52068239 0.54209262 0.55963052
 0.57957039 0.59177849 0.60751743 0.6192601  0.64332217 0.68080374]","[0.56082138 0.44082654 0.36591699 0.3376857  0.34612176 0.36068145
 0.36697349 0.35972777 0.35849882 0.34682295 0.36208742 0.40453262
 0.44702332 0.48453395 0.50407142 0.52410247 0.50484772 0.48632847
 0.46594812 0.43255421 0.41659111 0.43168726 0.48282489 0.50852122
 0.52891718 0.53711268 0.55411831 0.58457849 0.61080875 0.65620943]","[0.55766394 0.43796077 0.36329917 0.3359982  0.34594857 0.36011142
 0.36586086 0.35767276 0.35543069 0.34722219 0.37115569 0.4206438
 0.46971487 0.51143666 0.545901   0.57795899 0.5630229  0.53869625
 0.51393291 0.4902262  0.51512344 0.59284473 0.71059953 0.80416735
 0.89244648 0.97350269 1.05401314 1.13718968 1.20261715 1.26510083]",0.0036658563,0.0057519763,mean_absolute_error_optimizers.Adam-
0.008757125671952963,"[0.6235108  0.51288482 0.44366202 0.42180647 0.41872829 0.43275329
 0.43351813 0.42082201 0.39232709 0.37706978 0.4045903  0.43997362
 0.48185601 0.4968614  0.51625948 0.52463333 0.52697153 0.52344787
 0.50542453 0.4854703  0.49080616 0.5179752  0.53425314 0.55751099
 0.57491505 0.59181029 0.60327136 0.61828373 0.64135913 0.67762573]","[0.5526736  0.43583967 0.36270518 0.33449173 0.34014945 0.353982
 0.35957279 0.35077467 0.34886742 0.33488343 0.35094039 0.39456795
 0.43743332 0.47355934 0.49257866 0.5148844  0.49408542 0.47273132
 0.45072579 0.41764381 0.4059166  0.42382541 0.47351772 0.4981911
 0.51589963 0.52055752 0.5343304  0.56387289 0.58934643 0.63478383]","[0.54867268 0.43125943 0.35780451 0.33000794 0.33673223 0.35012543
 0.35490623 0.34422924 0.34065474 0.32907924 0.35456063 0.40450254
 0.45240514 0.48990856 0.52259489 0.5524172  0.53107784 0.49855727
 0.46643126 0.44005318 0.47361322 0.56347879 0.69085048 0.79148908
 0.8844695  0.96829401 1.04960146 1.13300026 1.19746717 1.25880842]",0.0037244426,0.0059309457,mean_absolute_error_optimizers.Adam-
0.008569120272994042,"[0.59308846 0.4944827  0.44184936 0.41170963 0.41476817 0.42272045
 0.42948478 0.4031227  0.37670898 0.36393456 0.39578212 0.43621742
 0.47298102 0.50572527 0.52471421 0.5251673  0.52287388 0.51198
 0.49078284 0.4770912  0.48304054 0.50298326 0.5330098  0.55293262
 0.57239771 0.58354096 0.59617203 0.60470207 0.62390901 0.66438578]","[0.53803624 0.41949129 0.34816127 0.32397432 0.33491737 0.35049222
 0.35516964 0.34556027 0.34238497 0.32860031 0.34617264 0.39138669
 0.4351094  0.47026415 0.48950307 0.50842869 0.48827326 0.46909591
 0.4475077  0.4161995  0.40320142 0.4197112  0.46823829 0.49377345
 0.51297733 0.51599235 0.52637557 0.5517721  0.57334832 0.61732746]","[0.53452797 0.41637497 0.34572877 0.32276664 0.33510589 0.35035818
 0.35506743 0.34374433 0.33781874 0.32433604 0.34946138 0.40172851
 0.45118481 0.48993971 0.52320801 0.55460155 0.54226584 0.52139716
 0.4982672  0.47661307 0.50109694 0.57907533 0.69683341 0.7936011
 0.88437247 0.96845437 1.05134582 1.13701906 1.20349351 1.26705158]",0.0037305704,0.005959029,mean_absolute_error_optimizers.Adam-
0.00848345152909557,"[0.57970901 0.48334454 0.41945092 0.39580741 0.39902506 0.40812663
 0.403686   0.39720805 0.370347   0.35873381 0.38930591 0.43369104
 0.47331216 0.49417239 0.5088997  0.51416947 0.51189552 0.50240947
 0.48728303 0.47488553 0.4884291  0.49715721 0.5171419  0.53854949
 0.55582995 0.56701975 0.57327873 0.58057733 0.60203855 0.64601015]","[0.52702447 0.40925683 0.3401437  0.31983177 0.33360794 0.34968767
 0.35420993 0.34296757 0.33935625 0.32732312 0.34501248 0.38696038
 0.42936046 0.46361852 0.48592164 0.51068083 0.491181   0.47331133
 0.45090352 0.4185074  0.40313267 0.41629604 0.46597563 0.4903269
 0.50799682 0.50935194 0.51975905 0.54429107 0.5641014  0.60657443]","[0.52311284 0.40553209 0.33724389 0.31756741 0.33196535 0.34760031
 0.35195637 0.33858564 0.33287114 0.32246796 0.35013982 0.40125891
 0.45091453 0.49017144 0.52816385 0.56388952 0.55480892 0.53866631
 0.51448467 0.48771237 0.50537904 0.57903023 0.69694712 0.79573179
 0.89054284 0.97679413 1.06121687 1.14762405 1.21418635 1.27662417]",0.0036604498,0.005965588,mean_absolute_error_optimizers.Adam-
0.008361437278489273,"[0.58693889 0.48831481 0.42352799 0.4030051  0.40978651 0.41417907
 0.41272355 0.38758718 0.36553863 0.35065391 0.38215536 0.43336039
 0.47166819 0.50440292 0.51781599 0.52394763 0.52160268 0.51201322
 0.49933255 0.48086894 0.50025045 0.52494433 0.54541049 0.56375056
 0.57955151 0.58340426 0.59664858 0.60444301 0.62510573 0.6616845 ]","[0.52577372 0.40829728 0.33792184 0.31721526 0.33018493 0.34520572
 0.35118067 0.33998517 0.33852646 0.32632858 0.343369   0.38429464
 0.42463851 0.45847876 0.47627526 0.50099152 0.48007445 0.46280406
 0.44209544 0.41091623 0.39669863 0.41106196 0.45965379 0.48484683
 0.50408184 0.50773713 0.51993748 0.54552566 0.56612188 0.6092275 ]","[0.52265215 0.40515193 0.33537697 0.31517863 0.32850215 0.34312429
 0.34931033 0.33813423 0.33753629 0.32948565 0.35704088 0.40746551
 0.45603508 0.49562564 0.53266777 0.57105438 0.56286697 0.54679372
 0.52816185 0.50672139 0.52500589 0.5973836  0.71281392 0.80691254
 0.8975871  0.98251515 1.06707532 1.15452238 1.22306947 1.28769948]",0.0038019745,0.0062404606,mean_absolute_error_optimizers.Adam-
0.008184982972840468,"[0.55067887 0.43822289 0.3836323  0.37016358 0.38310346 0.39649975
 0.39407646 0.38626352 0.36394001 0.34345667 0.36972864 0.40987927
 0.43650298 0.46600873 0.47662847 0.48075945 0.47196531 0.46471069
 0.45006102 0.428265   0.4406956  0.46255153 0.4914333  0.5137413
 0.52894153 0.53843774 0.54685905 0.55352056 0.57073711 0.61471862]","[0.51417184 0.39766552 0.32635476 0.30648139 0.31929385 0.33673008
 0.34391775 0.33447189 0.33219401 0.31976619 0.33814887 0.38069177
 0.42329179 0.45851288 0.47285125 0.49569686 0.47293111 0.45327083
 0.43127717 0.40047674 0.38805092 0.40517339 0.45474303 0.48135083
 0.50117891 0.50362519 0.51356863 0.53666122 0.55453854 0.59621213]","[0.50914139 0.39277739 0.32280767 0.3041846  0.3176918  0.33476041
 0.34178598 0.33132135 0.32791061 0.31698799 0.34453334 0.39608697
 0.44750344 0.4895795  0.52661486 0.56580371 0.5594311  0.54489691
 0.52840773 0.50941984 0.52759517 0.59833711 0.71187406 0.80579208
 0.89672507 0.98122921 1.06560261 1.15290801 1.22126345 1.28646499]",0.0037179156,0.0061610583,mean_absolute_error_optimizers.Adam-
0.00801256904999415,"[0.55239921 0.45438714 0.39154001 0.37065216 0.37557615 0.392277
 0.39729089 0.37974336 0.3579569  0.34478786 0.37674968 0.41670527
 0.44725373 0.47350423 0.48895039 0.49946284 0.50161382 0.49581508
 0.48526006 0.4761887  0.48315721 0.50833627 0.53330262 0.55524373
 0.5623626  0.57298578 0.5777684  0.58456604 0.59625541 0.63908111]","[0.50306608 0.3857077  0.3182075  0.30310789 0.31808525 0.33513991
 0.34235467 0.33236507 0.330638   0.31709906 0.33460824 0.37637559
 0.41824603 0.45059729 0.46403601 0.48790605 0.46536848 0.44826022
 0.42707167 0.39742023 0.38771748 0.40465821 0.45599142 0.48231189
 0.50159979 0.50072685 0.50549942 0.52469897 0.54270341 0.58710215]","[0.49986471 0.38302139 0.31658032 0.30202801 0.31696099 0.33310632
 0.33976852 0.3284613  0.32460393 0.31062514 0.33530925 0.38481887
 0.43353399 0.47294714 0.50612976 0.54235445 0.53391358 0.51851459
 0.50224681 0.48389574 0.50758225 0.58493348 0.70462141 0.80201162
 0.89438259 0.97963406 1.06308505 1.14887054 1.21680001 1.28144686]",0.0038881428,0.006355749,mean_absolute_error_optimizers.Adam-
0.007968670116116603,"[0.55048822 0.44034844 0.37663103 0.36174278 0.37043931 0.37913808
 0.37889542 0.37456276 0.34900114 0.33058623 0.35854073 0.3959371
 0.43827995 0.46242178 0.47550054 0.48453365 0.48123503 0.47670973
 0.45972692 0.44626802 0.45595784 0.48200448 0.50579045 0.52648398
 0.54056719 0.54644788 0.55548192 0.56184505 0.57971067 0.61525281]","[0.49532881 0.37800672 0.31002272 0.29396089 0.30894859 0.32780731
 0.33766514 0.33103588 0.33411752 0.32333946 0.34070316 0.37980565
 0.4182809  0.44967735 0.46137163 0.48170676 0.46001988 0.44629875
 0.42791964 0.39986816 0.38974513 0.4047068  0.45078806 0.47472125
 0.49393993 0.49270686 0.49858548 0.51745224 0.5323641  0.57364604]","[0.49050209 0.37349668 0.3071656  0.29244491 0.30760741 0.3257657
 0.3351848  0.32648905 0.32692174 0.31537913 0.33914664 0.38640278
 0.43331009 0.47260168 0.50786007 0.54853946 0.54469503 0.53660501
 0.52664281 0.5126791  0.53556757 0.60880941 0.72246312 0.8118604
 0.90025647 0.98343435 1.06829108 1.15707348 1.2270013  1.29310423]",0.0038965172,0.0064411312,mean_absolute_error_optimizers.Adam-
0.007913608687619368,"[0.52944957 0.42705628 0.36886932 0.35730571 0.3665058  0.37033654
 0.37318562 0.35744791 0.33806704 0.32653993 0.36086663 0.40387905
 0.43962825 0.45719109 0.47361968 0.476167   0.47110627 0.4589105
 0.44921575 0.43311072 0.44864347 0.46387952 0.49165816 0.51161565
 0.51889402 0.52228923 0.52229727 0.53353247 0.55307172 0.59501676]","[0.48356789 0.36643502 0.30288667 0.29215504 0.30812777 0.32514694
 0.33298891 0.32325001 0.32441921 0.31478978 0.33118971 0.37208299
 0.41229829 0.44381748 0.45545978 0.4732017  0.45025807 0.43445995
 0.41533649 0.38996378 0.38501699 0.40527019 0.45702077 0.48044561
 0.49640435 0.49084941 0.4922782  0.50642283 0.52045209 0.56345347]","[0.48013496 0.36292152 0.29991313 0.2901635  0.30679621 0.32361645
 0.33119134 0.32050323 0.32032159 0.31023969 0.33364814 0.38247961
 0.42937611 0.46623202 0.4999323  0.53779711 0.53049822 0.51834304
 0.50441295 0.49024594 0.51955323 0.59815519 0.7159659  0.80878634
 0.89834339 0.98141857 1.06574586 1.15307539 1.22254991 1.28830971]",0.0038787005,0.0064219814,mean_absolute_error_optimizers.Adam-
0.007753631539642811,"[0.52604795 0.42302817 0.37204275 0.35566619 0.36697934 0.38153327
 0.385425   0.37677898 0.34975024 0.33247187 0.36177943 0.40026938
 0.4303915  0.45523093 0.47232117 0.47353243 0.4699447  0.46198412
 0.44152004 0.43159482 0.44831898 0.46887727 0.48553628 0.50667195
 0.50897934 0.51052732 0.5106693  0.50867    0.52316122 0.55914482]","[0.48015968 0.36001373 0.2951441  0.28348267 0.30188907 0.31978532
 0.32752561 0.31917856 0.32278122 0.31384031 0.33449476 0.37459983
 0.41299608 0.44344097 0.45282409 0.47719742 0.45432345 0.44291875
 0.42689552 0.40081586 0.39096784 0.40688157 0.45487276 0.47861786
 0.49640965 0.4908752  0.48922349 0.50153193 0.51187453 0.55437639]","[0.47691918 0.35734403 0.29407449 0.28414561 0.30338873 0.32137418
 0.32950651 0.32066786 0.32374689 0.31503159 0.34209026 0.38965962
 0.43587569 0.47420618 0.50827529 0.54795494 0.54614933 0.54160357
 0.53319326 0.51683149 0.53266301 0.60006107 0.71256958 0.80708151
 0.90024856 0.98641622 1.07177615 1.1605483  1.22981901 1.29618544]",0.0038895658,0.0064632474,mean_absolute_error_optimizers.Adam-
0.007670252403865258,"[0.54627275 0.43222333 0.3752383  0.36150646 0.36668647 0.37464893
 0.3762656  0.36648343 0.34570042 0.33804635 0.36503186 0.3970554
 0.42721933 0.45047543 0.46259532 0.47078204 0.46940431 0.46380491
 0.45052669 0.43640729 0.45721781 0.47565512 0.50265149 0.51802174
 0.52998798 0.54381908 0.54821821 0.54459208 0.5536126  0.58879207]","[0.47783801 0.35668267 0.29179878 0.27899157 0.29523689 0.31206331
 0.3208152  0.31506583 0.31878471 0.31034056 0.32920782 0.36945315
 0.40870527 0.43994559 0.44635384 0.46756774 0.44118303 0.42328006
 0.40343896 0.37697657 0.37222935 0.39542691 0.44809307 0.4736674
 0.49173301 0.48490776 0.48137822 0.49161226 0.50034642 0.54301966]","[0.47373307 0.35250994 0.28825541 0.27662621 0.2941459  0.31137386
 0.32010998 0.31391809 0.31746703 0.30869457 0.33417014 0.38115464
 0.42603183 0.46078388 0.4904328  0.52585818 0.51692402 0.50386394
 0.48968867 0.47351171 0.49943349 0.58002829 0.70170523 0.80155823
 0.89713542 0.98490607 1.07181934 1.16142538 1.2311175  1.29727832]",0.004075147,0.0067207757,mean_absolute_error_optimizers.Adam-
0.007586533370117347,"[0.52709869 0.42799666 0.3674937  0.35279788 0.36694819 0.37472967
 0.37217162 0.36283422 0.34477697 0.33544297 0.36842913 0.40733516
 0.43968387 0.46448557 0.47417219 0.48086692 0.4787957  0.47665777
 0.46895082 0.44900385 0.46692375 0.48959564 0.51696624 0.54042776
 0.54898349 0.54901016 0.54955066 0.54769882 0.56156855 0.60230779]","[0.4716064  0.35052322 0.28963076 0.28016792 0.29716147 0.31340644
 0.32218048 0.31372695 0.31918526 0.31445891 0.33273943 0.37359908
 0.41372813 0.44410298 0.44603769 0.46363924 0.43588288 0.41688589
 0.39858604 0.37509448 0.37222885 0.39560594 0.44521917 0.46770347
 0.4821076  0.47323161 0.46879771 0.47921926 0.48860864 0.53153434]","[0.46756693 0.3470487  0.28691352 0.27887684 0.29680403 0.31322755
 0.32102318 0.31104315 0.31384949 0.30574297 0.32722663 0.37050624
 0.41141596 0.44368907 0.46806775 0.50415064 0.49705646 0.48412909
 0.47266671 0.45950719 0.48891824 0.57508818 0.70055091 0.80194947
 0.89719248 0.98529748 1.07264192 1.16318245 1.23424334 1.30139699]",0.0041075004,0.0067718048,mean_absolute_error_optimizers.Adam-
0.007466705299913883,"[0.5130568  0.4104112  0.35914014 0.34737913 0.34888866 0.3541467
 0.35775574 0.34055166 0.32055096 0.30890858 0.34030001 0.3778324
 0.40941787 0.42526149 0.4330463  0.43505768 0.43759863 0.42781852
 0.41636989 0.40282647 0.41776187 0.44556155 0.46867839 0.48162612
 0.48972523 0.4898702  0.49127031 0.49082067 0.50590421 0.54719431]","[0.46400245 0.34419039 0.28197377 0.27263813 0.28874978 0.30520674
 0.3143282  0.30935078 0.31541863 0.30898935 0.32735918 0.36672232
 0.40508426 0.43490009 0.43886959 0.45688406 0.42722912 0.40910933
 0.39071746 0.36690916 0.36089812 0.3818216  0.43062538 0.45376391
 0.47101901 0.46420206 0.46207548 0.47391441 0.48552285 0.53013196]","[0.46044112 0.34112855 0.27927442 0.27075158 0.28714697 0.30248123
 0.31004297 0.30352952 0.30867292 0.30224888 0.32697628 0.37175806
 0.41344062 0.44574317 0.47149497 0.50702355 0.49763296 0.48477654
 0.47232541 0.45827644 0.48627836 0.57050353 0.69480572 0.79631754
 0.89252859 0.98069149 1.06865612 1.1592681  1.23035033 1.29781041]",0.0039277966,0.00660702,mean_absolute_error_optimizers.Adam-
0.007367883463700612,"[0.51080356 0.39815292 0.34434091 0.33070715 0.33763838 0.34788824
 0.35122351 0.34080083 0.32458744 0.30883525 0.33267638 0.37209462
 0.40355565 0.42710765 0.43526184 0.43751503 0.42775205 0.41387521
 0.40889014 0.39110461 0.41220335 0.44339026 0.46837992 0.48970386
 0.50030262 0.49994779 0.49830996 0.49594403 0.50134633 0.53732977]","[0.46070107 0.33906399 0.2773609  0.27012958 0.2871008  0.3027141
 0.31026997 0.30435775 0.3099009  0.30345019 0.32267269 0.36057314
 0.39682138 0.42193131 0.42652879 0.44511544 0.41469933 0.39968946
 0.38363594 0.36248667 0.35968392 0.38154086 0.42832456 0.45102889
 0.46771593 0.45825522 0.45375041 0.46425946 0.47463047 0.51854558]","[0.45814137 0.33657286 0.27495567 0.26857148 0.28639053 0.30125566
 0.3073203  0.30011351 0.30507865 0.29827689 0.32372291 0.36746839
 0.4085505  0.43864586 0.47010994 0.50815943 0.50413725 0.50020548
 0.49034917 0.47823695 0.50450735 0.5830476  0.70309528 0.8027816
 0.89813177 0.9856403  1.07296743 1.16265176 1.23317894 1.29997666]",0.003997475,0.0066991504,mean_absolute_error_optimizers.Adam-
0.007296632813910644,"[0.51602435 0.40918325 0.35407823 0.34706241 0.35627113 0.36665838
 0.36336948 0.35102891 0.32780477 0.31959848 0.35219521 0.38679568
 0.4144241  0.42508534 0.43173272 0.43989588 0.44046082 0.43633535
 0.43135897 0.422189   0.44261345 0.46476314 0.48654904 0.50536798
 0.51426888 0.51113936 0.50434996 0.49935359 0.51564037 0.55510358]","[0.45780114 0.33717289 0.27784042 0.26999855 0.28571304 0.30014857
 0.30789958 0.30255113 0.30998553 0.3070696  0.3271135  0.36453475
 0.40159506 0.42765845 0.42865362 0.44441226 0.41332852 0.39794496
 0.38234454 0.36102066 0.35722978 0.37821264 0.42464776 0.44509682
 0.45962554 0.44928026 0.44304454 0.4524106  0.46250561 0.50742277]","[0.45499181 0.33481474 0.27570066 0.26848674 0.28502438 0.29848725
 0.30412694 0.29782667 0.30443931 0.30029725 0.32401487 0.36553703
 0.40471976 0.43265317 0.45740111 0.49321261 0.4891671  0.48631127
 0.48206125 0.47506666 0.50324036 0.58423737 0.70343789 0.79945525
 0.89252378 0.97953715 1.06707227 1.15752271 1.22808868 1.29509349]",0.0041607125,0.006809861,mean_absolute_error_optimizers.Adam-
0.0072167820421357946,"[0.51204742 0.40700771 0.34646078 0.33669534 0.35157221 0.36140034
 0.35738882 0.34118521 0.31763542 0.31241832 0.34695347 0.37651724
 0.39175395 0.42503083 0.43835871 0.43616257 0.43235774 0.41946365
 0.39739298 0.38763201 0.413523   0.44182886 0.46299478 0.48884853
 0.49017985 0.49059339 0.48661369 0.48531641 0.5007492  0.53544617]","[0.45064203 0.32896621 0.26960748 0.26428661 0.28212743 0.29913332
 0.3081071  0.30391467 0.31236661 0.30625894 0.325174   0.3603395
 0.39522374 0.4209538  0.42589045 0.4401492  0.40801883 0.39505008
 0.37956574 0.35925176 0.35753701 0.37901721 0.42459123 0.44377538
 0.45838136 0.4471466  0.43808164 0.44531483 0.45242387 0.49594345]","[0.447156   0.32588411 0.26660861 0.26230002 0.28120295 0.2977202
 0.3049902  0.30002517 0.30772537 0.30188728 0.32660475 0.36790776
 0.40733307 0.43754739 0.46803002 0.50662969 0.50544564 0.50891975
 0.50460488 0.49619475 0.51910426 0.59253626 0.70792582 0.80351595
 0.89600518 0.98297297 1.07120418 1.16307445 1.23495643 1.30269021]",0.0039928453,0.006779012,mean_absolute_error_optimizers.Adam-
0.007166026658068101,"[0.50279003 0.38914657 0.34093425 0.33373871 0.34823262 0.35607984
 0.35540306 0.3407782  0.31816192 0.30690114 0.3404734  0.3724351
 0.40655882 0.42896714 0.43475622 0.43940159 0.43477487 0.43009963
 0.42084053 0.40122589 0.43338007 0.46436826 0.48548055 0.4983303
 0.49834874 0.49283292 0.48282053 0.47515218 0.48124478 0.52596949]","[0.45038849 0.32906614 0.26908635 0.26279845 0.28006699 0.29546657
 0.30238566 0.29526471 0.3025605  0.29850923 0.31820155 0.35711808
 0.39619787 0.42465579 0.42673342 0.44160532 0.40793592 0.39161853
 0.37519882 0.35524099 0.35485608 0.37972978 0.4245874  0.44438991
 0.45785423 0.44434897 0.43454712 0.44053107 0.44576494 0.4901775 ]","[0.44741407 0.3265728  0.26641712 0.26043695 0.27915347 0.29422779
 0.2994278  0.29092661 0.29712669 0.29134377 0.31398274 0.35520284
 0.39441472 0.42222896 0.44451152 0.47802532 0.47063347 0.46570179
 0.45969391 0.45298933 0.48536164 0.5743508  0.69804351 0.80088736
 0.89933072 0.99088243 1.08174169 1.17366141 1.24384977 1.3086591 ]",0.0041386783,0.006914893,mean_absolute_error_optimizers.Adam-
0.007039857013771932,"[0.49848835 0.39994703 0.34624495 0.33943127 0.34295651 0.34723196
 0.35247839 0.33828736 0.31900868 0.30876141 0.34026624 0.3791019
 0.39927084 0.41404315 0.41334351 0.42176502 0.41650482 0.4073769
 0.39755009 0.3883647  0.41098189 0.4419056  0.46441108 0.47625602
 0.48335252 0.47755176 0.4690035  0.46570737 0.4836518  0.53391071]","[0.44792361 0.33125    0.27586148 0.27195569 0.28583466 0.29739462
 0.3041108  0.30161711 0.31261878 0.30820375 0.3251432  0.35922418
 0.39249134 0.41558802 0.41825821 0.43616337 0.40430733 0.39014795
 0.37513682 0.35608154 0.35551684 0.37660499 0.42320159 0.44205269
 0.4539896  0.44266907 0.43569992 0.4432261  0.44923696 0.49181719]","[0.44439286 0.32802095 0.27192634 0.26825823 0.28330752 0.2947398
 0.29934642 0.29613317 0.30793053 0.30523934 0.3280598  0.36830562
 0.40672111 0.43550212 0.46534873 0.50681773 0.50714327 0.51376698
 0.51523936 0.5115042  0.53739398 0.61062281 0.72317919 0.81552675
 0.90665485 0.99355995 1.08265627 1.17486825 1.24606305 1.31309719]",0.0041577676,0.0068892827,mean_absolute_error_optimizers.Adam-
0.006979056242853403,"[0.49830116 0.39772481 0.34599887 0.3440501  0.34403538 0.35104522
 0.3529855  0.33676179 0.31713169 0.30617286 0.34020514 0.36767653
 0.39010839 0.40545228 0.41585796 0.41792468 0.41388258 0.40272822
 0.39372941 0.38911184 0.41206752 0.43249857 0.45578669 0.47361584
 0.47958117 0.47661745 0.47825929 0.4688978  0.4823692  0.5285854 ]","[0.43774988 0.31647464 0.25914758 0.25713605 0.27444755 0.28798373
 0.2941656  0.28827167 0.29830892 0.29542997 0.31691863 0.35348312
 0.38738934 0.40943814 0.40607497 0.42055663 0.38954359 0.37386303
 0.35986754 0.34136249 0.34182962 0.36736189 0.41060384 0.42881246
 0.44113255 0.42736459 0.41649658 0.42059236 0.42851637 0.47582582]","[0.43410725 0.31309549 0.25549585 0.25412836 0.2724614  0.28517269
 0.28910103 0.28293987 0.29286591 0.29017323 0.31575006 0.35763751
 0.39450568 0.41980269 0.44439661 0.4821801  0.48303982 0.48720086
 0.48886196 0.48463883 0.51009251 0.58741115 0.7014983  0.7987086
 0.89283715 0.98169871 1.07202447 1.16481692 1.23636086 1.30365054]",0.004214563,0.006970315,mean_absolute_error_optimizers.Adam-
0.006879487652331591,"[0.48525479 0.38492343 0.3356599  0.33641335 0.35096863 0.35617131
 0.3608822  0.35203419 0.34028319 0.31941182 0.34066335 0.36243433
 0.38884435 0.4009788  0.40022938 0.40473583 0.40600395 0.399673
 0.39163964 0.38169985 0.4019042  0.43784169 0.46594554 0.48095706
 0.48667184 0.48014062 0.47694553 0.47770703 0.49319021 0.54254235]","[0.438933   0.31813397 0.26349678 0.26338217 0.28128914 0.29372161
 0.29849205 0.29255126 0.30235687 0.29853807 0.31792353 0.35277125
 0.38862074 0.41300311 0.41211419 0.42553859 0.39101227 0.37325274
 0.35838703 0.33911246 0.34086823 0.36727382 0.41114996 0.42987545
 0.44272008 0.42844658 0.41637939 0.42067727 0.42884046 0.47644315]","[0.43513744 0.31437698 0.25879996 0.25825227 0.27721438 0.28924918
 0.29164572 0.28511956 0.29489158 0.29039434 0.31210808 0.34876051
 0.38286764 0.40489308 0.42676857 0.46173793 0.45627747 0.45791109
 0.45447739 0.44864714 0.48073034 0.56734066 0.69041912 0.7954865
 0.8940176  0.98575898 1.07692459 1.16979711 1.2411586  1.30805545]",0.0042194147,0.007052297,mean_absolute_error_optimizers.Adam-
0.006862707915405432,"[0.46996743 0.3648155  0.30927418 0.30580391 0.32155644 0.31987845
 0.31995893 0.31143297 0.29723774 0.2812077  0.30255954 0.33829318
 0.3713096  0.38348024 0.38146834 0.3873209  0.38763172 0.38684401
 0.37835457 0.36289763 0.37747556 0.40807554 0.43608941 0.45321928
 0.45267586 0.44669463 0.4411444  0.43439476 0.45715979 0.49640298]","[0.43548878 0.31531013 0.26151403 0.26075344 0.27574135 0.2871481
 0.29105754 0.28754673 0.29818857 0.2915849  0.30945856 0.34389138
 0.37698514 0.39634536 0.39579771 0.4164336  0.38396516 0.36954061
 0.35227942 0.33185326 0.33282423 0.35779744 0.40401939 0.42318035
 0.43327952 0.41879304 0.40671072 0.41172076 0.41999304 0.46784388]","[0.43226302 0.31260291 0.25808572 0.25714464 0.27309759 0.28441165
 0.28641632 0.28299372 0.29406023 0.28816097 0.31007207 0.34725825
 0.38100684 0.40302937 0.42861458 0.46807165 0.46775138 0.47658335
 0.47696121 0.47163098 0.49983715 0.57907994 0.697098   0.79873375
 0.89688476 0.98829041 1.0801111  1.17471671 1.24798315 1.31747098]",0.004099633,0.006899827,mean_absolute_error_optimizers.Adam-
0.006752700199683507,"[0.48094443 0.3855513  0.33145449 0.33251528 0.33724063 0.34567147
 0.3434339  0.33914518 0.31327465 0.29614361 0.32585089 0.36377669
 0.37981393 0.39336701 0.39811772 0.39802013 0.39793762 0.38532263
 0.37894379 0.37159738 0.39262817 0.41895207 0.44580132 0.46342045
 0.46823183 0.4629132  0.45429262 0.45619174 0.46925633 0.51184395]","[0.42844754 0.3058635  0.25268774 0.25353173 0.27196684 0.28514423
 0.28951744 0.28181507 0.29227898 0.28616418 0.30621622 0.34230682
 0.3754145  0.39668821 0.39686572 0.41165182 0.37801168 0.362934
 0.347225   0.32742507 0.32926687 0.35603077 0.40078208 0.4194049
 0.43070152 0.41500234 0.40329333 0.40760631 0.41575703 0.46386901]","[0.42559249 0.30354073 0.24983587 0.25078469 0.27060331 0.28430267
 0.2880135  0.28101217 0.29318989 0.28883267 0.31240562 0.35253274
 0.38624892 0.40730161 0.4282196  0.46158723 0.45596316 0.4587129
 0.45609742 0.44890503 0.4759097  0.56094434 0.68451618 0.79007926
 0.88846995 0.98120959 1.07307511 1.16656776 1.23752725 1.303325  ]",0.00425486,0.007103803,mean_absolute_error_optimizers.Adam-
0.006642839747170607,"[0.47435985 0.37289833 0.33052936 0.33506009 0.3388393  0.34737441
 0.34443541 0.33655116 0.30972815 0.30183819 0.32976169 0.36591893
 0.3882225  0.40822982 0.41152014 0.40898128 0.40050192 0.39628298
 0.38544736 0.37774558 0.40535758 0.43378116 0.45324365 0.46156215
 0.46633437 0.45896392 0.45158206 0.44965016 0.46586399 0.51512436]","[0.42666639 0.30574843 0.2532399  0.25338065 0.26971104 0.28108915
 0.28511591 0.28116359 0.29256646 0.28696139 0.30765683 0.34196453
 0.3736471  0.39283312 0.39328361 0.41020226 0.37668889 0.36051842
 0.3431277  0.32195849 0.32466428 0.35248905 0.39836604 0.4153764
 0.42537196 0.41038443 0.39789576 0.40192944 0.41201415 0.46345066]","[0.42342819 0.30355446 0.25071093 0.25097474 0.26847581 0.27994613
 0.28274591 0.27875925 0.29049574 0.28578785 0.31030222 0.3479534
 0.38029817 0.40057782 0.42373515 0.45834859 0.45587332 0.46286849
 0.46023327 0.4524691  0.48077197 0.56493738 0.68988936 0.79703341
 0.89660618 0.99101998 1.08504287 1.18065721 1.25365924 1.32142784]",0.0041461177,0.006912887,mean_absolute_error_optimizers.Adam-
0.006586680835733811,"[0.46338599 0.3610106  0.31755501 0.31388838 0.32505286 0.33799463
 0.34005531 0.33545508 0.31318819 0.30124438 0.32476402 0.35573098
 0.37507227 0.38612682 0.39535517 0.4061033  0.40667099 0.40111665
 0.39066609 0.38247993 0.40052484 0.42517927 0.45002712 0.4623073
 0.46910024 0.4656622  0.45481379 0.44955686 0.46551264 0.51590096]","[0.41867972 0.29934998 0.24961345 0.25094868 0.26849118 0.28224021
 0.28814465 0.28390956 0.29704826 0.29281285 0.31307802 0.34595917
 0.3783864  0.39919976 0.39125207 0.40401045 0.3682915  0.35261571
 0.33657261 0.31902307 0.32570477 0.35573587 0.40051198 0.41639946
 0.42416319 0.40754609 0.39449183 0.40041106 0.41253487 0.46307281]","[0.41572839 0.29750329 0.24786536 0.24960496 0.26799341 0.28083663
 0.28455621 0.27820358 0.29129565 0.2873983  0.31138358 0.34687816
 0.37780174 0.39822459 0.40973546 0.44326199 0.43691628 0.43863686
 0.43492021 0.42897771 0.46112229 0.55406304 0.68313671 0.79154163
 0.88998735 0.9836883  1.07629791 1.17092923 1.24375401 1.31121524]",0.004184018,0.006966191,mean_absolute_error_optimizers.Adam-
0.006637130441764991,"[0.46203545 0.34707249 0.29982838 0.29731963 0.31415191 0.32568133
 0.32197376 0.31737748 0.29452149 0.28064917 0.31296293 0.33991686
 0.36061048 0.37160513 0.37789405 0.37625334 0.38227131 0.37983808
 0.3735973  0.36420187 0.39444615 0.41905609 0.44781544 0.46148717
 0.46408936 0.45507113 0.44048417 0.43875568 0.45943013 0.51492017]","[0.4204751  0.29955301 0.24961895 0.25138354 0.27049775 0.2830902
 0.28769889 0.28059313 0.2901988  0.28420205 0.30220537 0.33518446
 0.36701797 0.38757799 0.38262379 0.39418741 0.36146244 0.34698882
 0.33196908 0.31409112 0.32102542 0.35104605 0.39912102 0.41825393
 0.42845651 0.4109974  0.39686175 0.3990271  0.41055266 0.46101384]","[0.4171818  0.29684929 0.24664175 0.2489529  0.26913937 0.28108615
 0.28416925 0.2758723  0.28577236 0.28068824 0.3028204  0.33914054
 0.36995976 0.38964922 0.40343992 0.43823581 0.43394455 0.43822123
 0.43797307 0.4335797  0.4681941  0.55976438 0.68713332 0.79449497
 0.89386603 0.98766933 1.08079615 1.17543983 1.24796551 1.31505974]",0.0043558693,0.0072198976,mean_absolute_error_optimizers.Adam-
0.006456673514097929,"[0.45644417 0.34743696 0.29886829 0.30107978 0.3134755  0.32005885
 0.31672131 0.30686178 0.28718491 0.27534901 0.30754303 0.3370261
 0.35161529 0.36445721 0.37814105 0.37525126 0.37597095 0.36733482
 0.35786627 0.34308341 0.37113112 0.40101384 0.42853695 0.44552565
 0.45131384 0.43512457 0.42616386 0.42177434 0.43813928 0.49505353]","[0.4162202  0.29370681 0.2423226  0.24329126 0.26174481 0.27448695
 0.28104808 0.27569279 0.28502484 0.27713628 0.29656096 0.33130609
 0.36389024 0.38391015 0.37497155 0.39091765 0.3583543  0.34205968
 0.32683651 0.30646986 0.31391453 0.34847771 0.39126466 0.40866104
 0.41861886 0.39989781 0.38610371 0.38953953 0.4001892  0.45431732]","[0.41360044 0.2916212  0.23975832 0.24035008 0.25937083 0.2706963
 0.27567249 0.26766198 0.27669282 0.26956931 0.29332998 0.33042731
 0.36036743 0.37963926 0.38344773 0.41740399 0.41779074 0.41754431
 0.41715113 0.41081118 0.44755722 0.55000827 0.68505227 0.79826715
 0.89969585 0.9962542  1.09036221 1.18509437 1.25533459 1.31919166]",0.0042949477,0.00702656,mean_absolute_error_optimizers.Adam-
0.006451772700995207,"[0.44770356 0.34655492 0.29892676 0.30253986 0.31619538 0.32042472
 0.32468129 0.3098285  0.28363688 0.27423903 0.2945965  0.32256213
 0.34612712 0.35291652 0.3592552  0.36277332 0.36175041 0.35758997
 0.34474497 0.34354595 0.36608085 0.4033244  0.43039864 0.44069122
 0.44151403 0.43332764 0.42037771 0.41625776 0.44198875 0.49381455]","[0.41548864 0.29338956 0.24286062 0.24403637 0.25953403 0.27202134
 0.27838606 0.27575596 0.28781886 0.27977189 0.2976712  0.33119847
 0.36183739 0.37943277 0.37281375 0.39004562 0.35676344 0.34191872
 0.32880152 0.31173576 0.3181081  0.34674297 0.38776903 0.40304838
 0.41248014 0.39336919 0.37896777 0.38263789 0.39605901 0.45150825]","[0.41303319 0.29182365 0.24125094 0.24274889 0.25974124 0.27158795
 0.27699971 0.27194054 0.2841147  0.27804973 0.3004737  0.33754426
 0.36907422 0.38798074 0.40086016 0.43647451 0.43482728 0.4403132
 0.4415667  0.43725113 0.46806434 0.5582325  0.68548693 0.79543955
 0.89666945 0.99304262 1.08806159 1.18429445 1.25730958 1.32494737]",0.0041828924,0.0070350845,mean_absolute_error_optimizers.Adam-
0.006378578898807366,"[0.42660344 0.32778001 0.28239189 0.2874362  0.30609229 0.31213486
 0.30814864 0.293702   0.27749527 0.26521707 0.28799024 0.31776057
 0.34175823 0.35035825 0.35610802 0.35483155 0.35511693 0.35574901
 0.35009229 0.34303426 0.3713199  0.407553   0.43039283 0.43977495
 0.44142012 0.43438629 0.41673958 0.4160059  0.43502288 0.48797235]","[0.40803918 0.28811947 0.24026701 0.24314394 0.25871089 0.26853989
 0.27147488 0.26745734 0.27961913 0.27358331 0.29144911 0.32303462
 0.35366174 0.37309164 0.36777503 0.38257694 0.35251674 0.33967125
 0.32326599 0.30524975 0.31398683 0.34536926 0.38887789 0.40253547
 0.40885667 0.38977926 0.37514926 0.37890942 0.39034829 0.4440537 ]","[0.40488634 0.28608929 0.23836969 0.2418923  0.25894996 0.26829722
 0.27006012 0.26502073 0.27761867 0.27359351 0.29587549 0.330867
 0.36031757 0.37755943 0.39023979 0.42289402 0.41912748 0.42546622
 0.42405538 0.41887581 0.45460696 0.55110381 0.68208231 0.79313724
 0.89480442 0.99191772 1.08709613 1.18321286 1.25540135 1.32176439]",0.004283529,0.0071301227,mean_absolute_error_optimizers.Adam-
0.006388117492198944,"[0.43411777 0.33440848 0.29583089 0.29233055 0.30558379 0.31736396
 0.31488623 0.30548524 0.29048297 0.27514888 0.30629184 0.33677685
 0.35366271 0.36003684 0.36695607 0.37016029 0.36020124 0.35347732
 0.35038185 0.3515939  0.37200414 0.4027507  0.42771338 0.44255854
 0.44135285 0.43444826 0.4233995  0.42473619 0.44261431 0.49796903]","[0.40650746 0.28674528 0.2379196  0.2391467  0.25518306 0.2670554
 0.27238562 0.27080865 0.28299398 0.27571395 0.29694267 0.32935335
 0.35912577 0.37712564 0.36961892 0.38704738 0.35383522 0.3369253
 0.32285053 0.30191088 0.30937521 0.34043498 0.37981355 0.39431528
 0.4020887  0.38358625 0.37066433 0.37468507 0.38746511 0.44298345]","[0.40284556 0.28355795 0.23456913 0.23606922 0.25336162 0.26493183
 0.27006752 0.2669209  0.27858437 0.27179331 0.29558267 0.32822618
 0.3545952  0.36942818 0.37707694 0.40888299 0.40229622 0.40550744
 0.40591454 0.40074641 0.44083654 0.54211168 0.67535231 0.78906254
 0.89380193 0.99157873 1.08619405 1.18139    1.25269476 1.31865217]",0.004241335,0.00703253,mean_absolute_error_optimizers.Adam-
0.006226461064070463,"[0.45596426 0.35135813 0.30758085 0.31199034 0.3229736  0.32628892
 0.32913069 0.32014256 0.29726434 0.28410156 0.30573178 0.33665938
 0.35237365 0.37179169 0.37081954 0.37185014 0.37057504 0.37041817
 0.35646181 0.34833037 0.36377036 0.39070642 0.41802481 0.43482049
 0.43334578 0.4270834  0.41010812 0.41185108 0.42914709 0.48299439]","[0.40689512 0.28789882 0.24155354 0.24398184 0.25971914 0.27243833
 0.2778407  0.27262796 0.28570759 0.27516515 0.2932737  0.32415166
 0.35060332 0.3664067  0.36104976 0.37697982 0.34526214 0.33313931
 0.31833605 0.30086073 0.31141424 0.34341    0.38334738 0.3962675
 0.40205845 0.38104353 0.3638832  0.36433545 0.37613214 0.43425863]","[0.40310483 0.28494627 0.23923568 0.24257581 0.25987798 0.27231542
 0.27708802 0.26972315 0.28184931 0.27294905 0.2954138  0.32849399
 0.35331377 0.36646371 0.37614912 0.40730082 0.40042727 0.40371834
 0.40160001 0.39769651 0.44130356 0.54445472 0.68031813 0.79569733
 0.9009378  0.9997444  1.09591463 1.19239155 1.26432776 1.32902338]",0.0041656694,0.006957054,mean_absolute_error_optimizers.Adam-
0.006259296054641406,"[0.45132202 0.33651553 0.30046071 0.31085134 0.32188868 0.33006406
 0.33003534 0.32259612 0.3074693  0.29031044 0.30952763 0.34223541
 0.36052795 0.36634187 0.36974461 0.36853337 0.3770046  0.36338324
 0.35461481 0.34063279 0.37084135 0.39662299 0.42696554 0.43641445
 0.442115   0.43029691 0.41849077 0.41898709 0.43352692 0.48995696]","[0.39646087 0.27806456 0.23315065 0.23787349 0.25577243 0.26710017
 0.27279702 0.27101488 0.28675825 0.27678944 0.29413396 0.32344239
 0.34978831 0.36632479 0.35951545 0.37718956 0.34378133 0.32825836
 0.31099064 0.2912437  0.30274737 0.33440841 0.38092135 0.39567892
 0.40235013 0.38165483 0.36527982 0.36768337 0.38137376 0.44017836]","[0.39312225 0.27535349 0.22996358 0.23438114 0.25286831 0.26345897
 0.26833012 0.26498059 0.28051014 0.27310851 0.29494974 0.32693145
 0.35306292 0.36892394 0.38027467 0.41124723 0.40369148 0.40951066
 0.41005685 0.40679642 0.44634067 0.54576853 0.68414292 0.80056911
 0.90491074 1.00311312 1.09859134 1.19410253 1.26507896 1.32996958]",0.0042288257,0.0069729434,mean_absolute_error_optimizers.Adam-
0.006173169153432051,"[0.42796302 0.31743956 0.28295216 0.29015317 0.30304746 0.30744709
 0.30701479 0.30601563 0.29138767 0.26934016 0.29181697 0.31770817
 0.33552259 0.34639298 0.34806891 0.35328888 0.34942327 0.34990176
 0.33812666 0.32650379 0.35667105 0.38074079 0.39976813 0.41812058
 0.41985669 0.40566956 0.39424863 0.39175707 0.41200088 0.46879128]","[0.40263617 0.28377508 0.23917515 0.2419022  0.25729496 0.26775461
 0.27306751 0.27120644 0.28389229 0.27171004 0.2907482  0.31970244
 0.34566714 0.35971626 0.35507037 0.37165591 0.33947135 0.3271146
 0.31182926 0.29376949 0.30531857 0.33507116 0.38031921 0.39436125
 0.39829925 0.37715732 0.36083954 0.36306034 0.37265078 0.42852239]","[0.39949263 0.28119686 0.23654351 0.23917072 0.25552878 0.26542298
 0.27081954 0.2664711  0.27911325 0.26923525 0.29279685 0.32425571
 0.34991165 0.36277511 0.37452677 0.40564773 0.39822904 0.40295033
 0.40258546 0.39942399 0.44161565 0.54439649 0.68318573 0.79910947
 0.90225007 1.00115038 1.09761013 1.194627   1.26634382 1.33126016]",0.0042132847,0.006985562,mean_absolute_error_optimizers.Adam-
0.006195580730835597,"[0.44823402 0.34745671 0.30647948 0.31025014 0.31884001 0.31845362
 0.31187697 0.30512055 0.29188495 0.2809425  0.30094813 0.34025417
 0.36449243 0.36573338 0.36683741 0.36624402 0.36596691 0.35755129
 0.35169798 0.34331756 0.37049196 0.40332669 0.42406998 0.43313474
 0.43278249 0.41869222 0.41046865 0.40810676 0.43355611 0.48818703]","[0.39892951 0.27953424 0.23487359 0.2401269  0.25521442 0.2646596
 0.26763897 0.26371277 0.27605485 0.26536633 0.28685665 0.31727696
 0.3438425  0.35809451 0.35150581 0.37042987 0.34124298 0.32882544
 0.31293774 0.29345139 0.29969174 0.32746026 0.37265369 0.38578858
 0.39158373 0.37367758 0.36088784 0.36707722 0.37999216 0.43518529]","[0.39556137 0.27655621 0.23198659 0.23762488 0.25379516 0.26281979
 0.26589878 0.26020983 0.27223071 0.26453751 0.28998166 0.3231415
 0.35053263 0.36522872 0.37603143 0.40838879 0.40482991 0.41100567
 0.4100523  0.40428716 0.43940511 0.53805073 0.67484977 0.78996572
 0.89597552 0.99659952 1.09414629 1.19160591 1.26463045 1.33171232]",0.0042190966,0.0070258216,mean_absolute_error_optimizers.Adam-
0.006013852896789709,"[0.43176698 0.32606305 0.28553743 0.2900405  0.29633855 0.30637611
 0.30862849 0.3039672  0.28074546 0.27681586 0.30172403 0.32956478
 0.34201526 0.35534107 0.35538406 0.35413798 0.35022326 0.35195654
 0.33451881 0.32096335 0.33716706 0.36899904 0.40187696 0.40756497
 0.40776032 0.39184843 0.37834824 0.37424792 0.39764657 0.45581058]","[0.39550727 0.27605021 0.23192592 0.2371499  0.25364875 0.26367686
 0.26641532 0.26089279 0.27225463 0.26105652 0.2800603  0.31161496
 0.33844113 0.35167912 0.34566036 0.36269163 0.33173792 0.31994217
 0.30179157 0.2821905  0.29098856 0.32267527 0.36953904 0.38241918
 0.38463031 0.36280696 0.34860165 0.35343625 0.36941829 0.42755247]","[0.39125286 0.27271104 0.22947108 0.23537621 0.2532864  0.26330101
 0.26641131 0.26055511 0.27232889 0.26471274 0.28781999 0.32230455
 0.35055538 0.36474997 0.37797751 0.40975181 0.40341774 0.41128938
 0.41081434 0.40736068 0.44491563 0.54396537 0.67758493 0.79099864
 0.89522225 0.99536853 1.09385763 1.19348793 1.26861109 1.33749697]",0.004142966,0.006923056,mean_absolute_error_optimizers.Adam-
0.006040339350700378,"[0.41288252 0.31092442 0.27438231 0.2824484  0.29644359 0.29435552
 0.28925808 0.28496802 0.2699904  0.24502998 0.26707171 0.30103054
 0.32448811 0.32733265 0.32435032 0.32736617 0.3307393  0.32597075
 0.32035137 0.3180297  0.34282269 0.38191987 0.40135426 0.41582901
 0.41195698 0.40413255 0.38922632 0.38431792 0.40887303 0.46703258]","[0.39419976 0.27281351 0.2282665  0.23449766 0.25108256 0.26075706
 0.2640028  0.25929051 0.27018791 0.25924221 0.28026756 0.31026324
 0.33487951 0.34659518 0.34261411 0.35976281 0.32940559 0.31610081
 0.30025612 0.28351391 0.29539509 0.32538153 0.37382552 0.38639301
 0.38827095 0.36667986 0.35150417 0.35530762 0.36850357 0.42742376]","[0.39047329 0.26956253 0.22518039 0.23168874 0.24957004 0.2589694
 0.26337926 0.25761866 0.26818312 0.26012467 0.28426873 0.31612129
 0.34116303 0.35339099 0.36488906 0.39634405 0.38985173 0.39727476
 0.39928464 0.39930307 0.44122808 0.54112752 0.67700771 0.79281768
 0.89829185 0.99825064 1.09699671 1.19612654 1.27063124 1.33874841]",0.0041593267,0.0069346135,mean_absolute_error_optimizers.Adam-
0.00598943625142177,"[0.43086288 0.32584875 0.28818712 0.29172998 0.30561329 0.31153171
 0.31277124 0.303421   0.28884941 0.26426207 0.28753516 0.31597234
 0.33075771 0.33381374 0.33680632 0.3321811  0.33296257 0.3326011
 0.32816669 0.3218723  0.34287284 0.37752655 0.40201581 0.41243209
 0.40672011 0.3907906  0.37755983 0.37603796 0.40330293 0.46525304]","[0.38828435 0.26937427 0.22593022 0.23232438 0.24777123 0.25734046
 0.26284241 0.26181319 0.27516893 0.26385582 0.28000718 0.3085935
 0.33497563 0.34814573 0.34595526 0.36430107 0.33540324 0.3221566
 0.30505226 0.28742205 0.29862519 0.32578849 0.37444997 0.38714444
 0.38814452 0.36827262 0.35389506 0.35501634 0.36865563 0.42835582]","[0.38500959 0.26676277 0.22383455 0.23095559 0.2474038  0.25608129
 0.2615744  0.25872124 0.27046976 0.26130559 0.28109713 0.3114571
 0.33711998 0.34920432 0.36115197 0.39049256 0.3805583  0.38378408
 0.37918174 0.37399019 0.42117301 0.52779274 0.67140952 0.79121079
 0.89907466 0.99868622 1.09516587 1.19210437 1.26546141 1.33204204]",0.004140172,0.006923306,mean_absolute_error_optimizers.Adam-
0.005906427870194117,"[0.43784452 0.32687898 0.29244048 0.29541031 0.30874315 0.30766909
 0.30437899 0.29319748 0.27803028 0.26478138 0.28583904 0.3166606
 0.33313667 0.34107123 0.34129811 0.33994016 0.33620808 0.33290754
 0.31953533 0.3096166  0.33818824 0.37454887 0.39732806 0.4059214
 0.40460332 0.38894792 0.37867572 0.36957835 0.39394129 0.45451456]","[0.38899652 0.27239726 0.23048394 0.23703728 0.25040856 0.25827996
 0.26258977 0.2595743  0.27103504 0.26017227 0.28035204 0.30919377
 0.33472958 0.34559933 0.33918732 0.35568219 0.3266462  0.31586247
 0.2976868  0.27943145 0.29144433 0.32167382 0.37412763 0.38722807
 0.38669549 0.36399802 0.3470954  0.35073006 0.36378161 0.42011583]","[0.38593498 0.27007979 0.2288973  0.23549004 0.24977355 0.25754296
 0.26259745 0.25965808 0.27043739 0.26322502 0.28763471 0.3185294
 0.34463886 0.35635474 0.37107421 0.40398477 0.39863331 0.40948509
 0.411903   0.41134764 0.45228254 0.55092922 0.68781237 0.80302542
 0.90853521 1.00862773 1.10689681 1.20614193 1.2806302  1.34804419]",0.004170908,0.0069464874,mean_absolute_error_optimizers.Adam-
0.005938713900744915,"[0.43134942 0.31987089 0.2813349  0.29012247 0.29899311 0.29832774
 0.29338752 0.29625754 0.2808844  0.25958259 0.2894691  0.31605221
 0.33112519 0.34148678 0.34473316 0.35077573 0.35154834 0.34174577
 0.32853309 0.31917234 0.34935469 0.37909879 0.40172044 0.41132382
 0.41249734 0.39892237 0.3870926  0.38544645 0.40540397 0.4614108 ]","[0.38576763 0.26468604 0.22227684 0.22832449 0.2443613  0.25335646
 0.25740506 0.25585007 0.26866802 0.25554413 0.27456011 0.30508736
 0.3301575  0.34085222 0.33475548 0.35144371 0.32176897 0.31141614
 0.29340458 0.27574812 0.28850585 0.31846789 0.36937373 0.38097548
 0.37889594 0.3559829  0.34101862 0.34510062 0.36075827 0.42197813]","[0.38270651 0.26270165 0.22097575 0.22735652 0.24437974 0.25296199
 0.2565991  0.25438766 0.26598527 0.25574994 0.27844932 0.31078951
 0.33569124 0.34475706 0.3525678  0.37974048 0.36790529 0.37664237
 0.37668945 0.37655292 0.42389539 0.52940833 0.67387222 0.79416579
 0.90197326 1.00290179 1.10114981 1.19909161 1.27180273 1.33690587]",0.0041632396,0.0069691357,mean_absolute_error_optimizers.Adam-
0.005853656013806661,"[0.42896247 0.31629034 0.2786086  0.28967558 0.30531046 0.30372158
 0.30209264 0.29485292 0.27826824 0.25840197 0.2844154  0.3149021
 0.32909168 0.336827   0.33693941 0.33885086 0.34811118 0.33742877
 0.32829368 0.31563771 0.34005405 0.36257344 0.38921474 0.40662056
 0.40075438 0.38062813 0.37152394 0.37058014 0.39512236 0.45503564]","[0.38300458 0.26363798 0.22477823 0.23223756 0.24927298 0.2579704
 0.26356394 0.26235222 0.27730147 0.26362197 0.27979373 0.30549864
 0.32876677 0.34165152 0.33380696 0.35476549 0.32655944 0.31420205
 0.29477673 0.27325707 0.28420549 0.31423197 0.36164202 0.37304156
 0.37694246 0.35704677 0.34458518 0.34870776 0.3640102  0.42310991]","[0.37955132 0.26125716 0.22308631 0.23109015 0.24893552 0.25704667
 0.2626369  0.26076529 0.27579623 0.26518362 0.28421111 0.3111408
 0.33403851 0.34617794 0.35289481 0.38594675 0.38114905 0.38653347
 0.38639539 0.38254185 0.42513031 0.53250128 0.67470031 0.79476924
 0.90297517 1.005351   1.1043272  1.20293245 1.27608184 1.34222998]",0.0041984185,0.0069620903,mean_absolute_error_optimizers.Adam-
0.005836527217179537,"[0.42728636 0.31687957 0.28865593 0.28990334 0.29463661 0.29380054
 0.28427189 0.27771344 0.26147965 0.2468132  0.26756099 0.30159699
 0.32688906 0.34560415 0.34554813 0.35077795 0.34633622 0.33919532
 0.32913171 0.32227987 0.34592965 0.37649718 0.40387553 0.41424571
 0.41190391 0.40000252 0.38543866 0.37587564 0.4080475  0.47309513]","[0.37682441 0.26073327 0.22366447 0.23401725 0.2469992  0.25245885
 0.25560545 0.25482668 0.27061341 0.25825934 0.27318958 0.29908237
 0.32342306 0.33522287 0.32737772 0.34449029 0.31343161 0.30422005
 0.28868791 0.27251067 0.28754808 0.3174098  0.36605607 0.37770681
 0.37879248 0.35819626 0.34375449 0.34425394 0.35599968 0.41783535]","[0.37318709 0.25814624 0.22180029 0.23247854 0.24617811 0.25177672
 0.25580194 0.25493544 0.26967953 0.25987874 0.27743109 0.30356775
 0.32628194 0.33436207 0.34177785 0.36934394 0.35699677 0.36468407
 0.36584983 0.36710317 0.41809326 0.52559311 0.6699449  0.7922898
 0.90254025 1.004783   1.10352281 1.20145426 1.27351651 1.3359617 ]",0.0042674057,0.0070464658,mean_absolute_error_optimizers.Adam-
0.005814779826750358,"[0.42553565 0.3273745  0.29546766 0.29450657 0.30951619 0.31370848
 0.30636773 0.29466029 0.28485771 0.26277842 0.29736612 0.31920707
 0.33314521 0.33673482 0.3359131  0.3352942  0.33802397 0.3402625
 0.32346849 0.3080726  0.32907319 0.3608323  0.38000052 0.39077074
 0.3842659  0.3753271  0.36874528 0.36343067 0.38753961 0.44919528]","[0.37520228 0.25903536 0.22127418 0.22837083 0.24114387 0.24655376
 0.25110332 0.25322843 0.26950183 0.25659976 0.27473529 0.30313868
 0.32655296 0.33768942 0.33486001 0.35417667 0.32382924 0.31068666
 0.29128043 0.26917319 0.28026531 0.31034865 0.36049668 0.37293675
 0.37495414 0.35482199 0.34077832 0.34584758 0.35842332 0.41612512]","[0.37333974 0.25799219 0.22060144 0.22779927 0.24105636 0.24636642
 0.25172187 0.25351611 0.26842598 0.25901667 0.28155325 0.31148505
 0.33568086 0.34642627 0.35937622 0.38737661 0.37487359 0.38073097
 0.37851967 0.37420852 0.42035982 0.52769477 0.6733281  0.79405944
 0.90375676 1.00578042 1.10363465 1.2018488  1.27471379 1.34037119]",0.004274116,0.007030235,mean_absolute_error_optimizers.Adam-
0.005722281442334254,"[0.42307116 0.31529506 0.28182336 0.28553248 0.28986792 0.28858121
 0.28786242 0.28253813 0.26287574 0.24679664 0.27019986 0.30465496
 0.32047713 0.32700341 0.33436503 0.33680919 0.3357891  0.33386426
 0.32136023 0.31434095 0.33555705 0.36070327 0.38957251 0.39415023
 0.39856976 0.3792722  0.3659441  0.36540159 0.38773741 0.45243825]","[0.37565286 0.25811283 0.21888243 0.22727028 0.24018114 0.24509145
 0.2483425  0.24789536 0.26268808 0.24796058 0.26528059 0.29369371
 0.31908014 0.33173572 0.32704814 0.3470123  0.31762863 0.30481185
 0.28614361 0.26537776 0.27697305 0.30502546 0.35555729 0.3680979
 0.36876237 0.34918644 0.3361165  0.34014109 0.3546273  0.4138343 ]","[0.37203914 0.25564653 0.21753161 0.22621626 0.23972561 0.24424757
 0.24758549 0.24713447 0.26160072 0.25066894 0.27285391 0.30365743
 0.32965852 0.34144064 0.35304277 0.38295272 0.37171582 0.37857133
 0.37909817 0.37807751 0.42495995 0.52834418 0.67096703 0.79093864
 0.89995102 1.00235185 1.1019545  1.20149822 1.27592163 1.34371049]",0.0042729173,0.007089022,mean_absolute_error_optimizers.Adam-
0.005728876661509275,"[0.43177267 0.31702474 0.28496434 0.29099248 0.29565861 0.29615796
 0.29513408 0.29489887 0.28959021 0.26567028 0.29210105 0.31326897
 0.3281208  0.33103621 0.33892181 0.32993465 0.33430219 0.33209421
 0.32572176 0.3103994  0.34426695 0.36674969 0.39036305 0.39713447
 0.40028348 0.38665396 0.37998622 0.37838268 0.39397561 0.45853322]","[0.36990015 0.25154665 0.2149433  0.22401077 0.23906485 0.24556475
 0.24961566 0.25210754 0.26682295 0.2529546  0.26798254 0.29449364
 0.32018964 0.33230605 0.32598783 0.34510621 0.31385513 0.30556156
 0.28647579 0.26656917 0.27682287 0.30554654 0.3545967  0.36482053
 0.36796422 0.34718796 0.33465067 0.34204202 0.35550046 0.41680605]","[0.36682979 0.24946837 0.21399814 0.22353139 0.23959044 0.24608104
 0.25102675 0.25375214 0.26807136 0.25787339 0.27745696 0.30652778
 0.33223329 0.34368965 0.3519282  0.37913872 0.36602774 0.37063836
 0.36793064 0.3664651  0.4131873  0.52174264 0.66433504 0.78410415
 0.89241303 0.99386439 1.0924327  1.19163774 1.26602528 1.33476289]",0.0042273784,0.0068927254,mean_absolute_error_optimizers.Adam-
0.00569118836397926,"[0.42397205 0.32143865 0.29100412 0.29628837 0.30739447 0.29722591
 0.2938713  0.28893259 0.27420991 0.25102547 0.27542286 0.29292686
 0.30333558 0.3197284  0.31953626 0.32192486 0.32286199 0.32095308
 0.30915812 0.30097124 0.32573209 0.360316   0.37598954 0.39137522
 0.3875155  0.380039   0.36962979 0.36525051 0.39495098 0.45257874]","[0.36256078 0.24629324 0.2110144  0.22340424 0.23928661 0.2473393
 0.25226117 0.25003649 0.26132054 0.24511083 0.2624989  0.29018423
 0.31453494 0.32416753 0.31695791 0.3372735  0.31021095 0.30166336
 0.28145043 0.2624277  0.27494868 0.30430909 0.35306094 0.36493081
 0.36768803 0.34620167 0.33239085 0.33553054 0.34935208 0.41240141]","[0.35926088 0.24397748 0.20969704 0.22203929 0.23820252 0.24602948
 0.25142915 0.24982843 0.26003944 0.24622483 0.26665848 0.2952063
 0.31873681 0.32616037 0.33512263 0.36497853 0.35423097 0.36324287
 0.36286987 0.36244623 0.41248475 0.52284357 0.66977082 0.79131562
 0.90113158 1.00353911 1.10298215 1.20224721 1.276283   1.3428943 ]",0.0041396287,0.0068730437,mean_absolute_error_optimizers.Adam-
0.005661069101343552,"[0.42564204 0.31717479 0.28208332 0.30071027 0.30475417 0.30702558
 0.30617699 0.29804422 0.27873709 0.25549952 0.28781811 0.3157735
 0.32737227 0.33849905 0.33555366 0.33059682 0.33342807 0.3334136
 0.32757862 0.31547612 0.34332159 0.36891471 0.3894057  0.40779353
 0.39864066 0.3913251  0.37523957 0.37444937 0.39577355 0.4563188 ]","[0.36416263 0.24470295 0.20768467 0.22161225 0.23880773 0.2469016
 0.25375448 0.2534819  0.26757732 0.25196789 0.26632763 0.29306558
 0.31664979 0.32706117 0.31954038 0.3423745  0.31603914 0.30703536
 0.28668442 0.26479333 0.27456056 0.30385527 0.35226017 0.36419333
 0.36755884 0.34867208 0.33738619 0.34336137 0.35574867 0.41340065]","[0.36158857 0.24261359 0.20634146 0.22055714 0.23862148 0.24726155
 0.25453258 0.25533258 0.26809306 0.25509778 0.27325442 0.30196052
 0.32657501 0.33700196 0.34418748 0.3745789  0.36543251 0.37018291
 0.36609275 0.36083276 0.40855571 0.52092817 0.66696256 0.78974295
 0.90031379 1.00391379 1.10367607 1.20266394 1.27611942 1.34271038]",0.0041933116,0.006908682,mean_absolute_error_optimizers.Adam-
0.005670322824269533,"[0.41506353 0.29313701 0.2660881  0.27748112 0.28968805 0.29410098
 0.28795688 0.27879821 0.25937484 0.23671906 0.26859544 0.29963449
 0.30655244 0.3155231  0.31836175 0.32560396 0.32660881 0.32602497
 0.31319337 0.29233753 0.31774438 0.34576176 0.37318369 0.39124393
 0.3946779  0.3833659  0.37267304 0.37067306 0.39263376 0.45174911]","[0.36537135 0.24691251 0.21316198 0.22631369 0.24355342 0.25035173
 0.2560323  0.25617127 0.26698748 0.24917375 0.26499511 0.28950655
 0.31108927 0.32017016 0.31626287 0.3373803  0.31006818 0.303614
 0.28541978 0.26360095 0.27210281 0.29995344 0.34935868 0.36136679
 0.3639252  0.34435104 0.33263306 0.33613702 0.34752232 0.40697486]","[0.36295399 0.24523607 0.21221354 0.22569294 0.24385903 0.25120626
 0.25782705 0.25921065 0.26954195 0.25418264 0.27244331 0.2975946
 0.31933959 0.32854589 0.33988683 0.37258921 0.36291334 0.37117489
 0.3696467  0.36696427 0.41399838 0.52406402 0.6698007  0.79288824
 0.90449955 1.00779188 1.10799607 1.20757358 1.28129159 1.34750167]",0.004260754,0.0070226304,mean_absolute_error_optimizers.Adam-
0.005570284550388654,"[0.40812039 0.30752777 0.28450243 0.30124608 0.30730739 0.30586796
 0.3120283  0.29672614 0.28166566 0.25173622 0.27372983 0.3084517
 0.31692624 0.32491945 0.32859769 0.32887582 0.33145485 0.33243797
 0.32171389 0.31232892 0.33416363 0.36517649 0.38618561 0.40166343
 0.39324835 0.3934278  0.38173491 0.37613451 0.40592707 0.45688248]","[0.361484   0.24178116 0.20743074 0.22065848 0.23637502 0.24365786
 0.24852287 0.25087035 0.26453564 0.24824059 0.26013727 0.28845509
 0.31323342 0.32543405 0.31813751 0.3403134  0.31110125 0.30114729
 0.28068104 0.2596986  0.27132616 0.29967506 0.34792512 0.35822235
 0.3595841  0.33952902 0.32541694 0.32759226 0.34075456 0.40381044]","[0.35907771 0.2397488  0.20601625 0.21962177 0.23587031 0.24292904
 0.24827041 0.25007928 0.26189164 0.24755122 0.26312594 0.29259808
 0.31721912 0.32727337 0.33182256 0.35877741 0.34577197 0.35094758
 0.34745114 0.34526907 0.39852614 0.51432447 0.66336083 0.78756215
 0.89997824 1.00328108 1.10279579 1.2018446  1.27591006 1.34407607]",0.004224927,0.006958366,mean_absolute_error_optimizers.Adam-
0.005515549236287673,"[0.40430222 0.30021383 0.27571376 0.28151709 0.28702077 0.28927445
 0.28730021 0.28237423 0.26314013 0.24559384 0.26492052 0.29417796
 0.31124172 0.31904462 0.32052179 0.31760078 0.32544912 0.32634179
 0.32467288 0.30231117 0.32774168 0.35990709 0.38439807 0.38681136
 0.38867627 0.37685989 0.36626323 0.36741265 0.39102424 0.45725526]","[0.36825932 0.25050098 0.21608792 0.22433012 0.23595849 0.24134736
 0.24747921 0.24994411 0.26256208 0.24738362 0.26079244 0.28864118
 0.31203749 0.32132626 0.31249316 0.33302719 0.30469693 0.29880494
 0.28082016 0.26058698 0.27338564 0.3037719  0.35131625 0.35886724
 0.36024445 0.34089321 0.3285246  0.33100813 0.34184781 0.40121156]","[0.36582592 0.24868113 0.21451224 0.22225743 0.23403101 0.23922999
 0.24555922 0.2484992  0.25992369 0.24560494 0.26239516 0.29128474
 0.31418692 0.32185377 0.32622849 0.35644106 0.34481661 0.35249824
 0.35284563 0.35375774 0.408879   0.52463508 0.67243214 0.79581405
 0.90787152 1.01156183 1.1109191  1.21016618 1.28354279 1.34924417]",0.0042298646,0.0069748424,mean_absolute_error_optimizers.Adam-
0.0055250511268774664,"[0.41668808 0.30630397 0.27796854 0.28442685 0.29277723 0.29073986
 0.29613837 0.29280229 0.27362116 0.24856888 0.27049679 0.2905132
 0.3002175  0.30577406 0.31226356 0.31444921 0.32763659 0.32761133
 0.31293233 0.29992142 0.32546704 0.35203096 0.36977116 0.38210878
 0.3865595  0.37660702 0.3690049  0.37462404 0.40052657 0.45469221]","[0.36186233 0.24544992 0.21182673 0.22101463 0.23201131 0.2352771
 0.2404063  0.24197879 0.25511087 0.24056385 0.25768576 0.28625574
 0.30974532 0.31895035 0.30864977 0.33107423 0.30566437 0.29938646
 0.27921405 0.25569802 0.26631058 0.29529472 0.34339734 0.35401875
 0.35427964 0.33547283 0.32632296 0.33321479 0.34776481 0.4074089 ]","[0.35897101 0.24328242 0.21108262 0.22098371 0.23262144 0.23592654
 0.24095416 0.24372597 0.25535602 0.24326234 0.26486604 0.29512683
 0.3189998  0.32740014 0.33495272 0.36222454 0.35091891 0.35994384
 0.35766734 0.35387194 0.40303045 0.51600891 0.66560873 0.78935424
 0.90100522 1.00478861 1.10535752 1.20525682 1.28013529 1.34594914]",0.004261917,0.0070350342,mean_absolute_error_optimizers.Adam-
0.005464686650782823,"[0.39966142 0.29050208 0.26934137 0.27656648 0.28425282 0.28412812
 0.28532514 0.28121604 0.26378721 0.23206041 0.24416539 0.27450666
 0.2858765  0.28984861 0.29593685 0.29839442 0.30706455 0.30543227
 0.29886195 0.29067271 0.31408691 0.34057954 0.36396207 0.37122673
 0.37347979 0.36339001 0.35802587 0.35693771 0.38797594 0.44723959]","[0.35368723 0.23702707 0.20557555 0.21728588 0.22987649 0.23493368
 0.24086003 0.24114008 0.25478006 0.23747907 0.25012007 0.27764746
 0.30076509 0.3095357  0.30249963 0.32404717 0.2979462  0.29306542
 0.27510449 0.25439082 0.26639112 0.29491289 0.34384955 0.3523127
 0.34986949 0.33005208 0.31872914 0.32615709 0.3416688  0.40298035]","[0.35095954 0.23510666 0.20463441 0.21652196 0.22944406 0.23465022
 0.24061308 0.2419362  0.25380123 0.23889258 0.25568935 0.28431865
 0.3073207  0.31497074 0.3240069  0.3531658  0.34254809 0.35180923
 0.35158973 0.3509546  0.40304881 0.51626025 0.66506325 0.78867299
 0.89936649 1.00344442 1.10367544 1.20403723 1.27913584 1.34746612]",0.004143164,0.00685933,mean_absolute_error_optimizers.Adam-
