0.03100755850970745,"[0.68222025 0.73313154 0.80889426 0.93591525 1.05907962 1.137648
 1.15754338 1.22439593 1.28865608 1.4033355 ]","[0.54037449 0.61994296 0.74062271 0.8389552  0.92507013 0.99762408
 1.06702882 1.14158399 1.20390364 1.26351278]","[0.54037449 0.61994296 0.74062271 0.8389552  0.92507013 0.99762408
 1.06702882 1.14158399 1.20390364 1.26351278]",mean_absolute_error_optimizers.Adam-lr=0.002
0.025194168637196222,"[0.59968892 0.71246975 0.77157853 0.86637619 1.0130679  1.04148922
 1.12132431 1.1814706  1.25708699 1.32906114]","[0.46375746 0.54625225 0.66764051 0.76991869 0.85950988 0.93561927
 1.00777296 1.08343979 1.14415181 1.2039325 ]","[0.46375746 0.54625225 0.66764051 0.76991869 0.85950988 0.93561927
 1.00777296 1.08343979 1.14415181 1.2039325 ]",mean_absolute_error_optimizers.Adam-lr=0.002
0.024186727121472358,"[0.4782314  0.56210897 0.62845537 0.73119945 0.82082437 0.90917226
 1.0003204  1.09068937 1.15743769 1.23436702]","[0.40256791 0.49650029 0.62241568 0.73071937 0.82472739 0.90419327
 0.97889433 1.05591218 1.11874923 1.18052602]","[0.40256791 0.49650029 0.62241568 0.73071937 0.82472739 0.90419327
 0.97889433 1.05591218 1.11874923 1.18052602]",mean_absolute_error_optimizers.Adam-lr=0.002
0.023505891799926758,"[0.65084496 0.70231978 0.79164134 0.92483236 0.97306061 1.08496725
 1.12038011 1.17310738 1.22340532 1.27378752]","[0.4013747  0.499045   0.62672049 0.7330957  0.82152839 0.89737405
 0.96784383 1.04071071 1.10223516 1.16314286]","[0.4013747  0.499045   0.62672049 0.7330957  0.82152839 0.89737405
 0.96784383 1.04071071 1.10223516 1.16314286]",mean_absolute_error_optimizers.Adam-lr=0.002
0.0232697424441576,"[0.57077429 0.62115918 0.71825857 0.81331228 0.91152948 0.99273481
 1.07437606 1.15316754 1.21342017 1.27152122]","[0.4150237  0.5190105  0.64507494 0.7500553  0.834986   0.90983098
 0.97834385 1.04958375 1.11095585 1.1711303 ]","[0.4150237  0.5190105  0.64507494 0.7500553  0.834986   0.90983098
 0.97834385 1.04958375 1.11095585 1.1711303 ]",mean_absolute_error_optimizers.Adam-lr=0.002
0.022663817728559178,"[0.44556087 0.50829539 0.6131948  0.69877581 0.78045281 0.83190216
 0.92786543 0.99560686 1.1067481  1.20404776]","[0.40110745 0.50407809 0.63148694 0.7375563  0.8259545  0.90061757
 0.97063344 1.04377857 1.10234231 1.16007821]","[0.40110745 0.50407809 0.63148694 0.7375563  0.8259545  0.90061757
 0.97063344 1.04377857 1.10234231 1.16007821]",mean_absolute_error_optimizers.Adam-lr=0.002
0.022206307664513588,"[0.33834604 0.40583654 0.49287781 0.5927876  0.68905003 0.76062707
 0.82652601 0.88450231 0.94510832 1.01205439]","[0.36647124 0.47932704 0.60501219 0.71076673 0.80029909 0.87579431
 0.94731336 1.02126745 1.08059033 1.13820566]","[0.36647124 0.47932704 0.60501219 0.71076673 0.80029909 0.87579431
 0.94731336 1.02126745 1.08059033 1.13820566]",mean_absolute_error_optimizers.Adam-lr=0.002
0.0217739717066288,"[0.34253476 0.41478305 0.50150626 0.59474032 0.67611883 0.75567477
 0.82642828 0.91922475 0.98545974 1.02189132]","[0.38244098 0.4817598  0.6022594  0.70688476 0.79513026 0.87020699
 0.94183633 1.01700533 1.07871662 1.13891221]","[0.38244098 0.4817598  0.6022594  0.70688476 0.79513026 0.87020699
 0.94183633 1.01700533 1.07871662 1.13891221]",mean_absolute_error_optimizers.Adam-lr=0.002
0.021606777389844258,"[0.51381015 0.58705375 0.69802973 0.73513781 0.8395958  0.92788112
 0.98886734 1.04997349 1.10991425 1.16900315]","[0.3933409  0.49629807 0.61567138 0.72022498 0.81026426 0.88668492
 0.95770291 1.03239344 1.09331812 1.15324805]","[0.3933409  0.49629807 0.61567138 0.72022498 0.81026426 0.88668492
 0.95770291 1.03239344 1.09331812 1.15324805]",mean_absolute_error_optimizers.Adam-lr=0.002
0.021281189451615015,"[0.40641433 0.46447716 0.54786834 0.72738565 0.82402135 0.89258231
 0.94450186 0.99292911 1.02953628 1.06663314]","[0.3548652  0.46325961 0.58785919 0.69486265 0.78795962 0.86741091
 0.94149948 1.01746709 1.07599969 1.13308759]","[0.3548652  0.46325961 0.58785919 0.69486265 0.78795962 0.86741091
 0.94149948 1.01746709 1.07599969 1.13308759]",mean_absolute_error_optimizers.Adam-lr=0.002
0.02112234898408254,"[0.43356636 0.43687135 0.54793897 0.63116105 0.70626118 0.8432025
 0.96054472 0.94752001 1.0515978  1.20960211]","[0.36328778 0.46333668 0.58670225 0.69459145 0.7842182  0.86114592
 0.93309504 1.00740854 1.06710548 1.12678302]","[0.36328778 0.46333668 0.58670225 0.69459145 0.7842182  0.86114592
 0.93309504 1.00740854 1.06710548 1.12678302]",mean_absolute_error_optimizers.Adam-lr=0.002
0.02101047564049562,"[0.59084551 0.62761874 0.78100398 0.90002598 1.01332267 1.02484471
 1.10165354 1.17911002 1.24222351 1.27127417]","[0.3608273  0.46189988 0.5838651  0.68922306 0.77661902 0.85256689
 0.92563206 1.00021027 1.05879024 1.11670623]","[0.3608273  0.46189988 0.5838651  0.68922306 0.77661902 0.85256689
 0.92563206 1.00021027 1.05879024 1.11670623]",mean_absolute_error_optimizers.Adam-lr=0.002
0.02098000223437945,"[0.51149064 0.49426084 0.57939759 0.67794903 0.7660209  0.79240391
 0.83239528 0.92114682 1.01142954 1.03696223]","[0.36076231 0.45847133 0.58002535 0.68646738 0.77728444 0.85611252
 0.93297172 1.00984984 1.07065917 1.12892161]","[0.36076231 0.45847133 0.58002535 0.68646738 0.77728444 0.85611252
 0.93297172 1.00984984 1.07065917 1.12892161]",mean_absolute_error_optimizers.Adam-lr=0.002
0.02041851489742597,"[0.32927242 0.39989584 0.52930265 0.61375277 0.6897332  0.75524368
 0.80707514 0.86487551 0.92747477 1.00031183]","[0.35496861 0.45560551 0.58087653 0.68878793 0.77972819 0.85956132
 0.93427476 1.00901501 1.06796412 1.12444174]","[0.35496861 0.45560551 0.58087653 0.68878793 0.77972819 0.85956132
 0.93427476 1.00901501 1.06796412 1.12444174]",mean_absolute_error_optimizers.Adam-lr=0.002
0.020443046778440475,"[0.58226016 0.57597686 0.70517401 0.73291175 0.79337824 0.84692543
 0.93990585 0.96228518 1.0212382  1.11126113]","[0.34028465 0.43950477 0.56589329 0.67534705 0.76480622 0.84645488
 0.92089441 0.99570459 1.05359038 1.10907701]","[0.34028465 0.43950477 0.56589329 0.67534705 0.76480622 0.84645488
 0.92089441 0.99570459 1.05359038 1.10907701]",mean_absolute_error_optimizers.Adam-lr=0.002
0.02033966813981533,"[0.42444263 0.55332071 0.59394096 0.76537499 0.78166769 0.91703671
 1.00195044 1.05729869 1.15354835 1.21222074]","[0.35707147 0.45601703 0.58161652 0.68725625 0.7735489  0.84898696
 0.92143417 0.995705   1.0549761  1.11207098]","[0.35707147 0.45601703 0.58161652 0.68725625 0.7735489  0.84898696
 0.92143417 0.995705   1.0549761  1.11207098]",mean_absolute_error_optimizers.Adam-lr=0.002
0.02018884467581908,"[0.29393895 0.41003258 0.52594576 0.59381644 0.73751061 0.83255007
 0.90942764 0.97418817 1.06411408 1.10972307]","[0.34983274 0.44233684 0.56917443 0.67616199 0.7614985  0.84022934
 0.91581248 0.99058232 1.04973764 1.10423994]","[0.34983274 0.44233684 0.56917443 0.67616199 0.7614985  0.84022934
 0.91581248 0.99058232 1.04973764 1.10423994]",mean_absolute_error_optimizers.Adam-lr=0.002
0.020044227133194606,"[0.49143889 0.49145647 0.58074521 0.67712612 0.75873822 0.84536855
 0.90917173 0.99279098 1.10756303 1.22117356]","[0.35683778 0.45170323 0.57767643 0.68392779 0.7713706  0.84992537
 0.92533619 1.0014035  1.06108348 1.1176405 ]","[0.35683778 0.45170323 0.57767643 0.68392779 0.7713706  0.84992537
 0.92533619 1.0014035  1.06108348 1.1176405 ]",mean_absolute_error_optimizers.Adam-lr=0.002
0.019938154737154642,"[0.45671039 0.55262464 0.55731793 0.63061654 0.70097939 0.7787881
 0.84175633 0.95970105 1.01046806 1.05849487]","[0.33351048 0.43324499 0.56314592 0.67173695 0.76116087 0.83982537
 0.91506966 0.99006903 1.04836765 1.10492771]","[0.33351048 0.43324499 0.56314592 0.67173695 0.76116087 0.83982537
 0.91506966 0.99006903 1.04836765 1.10492771]",mean_absolute_error_optimizers.Adam-lr=0.002
0.01968853574494521,"[0.40810782 0.5076634  0.52310069 0.61838078 0.6878239  0.7605727
 0.81138005 0.87414466 0.97357459 1.05065589]","[0.33787559 0.43191431 0.56557474 0.6742272  0.76463133 0.84489224
 0.92004647 0.99478201 1.05366261 1.10975871]","[0.33787559 0.43191431 0.56557474 0.6742272  0.76463133 0.84489224
 0.92004647 0.99478201 1.05366261 1.10975871]",mean_absolute_error_optimizers.Adam-lr=0.002
0.019608799373110136,"[0.28923283 0.32903281 0.46253689 0.54693763 0.62263706 0.72001104
 0.71530795 0.74056918 0.79925197 0.85207791]","[0.34223257 0.43587621 0.56613235 0.67697441 0.76817979 0.8496957
 0.92555583 1.00157239 1.06011314 1.11627679]","[0.34223257 0.43587621 0.56613235 0.67697441 0.76817979 0.8496957
 0.92555583 1.00157239 1.06011314 1.11627679]",mean_absolute_error_optimizers.Adam-lr=0.002
0.019369657188653945,"[0.35568807 0.40973059 0.49562193 0.55702456 0.67054952 0.73616145
 0.80742413 0.87144729 1.04196485 1.04762221]","[0.33634552 0.43460254 0.56723202 0.67653297 0.76656056 0.84440703
 0.91982224 0.99605517 1.05792939 1.11540742]","[0.33634552 0.43460254 0.56723202 0.67653297 0.76656056 0.84440703
 0.91982224 0.99605517 1.05792939 1.11540742]",mean_absolute_error_optimizers.Adam-lr=0.002
0.019151032596826552,"[0.4577673  0.45613155 0.56451945 0.72891248 0.72756829 0.79520774
 0.92120758 0.98892883 1.05899128 1.11474303]","[0.33230538 0.42583957 0.55601047 0.6643064  0.75608849 0.8366973
 0.91180432 0.98591992 1.04425237 1.10188019]","[0.33230538 0.42583957 0.55601047 0.6643064  0.75608849 0.8366973
 0.91180432 0.98591992 1.04425237 1.10188019]",mean_absolute_error_optimizers.Adam-lr=0.002
0.019087089801828067,"[0.38351837 0.43648443 0.51387988 0.60189134 0.71395431 0.78749686
 0.84617353 0.90590505 0.9571505  1.00612506]","[0.3339126  0.42809908 0.56142111 0.67240386 0.76246205 0.84378366
 0.92275717 1.00096847 1.06295707 1.11940065]","[0.3339126  0.42809908 0.56142111 0.67240386 0.76246205 0.84378366
 0.92275717 1.00096847 1.06295707 1.11940065]",mean_absolute_error_optimizers.Adam-lr=0.002
0.01922154843310515,"[0.44269433 0.50142739 0.62502988 0.70985448 0.8220533  0.92965728
 1.02330225 1.13071842 1.2410722  1.32148736]","[0.33455798 0.42640754 0.5571949  0.66794242 0.76095417 0.8411419
 0.91702704 0.99353194 1.05339029 1.10824314]","[0.33455798 0.42640754 0.5571949  0.66794242 0.76095417 0.8411419
 0.91702704 0.99353194 1.05339029 1.10824314]",mean_absolute_error_optimizers.Adam-lr=0.002
0.018948953106999396,"[0.37727119 0.37179925 0.54524886 0.62812639 0.70974922 0.71406559
 0.76209536 0.81451012 0.80462758 0.85855074]","[0.32341872 0.41461502 0.54790356 0.65696196 0.7524484  0.83408323
 0.91237268 0.99062988 1.04989422 1.10522285]","[0.32341872 0.41461502 0.54790356 0.65696196 0.7524484  0.83408323
 0.91237268 0.99062988 1.04989422 1.10522285]",mean_absolute_error_optimizers.Adam-lr=0.002
0.018696351426343124,"[0.36477472 0.41547322 0.43742733 0.6173494  0.69129408 0.77162279
 0.92281008 0.98189149 1.04101442 1.07371321]","[0.32375148 0.41792551 0.54943852 0.65764913 0.75382457 0.83525252
 0.91336729 0.99322988 1.05611836 1.11478713]","[0.32375148 0.41792551 0.54943852 0.65764913 0.75382457 0.83525252
 0.91336729 0.99322988 1.05611836 1.11478713]",mean_absolute_error_optimizers.Adam-lr=0.002
0.018742314636707304,"[0.50612919 0.53817267 0.54933609 0.60245358 0.68093429 0.73091005
 0.83414994 0.86122908 0.91964999 0.97638693]","[0.33322057 0.43042566 0.56095057 0.66894133 0.76180751 0.8418965
 0.92034796 1.00039778 1.0629338  1.12192149]","[0.33322057 0.43042566 0.56095057 0.66894133 0.76180751 0.8418965
 0.92034796 1.00039778 1.0629338  1.12192149]",mean_absolute_error_optimizers.Adam-lr=0.002
0.018705823011696338,"[0.52416264 0.58023107 0.65536188 0.73409648 0.80733553 0.87248376
 0.88577812 0.94210988 1.01130052 1.05631597]","[0.33393677 0.42804253 0.55745045 0.66615314 0.76196925 0.84310562
 0.92169219 1.00187333 1.06295838 1.12146266]","[0.33393677 0.42804253 0.55745045 0.66615314 0.76196925 0.84310562
 0.92169219 1.00187333 1.06295838 1.12146266]",mean_absolute_error_optimizers.Adam-lr=0.002
0.0185280536711216,"[0.46925988 0.47998696 0.59447821 0.62167983 0.74308699 0.90452449
 0.99540369 1.05644325 1.05634398 1.10916112]","[0.31907584 0.41369638 0.54394661 0.65326741 0.74900382 0.82705003
 0.90207992 0.98027031 1.04065439 1.09770234]","[0.31907584 0.41369638 0.54394661 0.65326741 0.74900382 0.82705003
 0.90207992 0.98027031 1.04065439 1.09770234]",mean_absolute_error_optimizers.Adam-lr=0.002
0.018465592314799627,"[0.29311192 0.35601277 0.43867961 0.57779734 0.60577838 0.68055531
 0.75499754 0.81447007 0.91192323 0.95385466]","[0.32140788 0.41072586 0.54095875 0.64906105 0.74357259 0.82376169
 0.90155003 0.98266578 1.04615347 1.10655989]","[0.32140788 0.41072586 0.54095875 0.64906105 0.74357259 0.82376169
 0.90155003 0.98266578 1.04615347 1.10655989]",mean_absolute_error_optimizers.Adam-lr=0.002
0.01841642547150453,"[0.42919375 0.4425473  0.47891893 0.55078421 0.60249589 0.65948584
 0.71438965 0.76399509 0.86559347 0.91686855]","[0.32185694 0.41290179 0.54552037 0.65392295 0.75135074 0.82930007
 0.90231319 0.97738208 1.0347363  1.08960693]","[0.32185694 0.41290179 0.54552037 0.65392295 0.75135074 0.82930007
 0.90231319 0.97738208 1.0347363  1.08960693]",mean_absolute_error_optimizers.Adam-lr=0.002
0.018230387210845946,"[0.35197086 0.33423733 0.4121238  0.49074923 0.56015233 0.63398184
 0.71878135 0.81681904 0.81741339 0.84947752]","[0.30235081 0.39886328 0.53478777 0.64512699 0.74620137 0.82876025
 0.90885452 0.98931638 1.05132884 1.11104047]","[0.30235081 0.39886328 0.53478777 0.64512699 0.74620137 0.82876025
 0.90885452 0.98931638 1.05132884 1.11104047]",mean_absolute_error_optimizers.Adam-lr=0.002
0.018269971234103045,"[0.38484324 0.39772488 0.48089328 0.53813149 0.60038635 0.66669009
 0.73794935 0.831307   0.92948091 0.93172418]","[0.30942364 0.40235011 0.53648653 0.64554288 0.74192698 0.82423773
 0.90423981 0.98590869 1.0493935  1.10867539]","[0.30942364 0.40235011 0.53648653 0.64554288 0.74192698 0.82423773
 0.90423981 0.98590869 1.0493935  1.10867539]",mean_absolute_error_optimizers.Adam-lr=0.002
0.01826521907001734,"[0.37470738 0.38222486 0.49074416 0.6015997  0.70137469 0.77672147
 0.8919129  0.95296006 1.01725462 1.06828243]","[0.31572669 0.40817815 0.53467497 0.64181952 0.74141906 0.82318203
 0.90357359 0.98463618 1.04820558 1.10995566]","[0.31572669 0.40817815 0.53467497 0.64181952 0.74141906 0.82318203
 0.90357359 0.98463618 1.04820558 1.10995566]",mean_absolute_error_optimizers.Adam-lr=0.002
0.018037167911728224,"[0.29364189 0.3836374  0.45653139 0.55623503 0.57231477 0.63455701
 0.6933134  0.74469894 0.79521275 0.91899789]","[0.31442149 0.40521279 0.53931715 0.65084585 0.75098233 0.83288949
 0.91331878 0.99471771 1.05837195 1.12042971]","[0.31442149 0.40521279 0.53931715 0.65084585 0.75098233 0.83288949
 0.91331878 0.99471771 1.05837195 1.12042971]",mean_absolute_error_optimizers.Adam-lr=0.002
0.017930674761533736,"[0.41176219 0.4824029  0.48416471 0.60435409 0.70368626 0.81145672
 0.92639249 0.93116192 1.04170979 1.02078237]","[0.3232299  0.41467694 0.54732194 0.65604154 0.75376831 0.83023777
 0.90533738 0.98428387 1.04720341 1.10974052]","[0.3232299  0.41467694 0.54732194 0.65604154 0.75376831 0.83023777
 0.90533738 0.98428387 1.04720341 1.10974052]",mean_absolute_error_optimizers.Adam-lr=0.002
0.01782796991119782,"[0.28955971 0.33242581 0.45646922 0.52962429 0.59929392 0.66041214
 0.71715485 0.76512059 0.81826844 0.86339568]","[0.32422015 0.41121813 0.54062786 0.64744071 0.74471877 0.82180474
 0.89791671 0.97627931 1.03754483 1.09828148]","[0.32422015 0.41121813 0.54062786 0.64744071 0.74471877 0.82180474
 0.89791671 0.97627931 1.03754483 1.09828148]",mean_absolute_error_optimizers.Adam-lr=0.002
0.017819803588092327,"[0.28362398 0.3521368  0.48675974 0.55657031 0.67406998 0.76655629
 0.80133095 0.87240007 0.94505042 1.01633474]","[0.31736026 0.40324741 0.53066294 0.63839231 0.74411031 0.82827719
 0.91196263 0.99825329 1.06722152 1.13563666]","[0.31736026 0.40324741 0.53066294 0.63839231 0.74411031 0.82827719
 0.91196263 0.99825329 1.06722152 1.13563666]",mean_absolute_error_optimizers.Adam-lr=0.002
0.017621456945935886,"[0.34831271 0.5133344  0.53506127 0.60226325 0.74581927 0.76333885
 0.86375558 0.9426571  0.95493612 1.04904   ]","[0.33750364 0.42206803 0.54816185 0.6587338  0.76469532 0.84676484
 0.9272066  1.00840653 1.07256348 1.13639091]","[0.33750364 0.42206803 0.54816185 0.6587338  0.76469532 0.84676484
 0.9272066  1.00840653 1.07256348 1.13639091]",mean_absolute_error_optimizers.Adam-lr=0.002
0.017654923868676026,"[0.52627567 0.56975569 0.59768244 0.71386805 0.77349316 0.816842
 0.86515873 0.92602265 0.98542723 1.0567003 ]","[0.3353587  0.41671779 0.54663434 0.6533511  0.75362797 0.83629026
 0.91826577 1.00263671 1.07075789 1.13827524]","[0.3353587  0.41671779 0.54663434 0.6533511  0.75362797 0.83629026
 0.91826577 1.00263671 1.07075789 1.13827524]",mean_absolute_error_optimizers.Adam-lr=0.002
0.01750646784653266,"[0.42826755 0.43358619 0.51830346 0.61073619 0.72631219 0.78996414
 0.83891047 0.89804115 0.95230444 1.01306256]","[0.32304618 0.40544172 0.53584677 0.64719349 0.75232101 0.83422447
 0.91754498 1.00259534 1.07007985 1.14020746]","[0.32304618 0.40544172 0.53584677 0.64719349 0.75232101 0.83422447
 0.91754498 1.00259534 1.07007985 1.14020746]",mean_absolute_error_optimizers.Adam-lr=0.002
0.017437213788429894,"[0.49237826 0.59518892 0.71240126 0.77058493 0.74481304 0.8098266
 0.78539036 0.85518779 0.99437312 1.09209438]","[0.33088184 0.41133181 0.53978632 0.64485015 0.74590056 0.82450577
 0.90314746 0.98385089 1.0508799  1.11777574]","[0.33088184 0.41133181 0.53978632 0.64485015 0.74590056 0.82450577
 0.90314746 0.98385089 1.0508799  1.11777574]",mean_absolute_error_optimizers.Adam-lr=0.002
0.017373665541410448,"[0.42779084 0.37926775 0.45206927 0.53972242 0.61070536 0.65440935
 0.77636582 0.8509521  0.92022556 0.9853577 ]","[0.31980216 0.40096167 0.53203808 0.64027081 0.74598547 0.82993569
 0.91275331 0.99576303 1.06208967 1.12690151]","[0.31980216 0.40096167 0.53203808 0.64027081 0.74598547 0.82993569
 0.91275331 0.99576303 1.06208967 1.12690151]",mean_absolute_error_optimizers.Adam-lr=0.002
0.017104048661887646,"[0.30578262 0.37429571 0.41385484 0.5521437  0.65735901 0.77022381
 0.8322812  0.8869885  0.96535202 0.97493471]","[0.32522176 0.40762603 0.53628489 0.645459   0.75676645 0.8410924
 0.92585007 1.01194746 1.08106593 1.14753662]","[0.32522176 0.40762603 0.53628489 0.645459   0.75676645 0.8410924
 0.92585007 1.01194746 1.08106593 1.14753662]",mean_absolute_error_optimizers.Adam-lr=0.002
0.01718901223440965,"[0.38302891 0.43363101 0.50946834 0.66768079 0.72657897 0.82554136
 0.86457128 0.88923689 0.8872121  0.94925978]","[0.31796202 0.39933083 0.53136244 0.64161193 0.75221581 0.83344934
 0.91376609 0.99558136 1.06313969 1.13057852]","[0.31796202 0.39933083 0.53136244 0.64161193 0.75221581 0.83344934
 0.91376609 0.99558136 1.06313969 1.13057852]",mean_absolute_error_optimizers.Adam-lr=0.002
0.017181512020528318,"[0.36931805 0.43881613 0.55415404 0.60645751 0.68965869 0.73265569
 0.72744674 0.84384762 0.88579173 0.93193975]","[0.31495036 0.39800159 0.52422363 0.63418144 0.75040214 0.83878215
 0.92789384 1.01673961 1.0891779  1.15730491]","[0.31495036 0.39800159 0.52422363 0.63418144 0.75040214 0.83878215
 0.92789384 1.01673961 1.0891779  1.15730491]",mean_absolute_error_optimizers.Adam-lr=0.002
0.017062170329193275,"[0.35440215 0.41259269 0.52762058 0.59465174 0.71612127 0.73531843
 0.79449959 0.8611888  0.90606386 0.99291173]","[0.32323455 0.39780101 0.52553821 0.6355495  0.7514628  0.83786993
 0.92354475 1.00916995 1.07690538 1.14308577]","[0.32323455 0.39780101 0.52553821 0.6355495  0.7514628  0.83786993
 0.92354475 1.00916995 1.07690538 1.14308577]",mean_absolute_error_optimizers.Adam-lr=0.002
0.017053396617372832,"[0.37846659 0.4715446  0.68662228 0.73456092 0.84406829 0.80527081
 0.8022674  0.85729937 0.90528139 0.94349546]","[0.32715035 0.40985424 0.53857338 0.64932167 0.76274203 0.84957047
 0.93819993 1.02472131 1.09813207 1.17039638]","[0.32715035 0.40985424 0.53857338 0.64932167 0.76274203 0.84957047
 0.93819993 1.02472131 1.09813207 1.17039638]",mean_absolute_error_optimizers.Adam-lr=0.002
0.016935865888992947,"[0.4695656  0.58736187 0.6568789  0.71571677 0.77173305 0.84559744
 0.91866896 0.92547633 0.95888456 1.03174719]","[0.3130974  0.40089412 0.53055672 0.64171696 0.75637662 0.84502407
 0.93295549 1.02062288 1.09244072 1.16367208]","[0.3130974  0.40089412 0.53055672 0.64171696 0.75637662 0.84502407
 0.93295549 1.02062288 1.09244072 1.16367208]",mean_absolute_error_optimizers.Adam-lr=0.002
0.016908814882238707,"[0.32018346 0.38720888 0.46487194 0.55188022 0.60376113 0.66272425
 0.66794272 0.73169459 0.81248561 0.86041615]","[0.33686736 0.4147837  0.53822702 0.64634372 0.75850105 0.84538431
 0.93376217 1.02280365 1.09506004 1.16582578]","[0.33686736 0.4147837  0.53822702 0.64634372 0.75850105 0.84538431
 0.93376217 1.02280365 1.09506004 1.16582578]",mean_absolute_error_optimizers.Adam-lr=0.002
0.016635357218484085,"[0.36125275 0.46293726 0.52471941 0.61674351 0.63670688 0.69673834
 0.71331045 0.7545735  0.79769761 0.83973285]","[0.33188156 0.4167563  0.54800017 0.6617479  0.77597551 0.86767084
 0.96094723 1.05553729 1.13162826 1.20410136]","[0.33188156 0.4167563  0.54800017 0.6617479  0.77597551 0.86767084
 0.96094723 1.05553729 1.13162826 1.20410136]",mean_absolute_error_optimizers.Adam-lr=0.002
0.016719635486602782,"[0.36908708 0.35997093 0.47542169 0.61523027 0.69650026 0.77718548
 0.83439632 0.88771009 0.9368743  0.98575973]","[0.33002488 0.41206428 0.54243492 0.6535769  0.7639926  0.8505459
 0.93725876 1.02461248 1.09514879 1.16115385]","[0.33002488 0.41206428 0.54243492 0.6535769  0.7639926  0.8505459
 0.93725876 1.02461248 1.09514879 1.16115385]",mean_absolute_error_optimizers.Adam-lr=0.002
0.01656856836626927,"[0.40412916 0.35504364 0.45203861 0.62793029 0.69065039 0.69587292
 0.81639445 0.88112213 0.86884306 0.83908521]","[0.32267679 0.40318688 0.53321579 0.64578608 0.75975018 0.84829734
 0.93491416 1.01890921 1.0863078  1.15285664]","[0.32267679 0.40318688 0.53321579 0.64578608 0.75975018 0.84829734
 0.93491416 1.01890921 1.0863078  1.15285664]",mean_absolute_error_optimizers.Adam-lr=0.002
0.016572715878486632,"[0.25346891 0.35016261 0.42212981 0.50337556 0.57945828 0.69847299
 0.70862211 0.81721996 0.86485976 0.95440848]","[0.31541355 0.40247882 0.53841114 0.65735099 0.77329115 0.86509209
 0.95650194 1.04649843 1.11790162 1.18235139]","[0.31541355 0.40247882 0.53841114 0.65735099 0.77329115 0.86509209
 0.95650194 1.04649843 1.11790162 1.18235139]",mean_absolute_error_optimizers.Adam-lr=0.002
0.016421171608070533,"[0.28037216 0.34802368 0.41849857 0.51797583 0.55267314 0.60169115
 0.66377353 0.74634608 0.77862419 0.82464594]","[0.32798429 0.41655043 0.55002096 0.66739132 0.78229012 0.87217465
 0.95758606 1.04560993 1.11340712 1.1800774 ]","[0.32798429 0.41655043 0.55002096 0.66739132 0.78229012 0.87217465
 0.95758606 1.04560993 1.11340712 1.1800774 ]",mean_absolute_error_optimizers.Adam-lr=0.002
0.01649025558680296,"[0.32579928 0.36092261 0.42184215 0.47546561 0.53707539 0.57920072
 0.63654796 0.67805319 0.72136441 0.75931586]","[0.32725133 0.4147304  0.54270481 0.65471199 0.76681336 0.85267784
 0.94177402 1.02841701 1.09832094 1.16441975]","[0.32725133 0.4147304  0.54270481 0.65471199 0.76681336 0.85267784
 0.94177402 1.02841701 1.09832094 1.16441975]",mean_absolute_error_optimizers.Adam-lr=0.002
0.016338227895398936,"[0.30548053 0.37258931 0.37343048 0.46859311 0.51937098 0.5758262
 0.61276143 0.65721051 0.75277484 0.80081952]","[0.32795843 0.41376032 0.54815874 0.66413157 0.78333297 0.87538501
 0.96708003 1.05896252 1.13238726 1.20364112]","[0.32795843 0.41376032 0.54815874 0.66413157 0.78333297 0.87538501
 0.96708003 1.05896252 1.13238726 1.20364112]",mean_absolute_error_optimizers.Adam-lr=0.002
0.016278666101396083,"[0.67899157 0.51885855 0.59552663 0.72764001 0.7337339  0.79845026
 0.86225124 0.91797165 1.04132002 1.09242995]","[0.32039894 0.40720377 0.5354868  0.64932818 0.76376063 0.85014277
 0.93834679 1.02631267 1.09662522 1.1650645 ]","[0.32039894 0.40720377 0.5354868  0.64932818 0.76376063 0.85014277
 0.93834679 1.02631267 1.09662522 1.1650645 ]",mean_absolute_error_optimizers.Adam-lr=0.002
0.01625459261238575,"[0.38540619 0.37827792 0.45926366 0.5238539  0.60177349 0.66188574
 0.76795947 0.7540963  0.83136427 0.88072821]","[0.32387605 0.41136139 0.54020762 0.6515861  0.76888132 0.8542806
 0.93710497 1.02271705 1.09238312 1.16168613]","[0.32387605 0.41136139 0.54020762 0.6515861  0.76888132 0.8542806
 0.93710497 1.02271705 1.09238312 1.16168613]",mean_absolute_error_optimizers.Adam-lr=0.002
0.016289436548948287,"[0.38914684 0.32356982 0.39280899 0.50935299 0.57323955 0.631031
 0.68267153 0.77795795 0.83358806 0.90092859]","[0.32539456 0.40888949 0.53808182 0.65337365 0.77474114 0.86083491
 0.94662509 1.03409935 1.1038738  1.16979517]","[0.32539456 0.40888949 0.53808182 0.65337365 0.77474114 0.86083491
 0.94662509 1.03409935 1.1038738  1.16979517]",mean_absolute_error_optimizers.Adam-lr=0.002
0.016148031562566757,"[0.46910231 0.53890755 0.54427804 0.61731813 0.68855496 0.73562229
 0.77552358 0.84043704 0.85439435 0.89376542]","[0.31709129 0.40036146 0.53201632 0.64868713 0.76933322 0.85816722
 0.9445407  1.03104517 1.09949659 1.16888395]","[0.31709129 0.40036146 0.53201632 0.64868713 0.76933322 0.85816722
 0.9445407  1.03104517 1.09949659 1.16888395]",mean_absolute_error_optimizers.Adam-lr=0.002
0.016126119777560233,"[0.2971282  0.3641012  0.38866486 0.47882899 0.57477408 0.65079121
 0.71285617 0.76831628 0.82602859 0.88041816]","[0.33122888 0.41431054 0.54392772 0.66008457 0.78298497 0.87334355
 0.9612132  1.05018072 1.12301559 1.19243679]","[0.33122888 0.41431054 0.54392772 0.66008457 0.78298497 0.87334355
 0.9612132  1.05018072 1.12301559 1.19243679]",mean_absolute_error_optimizers.Adam-lr=0.002
0.015943727711836497,"[0.26682554 0.33766852 0.43418984 0.49678448 0.58822426 0.72313422
 0.70369599 0.74480947 0.78642255 0.8540378 ]","[0.3204143  0.40290051 0.53119837 0.64622525 0.76765523 0.85351641
 0.94259123 1.02913491 1.09821832 1.16743681]","[0.3204143  0.40290051 0.53119837 0.64622525 0.76765523 0.85351641
 0.94259123 1.02913491 1.09821832 1.16743681]",mean_absolute_error_optimizers.Adam-lr=0.002
0.016241956755518913,"[0.21779179 0.27357493 0.33074496 0.43685085 0.49243655 0.5424354
 0.60385571 0.64015977 0.65559421 0.70370078]","[0.31796519 0.40497631 0.53311784 0.6541256  0.77926424 0.86808799
 0.95626254 1.04731016 1.11827818 1.19101095]","[0.31796519 0.40497631 0.53311784 0.6541256  0.77926424 0.86808799
 0.95626254 1.04731016 1.11827818 1.19101095]",mean_absolute_error_optimizers.Adam-lr=0.002
0.015902978263795376,"[0.26524457 0.33034219 0.50247016 0.59549421 0.64818882 0.70161656
 0.82236153 0.79075449 0.83333452 0.87010071]","[0.32411702 0.4101868  0.53884207 0.65841652 0.78744941 0.88108452
 0.97097894 1.05978179 1.1295244  1.20037105]","[0.32411702 0.4101868  0.53884207 0.65841652 0.78744941 0.88108452
 0.97097894 1.05978179 1.1295244  1.20037105]",mean_absolute_error_optimizers.Adam-lr=0.002
0.01593077859779199,"[0.25708606 0.31075371 0.38645973 0.45667116 0.60685683 0.67770327
 0.7449706  0.79871249 0.84345182 0.94592188]","[0.30956337 0.39540211 0.52571387 0.64311609 0.76362882 0.85392621
 0.94142991 1.03015848 1.0999142  1.17129669]","[0.30956337 0.39540211 0.52571387 0.64311609 0.76362882 0.85392621
 0.94142991 1.03015848 1.0999142  1.17129669]",mean_absolute_error_optimizers.Adam-lr=0.002
0.01587108441442251,"[0.30985411 0.45156084 0.47645754 0.54774294 0.66013412 0.66477336
 0.69587455 0.73030747 0.77217564 0.82555299]","[0.33045715 0.41232356 0.53927751 0.66160497 0.78890063 0.88557323
 0.97814001 1.07187988 1.14618671 1.22035878]","[0.33045715 0.41232356 0.53927751 0.66160497 0.78890063 0.88557323
 0.97814001 1.07187988 1.14618671 1.22035878]",mean_absolute_error_optimizers.Adam-lr=0.002
0.015757374266783395,"[0.29197116 0.35166068 0.51525227 0.58037924 0.5280188  0.59419812
 0.6262579  0.68088158 0.7345911  0.94732371]","[0.32881495 0.4116293  0.53344795 0.6530106  0.78586591 0.88076962
 0.97058546 1.06136287 1.13816679 1.21455981]","[0.32881495 0.4116293  0.53344795 0.6530106  0.78586591 0.88076962
 0.97058546 1.06136287 1.13816679 1.21455981]",mean_absolute_error_optimizers.Adam-lr=0.002
0.015812588666876157,"[0.28712987 0.38135252 0.43742533 0.50358988 0.55722156 0.59219026
 0.64099279 0.66334409 0.71559224 0.75574415]","[0.33629177 0.41731049 0.53645632 0.65145724 0.7782379  0.86608379
 0.9538499  1.04088337 1.11045099 1.17959303]","[0.33629177 0.41731049 0.53645632 0.65145724 0.7782379  0.86608379
 0.9538499  1.04088337 1.11045099 1.17959303]",mean_absolute_error_optimizers.Adam-lr=0.002
0.015619361013174057,"[0.38709958 0.39235097 0.47780784 0.59480733 0.63196973 0.67896171
 0.69157246 0.76938351 0.75890837 0.80982695]","[0.33179748 0.41474526 0.54180962 0.66205247 0.79168836 0.88510223
 0.97561778 1.06637668 1.13802007 1.20773772]","[0.33179748 0.41474526 0.54180962 0.66205247 0.79168836 0.88510223
 0.97561778 1.06637668 1.13802007 1.20773772]",mean_absolute_error_optimizers.Adam-lr=0.002
0.015736894510686397,"[0.40069224 0.40835558 0.46847657 0.47234786 0.53132652 0.63803096
 0.68971332 0.68399354 0.74456109 0.78944931]","[0.32613142 0.41080892 0.5428034  0.67052159 0.79981964 0.89608982
 0.98997397 1.08593099 1.16468093 1.24275992]","[0.32613142 0.41080892 0.5428034  0.67052159 0.79981964 0.89608982
 0.98997397 1.08593099 1.16468093 1.24275992]",mean_absolute_error_optimizers.Adam-lr=0.002
0.01567689836025238,"[0.33087221 0.33386197 0.43176012 0.48902778 0.60160869 0.70378249
 0.79277151 0.828447   0.81907323 0.97055546]","[0.3251851  0.4076419  0.53423747 0.65234423 0.7802416  0.87271627
 0.96517133 1.05815883 1.13557509 1.21196459]","[0.3251851  0.4076419  0.53423747 0.65234423 0.7802416  0.87271627
 0.96517133 1.05815883 1.13557509 1.21196459]",mean_absolute_error_optimizers.Adam-lr=0.002
0.015555214355389277,"[0.35569534 0.41271092 0.50504623 0.58070116 0.64454522 0.65529778
 0.76540837 0.81242369 0.95248055 0.9558988 ]","[0.3224463  0.40618816 0.53738935 0.65839836 0.78457597 0.87409622
 0.96379619 1.04934205 1.1207098  1.19004099]","[0.3224463  0.40618816 0.53738935 0.65839836 0.78457597 0.87409622
 0.96379619 1.04934205 1.1207098  1.19004099]",mean_absolute_error_optimizers.Adam-lr=0.002
0.015560002033909162,"[0.4326231  0.45683267 0.53213788 0.58254598 0.64061774 0.73325028
 0.7844193  0.8337655  0.8792997  0.92510648]","[0.3385867  0.41853372 0.54335217 0.66737282 0.79975308 0.89442433
 0.9871351  1.07944064 1.15188096 1.23501958]","[0.3385867  0.41853372 0.54335217 0.66737282 0.79975308 0.89442433
 0.9871351  1.07944064 1.15188096 1.23501958]",mean_absolute_error_optimizers.Adam-lr=0.002
0.015559828110039234,"[0.33183901 0.37413713 0.39661546 0.45937064 0.50587393 0.57363856
 0.62792849 0.72042502 0.77350545 0.79057623]","[0.31885942 0.4006744  0.53170226 0.6509664  0.77627111 0.86717059
 0.96108442 1.04784741 1.13027422 1.20321708]","[0.31885942 0.4006744  0.53170226 0.6509664  0.77627111 0.86717059
 0.96108442 1.04784741 1.13027422 1.20321708]",mean_absolute_error_optimizers.Adam-lr=0.002
0.015599510798851648,"[0.38809553 0.31462842 0.37479623 0.44060592 0.56094636 0.57492233
 0.63124382 0.68270495 0.71813776 0.75640747]","[0.3313372  0.41490403 0.54021915 0.65671149 0.78429633 0.87916254
 0.97443126 1.06485773 1.13806695 1.21044868]","[0.3313372  0.41490403 0.54021915 0.65671149 0.78429633 0.87916254
 0.97443126 1.06485773 1.13806695 1.21044868]",mean_absolute_error_optimizers.Adam-lr=0.002
0.01537235120932261,"[0.61185759 0.52840275 0.58220487 0.66780836 0.7374933  0.72835066
 0.77077236 0.79716366 0.87562903 0.85999236]","[0.32887237 0.41033618 0.52892254 0.64673735 0.77737717 0.87046433
 0.96337946 1.05906858 1.13982075 1.2179915 ]","[0.32887237 0.41033618 0.52892254 0.64673735 0.77737717 0.87046433
 0.96337946 1.05906858 1.13982075 1.2179915 ]",mean_absolute_error_optimizers.Adam-lr=0.002
0.015307220749557019,"[0.56941042 0.61964613 0.62992352 0.64570636 0.65454082 0.76567947
 0.74962117 0.7723526  0.80465877 0.89790762]","[0.32537605 0.41070849 0.53237895 0.65396107 0.78459206 0.87488162
 0.96421631 1.05970798 1.13701407 1.21936901]","[0.32537605 0.41070849 0.53237895 0.65396107 0.78459206 0.87488162
 0.96421631 1.05970798 1.13701407 1.21936901]",mean_absolute_error_optimizers.Adam-lr=0.002
0.015313841228683789,"[0.27751708 0.3440374  0.41004423 0.46932865 0.52138205 0.50887545
 0.57007851 0.61394618 0.65265834 0.70161274]","[0.33060297 0.41466565 0.5388526  0.65724264 0.78560121 0.8812888
 0.97652498 1.07587278 1.15723545 1.23731779]","[0.33060297 0.41466565 0.5388526  0.65724264 0.78560121 0.8812888
 0.97652498 1.07587278 1.15723545 1.23731779]",mean_absolute_error_optimizers.Adam-lr=0.002
0.015241610909501711,"[0.35156869 0.52460648 0.52447388 0.68094761 0.72974568 0.74718006
 0.74483395 0.79582983 0.85139035 0.9137138 ]","[0.33289701 0.41238079 0.5412845  0.6619711  0.78763426 0.88687857
 0.98767177 1.09316826 1.18403884 1.27455435]","[0.33289701 0.41238079 0.5412845  0.6619711  0.78763426 0.88687857
 0.98767177 1.09316826 1.18403884 1.27455435]",mean_absolute_error_optimizers.Adam-lr=0.002
